"name","address","phone","website","profileUrl","isPremiumMember"
"F&D International Logistics","Valkenlaan 68, Antwerpen-Kapellen, Vlaanderen, B-2950","+3233048057","http://www.fdi-logistics.com/","https://www.freightnet.com/profile/261889.htm","Yes"
"FIRAT SHIPPING &TRADING SPRL","RUE DES FRANCS ARQUBUSIERS 31, VISE, LIEGE, 4600","0489826385","http://www.firatglobal.com/","https://www.freightnet.com/profile/232171.htm","Yes"
"Zeus.aero","Nieuwpoortsesteenweg 943, Ostend, Flanders, 8400","+3259460203","https://www.zeus.aero/","https://www.freightnet.com/profile/190197.htm","Yes"
"VIRA","kortrijksepoortstraat 257 bus 102 , Gent, belgium, 9000","","","https://www.freightnet.com/profile/253535.htm","No"
"OMNIFREIGHT BV","Belgium , Antwerp, Antwerp, Italielei 211","","","https://www.freightnet.com/profile/252724.htm","No"
"DIRCO EXPRESS CARGO","LOCAL 015, AVENUE DE LOUISE 65 , BRUXELLES, BELGIQUE, 1050","","","https://www.freightnet.com/profile/207451.htm","No"
"Libertas LLP nv","Frankrijklaan 29-31 , Poperinge, Belgium, 8970","","","https://www.freightnet.com/profile/171579.htm","No"
"IMS Shipping","Duboisstraat 39 , Antwerp, Antwerp, 2060","","","https://www.freightnet.com/profile/96428.htm","No"
"Umoja Worldwide Logistics Ltd ( Europe)","Machelen , Machelen, Belgique, 1830","","","https://www.freightnet.com/profile/236722.htm","No"
"Naz Bv","Haantjeslei  , 136, Antwerpen, Zuid, 2018","","","https://www.freightnet.com/profile/248465.htm","No"
"PRIORITY T.","Stefan cel Mare no.24 , ANTWERPEN, Belgium, 110002","","","https://www.freightnet.com/profile/135593.htm","No"
"LOGEX EU SRL","Boulevard Louis Mettewie 46/33 1080 Molenbeek-Saint-Jean , Brussels, Belgium, 1080","","","https://www.freightnet.com/profile/224898.htm","No"
"Braanker Worldwide B.V.","Nieuwland Parc 211 , Alblasserdam, Nederlands, 2952 DC","","","https://www.freightnet.com/profile/148216.htm","No"
"Idrissa bv","Maatsweg 12 , , Antwerp, 2060","","","https://www.freightnet.com/profile/195738.htm","No"
"Z-tra","Belegstraat , Antwerpen, Antwerpen, 2018","","","https://www.freightnet.com/profile/159683.htm","No"
"ULP Belgium bv","Schouwkensstraat 7 , Antwerpen, Antwerp, 2030","","","https://www.freightnet.com/profile/184443.htm","No"
"TMT Services","Wolvenstraat , ROOSDAAL, Vlaams Brabant, 1760","","","https://www.freightnet.com/profile/85846.htm","No"
"Excell Consulting & Export","Place du Marché 4 , Verviers, Liège, 4800","","","https://www.freightnet.com/profile/162344.htm","No"
"Air Time Critical - emergency air freight","BELGIUM - Brussels airport Zaventem - 706 Brucargo , cargo partner office, Machelen, Zaventem Airport, 1830","","","https://www.freightnet.com/profile/134897.htm","No"
"Romfracht SPRL","Rue Joseph Stevens 7 , Bruxelles, Belgium, 1000","","","https://www.freightnet.com/profile/154339.htm","No"
"foodcareplus","Sneeuwbeslaan 14 , Wilrijk, Antwerp, 2610","","","https://www.freightnet.com/profile/146562.htm","No"
"Cosmo Freight ®","rue es Sables 12/A Bt 202 , Brussels, Brussels, 1000","","","https://www.freightnet.com/profile/92270.htm","No"
"AANEST","PLUVIERSTRAAT 7 , ANTWERP, BELGIUM, 2050","","","https://www.freightnet.com/profile/56947.htm","No"
"World Freight Agencies NV","Rijnkaai 20 , , Antwerpen - Anvers, 2000","","","https://www.freightnet.com/profile/12499.htm","No"
"GCL OVERSEAS BVBA","STARRENHOFLAAN 43 / 01 , KAPELLEN, Antwerp, 2950","","","https://www.freightnet.com/profile/98383.htm","No"
"Astros","Noorderlaan 139 , , Antwerpen - Anvers, B-2000","","","https://www.freightnet.com/profile/387.htm","No"
"pavan flanders","westlaan 466/2 , roeselare, west vlaanderen, 8800","","","https://www.freightnet.com/profile/91674.htm","No"
"Remant Logistics NV","Oudeleeuwenrui 25 , Antwerpen, Antwerpen, 2000","","","https://www.freightnet.com/profile/253.htm","No"
"Hamann International NV","Molenbergstraat 10 , , Antwerpen - Anvers, B-2000","","","https://www.freightnet.com/profile/703.htm","No"
"Antrex Shipping n v","Verschansingstraat 54/13 , , Antwerpen - Anvers,","","","https://www.freightnet.com/profile/7754.htm","No"
"IMSHIP Comm.V.","Frankrijklei 24, Bus 4-A  , Vlaanderen, Antwerpen - Anvers, 2000","","","https://www.freightnet.com/profile/20366.htm","No"
"Finnakker Maritime","Franklin Rooseveltplaats 12 , Antwerpen, Belgium, 2060","","","https://www.freightnet.com/profile/118225.htm","No"
"aqualief cargo trade shipping","16 place A. Lemmens , bussels, belgium, 1070","","","https://www.freightnet.com/profile/90747.htm","No"
"ETS Abouzeid","Rue Heyvaert 102-104 , Brussels, Belgium, 1070","","","https://www.freightnet.com/profile/104532.htm","No"
"Animal Logistics Worldwide","Bedrijvenzone Machelen Cargo , Building 733 - 1st floor, Machelen, Belgium, 1830","","","https://www.freightnet.com/profile/109519.htm","No"
"Aviaflex Logistics","bldg 17 , Liege Airport, Grace -Hollogne, Belgium, 4460","","","https://www.freightnet.com/profile/96314.htm","No"
"Remant Globe NV","Oude Leeuwenrui 25-27 , , Antwerpen - Anvers, 2000","","","https://www.freightnet.com/profile/21690.htm","No"
"Sealiner N.V.","Noorderlaan 127 A , , Antwerpen - Anvers, B2030","","","https://www.freightnet.com/profile/10110.htm","No"
"A.F.L. nv (Allround Forwarding & Logistics)","Ankerrui 26/30 , Antwerp, Belgium, 2000","","","https://www.freightnet.com/profile/88176.htm","No"
"G. Dilissen & Zonen Int. Transports","Houtmolenstraat 59 , Overpelt, Limburg - Limbourg,","","","https://www.freightnet.com/profile/7902.htm","No"
"Intermas NV","Uitbreidingstraat 2 , Antwerpen, Belgium, 2600","","","https://www.freightnet.com/profile/101949.htm","No"
"CEGEC Logistics","Sint Katelijnevest 54 , , Antwerpen - Anvers, 2000","","","https://www.freightnet.com/profile/14733.htm","No"
"ESTRON-WATSON LOGISTICS BVBA","Boerendijk 27 , Ekeren, Antwerp, 2180","","","https://www.freightnet.com/profile/91311.htm","No"
"STOCCARGO SRL-STOCKCARGO International Shipping,Port Services & Transportation","Londanstraat 60 , , Antwerpen, 2000","","","https://www.freightnet.com/profile/59298.htm","No"
"GodeMar  BVBA","Italiaanse Hoevelaan 43 , Stabroek, Antwerpen - Anvers,","","","https://www.freightnet.com/profile/7213.htm","No"
"Integrated Logistics N.V.","Noorderlaan 31A , 2nd Floor, Antwerpen - Anvers, 2030","","","https://www.freightnet.com/profile/3231.htm","No"
"Maenhout","Zandvoordestraat 362 , Oostende, West Vlaanderen - Flandre Occidentale, B-8400","","","https://www.freightnet.com/profile/4758.htm","No"
"A J Veurink","Industrieweg 78 , Roeselare, West Vlaanderen - Flandre Occidentale,","","","https://www.freightnet.com/profile/8781.htm","No"
"FIRAT GLOBAL LOG.LTD.","RUE PIERRE 27 , LIEGE, BELGIUM, 4000","","","https://www.freightnet.com/profile/61634.htm","No"
"Middlegate Europe N.V.","Karveelstraat 16 , Zeebrugge, West Vlaanderen - Flandre Occidentale, 8380","","","https://www.freightnet.com/profile/1583.htm","No"
"Sawari International Corporation","Stijfselrui 36 , Rijnpoortbuilding, Antwerpen - Anvers, 2000","","","https://www.freightnet.com/profile/52539.htm","No"
"Polytra International Logistics","Keizerstraat 13 , , Antwerpen - Anvers, 2000","","","https://www.freightnet.com/profile/18313.htm","No"
"Global Delivery System","Route De L'etat 86 , , Antwerpen - Anvers, B-1380","","","https://www.freightnet.com/profile/303.htm","No"
"S.A.T. Sea-Air Transport N.V.","Bldg. 706 , Off. 7337 Brucargo, Brabant Wallon, 1931","","","https://www.freightnet.com/profile/679.htm","No"
"Soncotra Nv","Frankrijklaan 29-31 , Poperinge, West Vlaanderen - Flandre Occidentale, 8970","","","https://www.freightnet.com/profile/2563.htm","No"
"Tulpin Airmarketing","Torhoutsteenweg 624 , Oostende, West Vlaanderen - Flandre Occidentale, 8400","","","https://www.freightnet.com/profile/2966.htm","No"
"Global Logistics Norfram nv/sa","Brucargo bldg 747 , Zaventem, Vlaams Brabant - Brabant Flamand,","","","https://www.freightnet.com/profile/6933.htm","No"
"United Shipping Services Bvba","690 Boomsestweeg , Wilrick, Wilrijk, Antwerpen - Anvers, 2610","","","https://www.freightnet.com/profile/7311.htm","No"
"Transport Verlinden Peter bvba","Oostmalsesteenweg 185 , Rijkevorsel, Antwerpen - Anvers,","","","https://www.freightnet.com/profile/7493.htm","No"
"Wim Bosman Expeditiebedrijf","Nijverheidsstraat 54 F , Industrieterrein Den Doornaerd, Wommelgem, Antwerpen - Anvers,","","","https://www.freightnet.com/profile/7878.htm","No"
"LCA Liege Cargo Agency","Bldg 46 Hall Fret I , Grace-Hollogne, Liège - Luik,","","","https://www.freightnet.com/profile/8805.htm","No"
"Socar Shipping Company","64 rue Heyvaert , , Bruxelles - Brussel, 1070","","","https://www.freightnet.com/profile/12582.htm","No"
"Storex Africa Transit bvba","Brucargo Building 747 , Zaventem, Vlaams Brabant - Brabant Flamand, 1931","","","https://www.freightnet.com/profile/13391.htm","No"
"Tailormade Logistics","Skaldenstraat 60 , Haven 3620 N, Oost Vlaanderen - Flandre Orientale, 9042","","","https://www.freightnet.com/profile/14939.htm","No"
"Polytra International Logistics","Keizerstraat 13 , , Antwerpen - Anvers, 2000","","","https://www.freightnet.com/profile/18750.htm","No"
"Fast Transit Line","Noorderlaan 121 , , Antwerpen - Anvers, 2030","","","https://www.freightnet.com/profile/20321.htm","No"
"Mercury Express International","Rue Heyvaert 135 , , Bruxelles - Brussel, 1080","","","https://www.freightnet.com/profile/21750.htm","No"
"ABL","Noorderlaan 109 , , Antwerpen - Anvers, 2030","","","https://www.freightnet.com/profile/21957.htm","No"
"Polytra International Logistics","Potvlietlaan 7 , , Antwerpen - Anvers, 2600","","","https://www.freightnet.com/profile/22714.htm","No"
"United shipping services BVBA","Boomsestweenweg 690 , Wilrijk, Antwerpen - Anvers, 2610","","","https://www.freightnet.com/profile/52292.htm","No"