"name","address","phone","website","profileUrl","isPremiumMember"
"Antrand Solutions Brazil","R Ezequiel Mantoanelli, 375, Indaiatuba, SP, 13332756","5511 98326-8394","http://www.antrand.com.br/","https://www.freightnet.com/profile/141636.htm","Yes"
"Spring Logistic","Senador Nereu Ramos,352, Guabirotuba, Curitiba, Parana, 81510070","554132691625","http://www.springlogistic.com/","https://www.freightnet.com/profile/249542.htm","Yes"
"Phoenix  Logistica - Since 1992 - BRAZIL","Praca da Republica, 87 cj 84, cotacao@phoenixltda.com.br, Santos, Sao Paulo, 11013-010","+55 13 3232-5577","http://www.phoenixltda.com.br/en","https://www.freightnet.com/profile/7365.htm","Yes"
"JM LOGISTICA IMPORTAÇÃO E EXPORTAÇÃO","RUA ITAPURA, 1245, SAO PAULO, SP BRAZIL, 03310000","11974648003","http://www.jmlogistica.com.br/","https://www.freightnet.com/profile/259369.htm","Yes"
"A1 Logistics","Rua 700, 637, Centro, Balneario Camboriu, Santa Catarina, 88330620","+55 47 3048 1030","","https://www.freightnet.com/profile/225709.htm","Yes"
"Speak Logistics - NVOCC- Logistics Company in Brazil","contato@speaklogistics.com.br , Av. Paulista, 509, conj 1604, São Paulo, São Paulo, Brazil, 01311910","+55 11 3285 3329","https://speaklog.com.br/","https://www.freightnet.com/profile/146389.htm","Yes"
"BLUE LINE LOGISTICS","AV. MARCOS KONDER, 1207, SALA 113 , ITAJAI, SANTA CATARINA, 88301303","","","https://www.freightnet.com/profile/201127.htm","No"
"Last Logistica Internacional","AV ALFREDO IGNACIO NOGUEIRA PENIDO , São Jose dos Campos, São Paulo, Brazil, 12.246-000","","","https://www.freightnet.com/profile/263706.htm","No"
"THREE LOGISTICS INTL","R. AMADOR BUENO 181 , SANTOS, BRAZIL, 11013912","","","https://www.freightnet.com/profile/154301.htm","No"
"AMTrans Logistics","R. Laguna 157 , 201, Itajai, Santa Catarina, 88301-460","","","https://www.freightnet.com/profile/134651.htm","No"
"Sullog Freight Forward Agents","Rua Baronesa do Cerro Azul 2575 B , Paranaguá, Parana, 83206-225","","","https://www.freightnet.com/profile/230897.htm","No"
"Welt Shipping","Av. Nilo Bittencourt, 306 , Itajaí, Santa Catarina/Brazil, 88312400","","","https://www.freightnet.com/profile/247002.htm","No"
"Star Cargo Global e Logistica Ltda","AV ANTONIO ARTIOLI, 570 – ED: FLIMS – BLOCO: B1 – CJ 110    , CAMPINAS – SAO PAULO  – BRASIL, CAMPINAS - SAO PAULO - BRASIL, CEP: 13049-253","","","https://www.freightnet.com/profile/208067.htm","No"
"HAGUE LOG","R. SAMUEL HEUSI , 463 SL 207, ITAJAI, SANTA CATARINA, 88301320","","","https://www.freightnet.com/profile/220301.htm","No"
"Translink Transportes & Logistica Ltda","Rua Mauricio Oscar da Rocha e Silva, 287 , Jardim Palmares, Ribeirao Preto , Ribeirao Preto, Sao Paulo, Brazil, 14092-580","","","https://www.freightnet.com/profile/139894.htm","No"
"Fast Shipping","Rua Samuel Heusi, 579 , Sala 701, Itajaí, Santa Catarina, 88301-320","","","https://www.freightnet.com/profile/261061.htm","No"
"BRL","Av das nações Unidas , 14171, Sao Paulo, SP, 04794-000","","","https://www.freightnet.com/profile/182884.htm","No"
"Fast Shipping Brazil","Rua Samuel Heusi, 539, sala 701 - Itajaí SC , Itajaí, SC, 88301320","","","https://www.freightnet.com/profile/256977.htm","No"
"MARELO - Brazil","R. Adriano Pereira, 427 , Sala 03, Mogi das Cruzes, SP, 08750-177","","","https://www.freightnet.com/profile/167757.htm","No"
"Santos Global Logística Ltda","Rua Rio Grande do Norte, 75 - Cj. 33 , Santos, São Paulo, 11065-460","","","https://www.freightnet.com/profile/96334.htm","No"
"Blue Line Logistics","AV. MARCOS KONDER, 1207, SL 113 , BAIRRO CENTRO - ZIPCODE 88301303, ITAJAI, SANTA CATARINA, 88301303","","","https://www.freightnet.com/profile/150095.htm","No"
"AUSCORP - Freight Forwarding & Logistics","Operations in all ports and aiports in Brazil , Air freight, Sea freight, Trucking (inland), Customs Clearance,","","","https://www.freightnet.com/profile/13540.htm","No"
"CONTROL LOG SERVICE","RUA CARLOS LEAL EVANS 81 , JARDIM STA. FRANCISCA, Guarulhos, Sao Paulo, 07024020","","","https://www.freightnet.com/profile/119588.htm","No"
"LF COMEX","Rua Princesa Isabel de Bragança, 235 , Mogi das Cruzes, São Paulo, 08710-460","","","https://www.freightnet.com/profile/246977.htm","No"
"Power Cargo","Centro, Mogi das Cruzes - SP, 08710-420 , Mogi das Cruzes, Sao Paulo Brasil,","","","https://www.freightnet.com/profile/193646.htm","No"
"Windlog Logistics - Forwarder, Brazil","Av. Santa Catarina, 493 - Vila Santa Catarina, São Paulo - , São Paulo, Brazil, SP, 04635-000","","","https://www.freightnet.com/profile/236599.htm","No"
"FreteGlobal","AV PAULISTA, 1842 , TORRE NORTE, SAO PAULO, SÃO PAULO, 01310-945","","","https://www.freightnet.com/profile/233417.htm","No"
"AURUM FREIGHT INTERNATIONAL LTDA","RUA MEDITERRANEO 290 CONJUNTO 86 , SAO BERNARDO DO CAMPO, SAO PAULO / BRASIL, 09750-420","","","https://www.freightnet.com/profile/64477.htm","No"
"Portlink Logística Multimodal Ltda.","Avenida Ministro Victor Konder, 530 , Sala 02 - Bairro Fazenda, Itajaí, Santa Catarina, Brazil, 88301701","","","https://www.freightnet.com/profile/221059.htm","No"
"Fox Cargo do Brasil Ltda","Rua Cuiaba, 229 , Sao Paulo, Sao Paulo, 03183-000","","","https://www.freightnet.com/profile/105935.htm","No"
"M-OCEAN SHIPPING","Avenida Regente Feijo,944 sala 1506A  , SÃO PAULO, SÃO PAULO/BRASIL, 03342-000","","","https://www.freightnet.com/profile/244479.htm","No"
"Multicargo Container Service","Av Rio Branco, 45 , cj 1304, rio de janeiro, Rio de Janeiro [ BR-RJ ], 20090-004","","","https://www.freightnet.com/profile/244188.htm","No"
"Latin Carga Service do Brasil Ltda","Rua em Projeto G, Tabuleiros dos Martins, Maceio, AL , Maceio, Brazil, 57081-036","","","https://www.freightnet.com/profile/244077.htm","No"
"ZIP COMEX SERVICES","PERSIO DE QUEIROZ STREET, 165 - CJ 23 , SANTOS, SÃO PAULO/BRAZIL, 11015420","","","https://www.freightnet.com/profile/229441.htm","No"
"STATION CARGO","AVENIDA COPACANA 268 - CJ 402 , Alphaville, Barueri, Sao Paulo, 06472-001","","","https://www.freightnet.com/profile/194535.htm","No"
"Uniworld Solutions","R CAPITAO MARIANO 229 BL1 - 113 , CENTRO, Mogi das Cruzes, São Paulo, 08717050","","","https://www.freightnet.com/profile/229664.htm","No"
"LIBERTY LOGISTICS","RUA RUBENS HENRIQUE PICCHI, 311 , BLOCO 6-E-33, GUARULHOS, BRASIL, 07190023","","","https://www.freightnet.com/profile/184091.htm","No"
"Independent Broker","10, Americo Martins Street , Santos, São Paulo, 11055-030","","","https://www.freightnet.com/profile/149628.htm","No"
"Afianci Global Networking","Rua Dr. Montaury, 2090 - 5° floor, Exposição , Caxias do Sul, Rio Grande do Sul, 95020-190","","","https://www.freightnet.com/profile/234492.htm","No"
"Prompt Brazil Logistics","Rua Marques do Herval 1236 , Sala 301, São Leopoldo, Rio Grande do Sul, 93010200","","","https://www.freightnet.com/profile/86659.htm","No"
"SULNAV LOGISTICA LTDA","Rua Baronesa do Cerro Azul nr 2575 B  , Paranagua, Paraná BRASIL, 83206-225","","","https://www.freightnet.com/profile/187887.htm","No"
"Group LF Comex","RUA PRINCESA ISABEL DE BRANCA, 235 , Sala 401 - 4 ANDAR - CENTRO, Mogi das Cruzes, São Paulo, 08710-460","","","https://www.freightnet.com/profile/184762.htm","No"
"Avalon Unit - Brazil","Av. Presidente Wilson 165 - Sala 501 - Centro , Rio de Janeiro, Rio de Janeiro, 20.030-904","","","https://www.freightnet.com/profile/192699.htm","No"
"Fidas Brasil LTD","Av. Nove de Julho 5143 , office 82, Sao Paulo, SP, 01407-200","","","https://www.freightnet.com/profile/49652.htm","No"
"VGL LOG BRASIL","Av. Almirante Barroso 63 , sala 1917, Rio de Janeiro, Rio de Janeiro, 20031970","","","https://www.freightnet.com/profile/222944.htm","No"
"Multitrans Logistics Do Brasil Ltda.","Rua Vapabussu # 156 , Campo Belo, São Paulo, Sao Paulo, 04632-010","","","https://www.freightnet.com/profile/4363.htm","No"
"PDM LOGISTICA LTDA","RUA MAJOR SERTORIO 463 , CJ41, SAO PAULO, SP / BRAZIL, 01222001","","","https://www.freightnet.com/profile/168635.htm","No"
"GOLD COMEX LOGISTICA LTDA.","AVENIDA SENADOR FEIJO, NR. 686, SALA 1630  ZIP CODE: CEP 11015-501  DISTRICT:  BAIRRO: CENTRO  CITY: CIDADE:  SANTOS  STATE: ESTADO:  SAO PAULO  COUNTRY: BRASIL , Itajai, Santa catarina, 11015501","","","https://www.freightnet.com/profile/226844.htm","No"
"Cargofast Logistics do Brasil Ltda","Av Santa Catarina 1521 , sala 107 Vila Mascote, Sao Paulo, SP, 04378-300","","","https://www.freightnet.com/profile/60876.htm","No"
"ERICKLOG INTERNATIONAL","DARIO PEDERNEIRAS , 688, PORTO ALEGRE, R.S. / BRAZIL, 90630-090","","","https://www.freightnet.com/profile/212813.htm","No"
"Infinity Logístics do Brasil Ltda","Avenida Costa Machado, 291 - 83 A , Praia Grande, São Paulo, 11700650","","","https://www.freightnet.com/profile/223636.htm","No"
"TRISKEL BRAZIL EIRELI","Rua Vasconcelos Tavares, 18 , SALA 02, SANTOS, SAO PAULO, 11010110","","","https://www.freightnet.com/profile/154994.htm","No"
"Ever Shipping","Rua Servas de Maria Reparadora, 131 , São José, SC, 88117610","","","https://www.freightnet.com/profile/208576.htm","No"
"IBF Logistics","Rua Guaiao, 66 , cj 2008, Santos, Brazil, 11035260","","","https://www.freightnet.com/profile/182948.htm","No"
"Unilog - Universal Logistics Services Ltda","R Martin Afonso No 96 - Room 91/92 , Santos, Sao Paulo, 11010-060","","","https://www.freightnet.com/profile/20680.htm","No"
"Future Comex Ass. em Com. Ext. e Log. Ltda","Rua Pedro Stancato, 941 , Ch. Campos dos Amarais, Campinas, São Paulo, 13082-050","","","https://www.freightnet.com/profile/208646.htm","No"
"SMART SHIPPING","R. Marquês do Herval, 1236 - Centro, São Leopoldo - RS, 93020-190, Brazil , São Leopoldo, BRAZIL, 93020-190","","","https://www.freightnet.com/profile/212167.htm","No"
"Armeira Transports","Rua André Klenk, 120 , Curitiba, Curitiba, Paraná, 82620290","","","https://www.freightnet.com/profile/202944.htm","No"
"INBULC BRAZIL","Rua Manoel Felipe da Silva , 257, Porto Belo, Santa Catarina, 88210-000","","","https://www.freightnet.com/profile/119819.htm","No"
"FMX GLOBAL FREIGHT FORWARDERS LTDA","PRAÇA DA REPUBLICA 87 ROOM 83 , SANTOS -, SÃO PAULO - BRASIL, 11013922","","","https://www.freightnet.com/profile/198107.htm","No"
"JM LOGISTICA INTL. E DESP. ADUANEIROS","RUA ITAPURA,1245 - SOBRE LOJA  , TATUAPE - SP, SAO PAULO, BRAZIL, 03310000","","","https://www.freightnet.com/profile/195564.htm","No"
"Excommmerce Assessoria Internacional Ltda","Avenida Pedro II, 250 - 3 andar , São Cristovão, Rio de Janeiro, Rio de Janeiro, 20941-070","","","https://www.freightnet.com/profile/159803.htm","No"
"DC Logistics Brasil","Rua Camboriú, 590 , Fazenda, Itajaí, SC, 88301-451","","","https://www.freightnet.com/profile/193653.htm","No"
"Login Transport","Av. Gen. Mario  Tourinho,1733 , Room 805, Curitiba, Parana, 80740-000","","","https://www.freightnet.com/profile/43648.htm","No"
"LFX PRIME LOGISTIC BRAZIL","Avenida João Manoel, 600 , Aruja, Sao Paulo, 07400-610","","","https://www.freightnet.com/profile/167226.htm","No"
"Chanceller Logística Global","Av Hist. Rubens de Mendonça, n990 , sala 3B, Empire Center, Mato Grosso, 78008-000","","","https://www.freightnet.com/profile/98738.htm","No"
"Xmodal Tecnologia em Comércio Exterior","Av Jockei Club 374 , salas 1 e 2, Londrina, PR, 86067-000","","","https://www.freightnet.com/profile/160905.htm","No"
"Open Sea Logistic","Av. Ver. Narciso Yague Guimarães, 1145 - Office Tower - Room 712 , Jardim Armênia, Mogi das Cruzes, SAO PAULO/BRAZIL, 08780500","","","https://www.freightnet.com/profile/64695.htm","No"
"PANORAMA LOGISTICS BRAZIL","422 Street Major Sertorio - room 43 , non, SAO PAULO, SAO PAULO / BRAZIL, 01221-000","","","https://www.freightnet.com/profile/155596.htm","No"
"FOX Cargo do Brasil Eireli","Rua Cuiaba 229 , Sao Paulo, Sao Paulo, 03183-000","","","https://www.freightnet.com/profile/178486.htm","No"
"Control Log Service","Rua Rubens Henrique Picchi , 311, Guarulhos, SP, 07190023","","","https://www.freightnet.com/profile/128787.htm","No"
"DRS Management","Rio de Janeiro , Rio de Janeiro, Brazil, 20040004","","","https://www.freightnet.com/profile/173241.htm","No"
"HIS LOGISTIC | NVOCC | IATA | LOGISTIC COMPANY IN BRAZIL","Paulista Avenue, 2421 , Sala 11, Bela Vista, São Paulo, SP, CEP 01311-300","","","https://www.freightnet.com/profile/113328.htm","No"
"Leadership Freight do Brasil","Rua Barao de Maua, 450  , Sala 508 - Centro, Guarulhos, Sao Paulo, 07012-040","","","https://www.freightnet.com/profile/5458.htm","No"
"Braver","503, Rio Negro Al. | 24 Floor | Alphaville , Barueri, Sao Paulo, 06454000","","","https://www.freightnet.com/profile/174182.htm","No"
"New Smart Logistics","Rua Carlos Seara #590 , Vilá Operária, Itajaí, Santa Catarina, 88303200","","","https://www.freightnet.com/profile/130118.htm","No"
"Brasfreight Logistica e Serviços","Rua Alice Machado de Azevedo , São Vicente - SP, São Paulo, 11.355-020","","","https://www.freightnet.com/profile/140835.htm","No"
"CCS CARGO SHIP","Av. Fagundes Filho , , Sao Paulo, 04304-000","","","https://www.freightnet.com/profile/51528.htm","No"
"NEW SMART LOGISTICS TRANSPORTE INTERNACIONAL","CARLOS SEARA STREET, 590 , FAGUNDES FILHO AVENUE, 77. SAO PAULO, ITAJAI, SANTA CATARINA, 88303200","","","https://www.freightnet.com/profile/168868.htm","No"
"GLOBAL SHIPPING PARTNERS BRASIL","R Major Sertório 463, cj 41 , Vila Buarque, Sao Paulo, Sao Paulo, 05009-060","","","https://www.freightnet.com/profile/121207.htm","No"
"BRL Global","Av. das Nações Unidas, 14171 - 15° Floor , Rochaverá Marble Tower - Brooklin, Brooklin, Sao Paulo, 04794-000","","","https://www.freightnet.com/profile/21614.htm","No"
"STW Logistics","Martim Afonso 24, cj. 43, Centro , Santos, São Paulo, Brazil, 11010060","","","https://www.freightnet.com/profile/163267.htm","No"
"Atlas Consultoria","rod do sol numero, itaparica Vila Velha  , ed top business, Espirito Santo, 29124060","","","https://www.freightnet.com/profile/163123.htm","No"
"SYNDEX LOGISTICS","R. Domingos José Cabral, 43 - Fazenda, Itajaí - SC, 88301-260 , ITAJAI, Santa catarina, 88301-260","","","https://www.freightnet.com/profile/162896.htm","No"
"Horus Cargo Serv. Ltda","Rua Martim Afonso, 96 - Sala 71 , Santos, São Paulo / Brasil, 11010-060","","","https://www.freightnet.com/profile/162015.htm","No"
"RA LOGÍSTICA INTERNACIONAL","Wilson C Almeida , São Paulo, SP, 05135390","","","https://www.freightnet.com/profile/160504.htm","No"
"Conline","Itajahy Trade Center, Sala 1203 , Rua Samuel Heusi, 190, Itajaí, Santa Catarina, 88301-320","","","https://www.freightnet.com/profile/160432.htm","No"
"SIF do Brasil","Av. Paulista, 1471 - Cj. 1313/1314 , Sao Paulo, -SP-, CEP 01311-200","","","https://www.freightnet.com/profile/158753.htm","No"
"PHOENIX LOGISITCA","Praça da República, 87 CJ 84  , Centro  CEP 11013-010, SANTOS, SP/BRASIL, 11013010","","","https://www.freightnet.com/profile/151490.htm","No"
"Blue Shipping do Brasil LTDA","Alameda Santos, 1470 - Cj. 802 , Sao Paulo, Brazil, 01418903","","","https://www.freightnet.com/profile/148991.htm","No"
"Marco Polo Multimodal Ltda","R Henrique Lage, 2297, Pavimento Superior Santa Barbara , Criciuma, Santa Catarina/Brazil, 88804010","","","https://www.freightnet.com/profile/158156.htm","No"
"Ostional International Cargo","Avenida Paulista 1048 - cj. 72 , Sao Paulo, SP, 01310-100","","","https://www.freightnet.com/profile/157321.htm","No"
"NORGE PROJECTS LTDA","Rua Arandu, 205 CJ 701/702 , Sao Paulo, Brazil, 04562-030","","","https://www.freightnet.com/profile/155735.htm","No"
"FCA Log","Rua XV de Novembro, 46 , Santos, S?o Paulo, 11010150","","","https://www.freightnet.com/profile/155350.htm","No"
"Wolff Cargo Ltd","Rua: Demetrio P S Medeiros, 119 , Itajai, Santa Catarina, 88307-365","","","https://www.freightnet.com/profile/51079.htm","No"
"DBM CARGO","RUA AMADOR BUENO 333 , Suite 508, Santos, São Paulo, 11013-153","","","https://www.freightnet.com/profile/153912.htm","No"
"JANO LOGISTICA INTERNACIONAL LTDA","RUA MAJOR BASILIO, 491 - MOOCA - SÃO PAULO , RUA DOM PEDRO II, 54 - CENTRO - SANTOS, SAO PAULO, SAO PAULO, 03181010","","","https://www.freightnet.com/profile/153667.htm","No"
"Clipper Transportes Internacionais Ltda","Rua Rui Barbosa , 381  1st floor , Bela Vista, Sao Paulo, SP, 01326-010","","","https://www.freightnet.com/profile/151736.htm","No"
"DC Logistics Brasil","Rua Camboriú, 590 , Fazenda, Itajaí, Santa Catarina / Brazil, 88301-451","","","https://www.freightnet.com/profile/138088.htm","No"
"Blue Shipping do Brasil Ltda","Rua José Alexandre Buaiz, 300, Ed. Work Center, Sl. 1403 , Vitória, Espírito Santo, 29050-545","","","https://www.freightnet.com/profile/148957.htm","No"
"All Freight Logistics Services Ltda","Rua Francisco Tapajós,464 Cj 03 , , Sao Paulo, 04153-001","","","https://www.freightnet.com/profile/4211.htm","No"
"Freight Brazil","Lauro Muller , 955, Itajai, SC, 88550","","","https://www.freightnet.com/profile/148440.htm","No"
"Plus Logistics - Global Solution","Av. Conselheiro João Gaya, 1280 , Sala 09, Navegantes, Santa Catarina, 88375-000","","","https://www.freightnet.com/profile/147599.htm","No"
"DMF Logistcs do Brasil","Rua Borges de Medeiros, 274 / 201 , Santa Cruz do Sul, RS, 96810034","","","https://www.freightnet.com/profile/11947.htm","No"
"BRASGLOBAL Logistica e Transportes Internacionais Ltda.","Rua Dona Leopoldina 330 - sala 2 - Ipiranga , São Paulo, São Paulo / Brazil, 04278-040","","","https://www.freightnet.com/profile/146273.htm","No"
"BRASGLOBAL Logística e Transportes Internacionais Ltda.","Rua Dona Leopoldina, 330 - sala 2 - Ipiranga , SAO PAULO, SP, 04278-040","","","https://www.freightnet.com/profile/138815.htm","No"
"CORPORATE LOGISTICS DO BRASIL","RUA AMADOR BUENO 333 SUITE 1715 , SANTOS, SAO PAULO, 11013153","","","https://www.freightnet.com/profile/135643.htm","No"
"Suzan Brasil Logistica Ltda.","Rua Portugal Freixo, 242 , Ed. Imperial Office 8o. And Cj-81, Suzano, SP / Brazil, 08674-170","","","https://www.freightnet.com/profile/115103.htm","No"
"BLUE SHIPPING DO BRASIL LTDA","R. PROFESSOR ALMEIDA COUSIN, Nº 125 ENSEADA DO SUA VITORIA-ES , VITÓRIA, ESPIRITO SANTO, 29050-335","","","https://www.freightnet.com/profile/132758.htm","No"
"Vineyard  Logistics  International","Rua  Cunha Moreira, 65 , Santos, São Paulo, 11050-240","","","https://www.freightnet.com/profile/142585.htm","No"
"TFA Cargo Logistics","Avenida pedro lessa 1661 sala 26 , Santos, São Paulo (state) Brazil (country), 11025-003","","","https://www.freightnet.com/profile/143181.htm","No"
"Leader Logistics Ltda.","Rua Belo Horizonte nº 448  -  Bairro Boa Vista , Novo Hamburgo, Rio Grande do Sul, 93410-360","","","https://www.freightnet.com/profile/62196.htm","No"
"ATLAS COMÉRCIO EXTERIOR","Orozimbo nonato 102 nova lima  , Nova lima, Minas Gerais, 34000000","","","https://www.freightnet.com/profile/141482.htm","No"
"Brasfreight Logistica e  Serviços Ltda","Rua Alice Machado de Azevedo, 136 , Cidade Nautica, São Vicente, Sao Paulo, 11355020","","","https://www.freightnet.com/profile/6669.htm","No"
"World Global Logistics","Rua Dr. Rafael Sales, 145, sl. 44, Bonfim, Campinas, SP, CEP 13070-720 , Rua Isaura Claudio Lala, 152-A, Jardim Progresso, Santo Antonio de Posse, SP, CEP 13830-000, Campinas, São Paulo, Brasil, 13070-720","","","https://www.freightnet.com/profile/140502.htm","No"
"Lag International Cargo Ltda","Rua Soriano de Sousa, 189 , 10 andar sala 101, São Paulo, São Paulo, 03066020","","","https://www.freightnet.com/profile/139883.htm","No"
"Eternity Global Logistics","Rua Padre Anchieta, 2050 Room 306 , Curitiba, Parana, 80730-000","","","https://www.freightnet.com/profile/139783.htm","No"
"VIPIMPEX Freight Forwarder","Rua Padre Geronimo Cardim 282 , Sao Paulo, Sao Bernardo do Campo, 09810070","","","https://www.freightnet.com/profile/94806.htm","No"
"GRUPO BSB LOGISTICA LTDA","AV N.SRA DOS NAVEGANTES, 755 - SL 711 ENSEADA DO SUA  , ENSEADA DO SUA, VITORIA, ES, 29050335","","","https://www.freightnet.com/profile/137978.htm","No"
"Connection Cargo","Rua Padre Silveira Lobo, 722 – Sala 301 , Belo Horizonte, Minas Gerais, 31270740","","","https://www.freightnet.com/profile/137918.htm","No"
"Santana Freight and Logistics Ltda","Rua Bras Cubas, 3 , 7º floor - Room: 10, Santos, Sao Paulo, 11013161","","","https://www.freightnet.com/profile/109845.htm","No"
"WASA PROJECTS & LOGISTICS","Rua Maestro Cardim n°1293 cjto 93 , Sao Paulo, São Paulo/Brazil, 01323001","","","https://www.freightnet.com/profile/136056.htm","No"
"Axis Shipping World Cargo","AV ALVARES CABRAL 982 , BELO HORIZONTE, MG, 30170-001","","","https://www.freightnet.com/profile/136575.htm","No"
"New Trafic","R. Arizona, 1426 - cj. 32 , , Sao Paulo,","","","https://www.freightnet.com/profile/7118.htm","No"
"Blue Shipping do Brasil Ltda","Av. Nsa. Sra. dos Navegantes, 755 - Sl 711 - Enseada do Sua  , Vitoria, Brazil, 2905335","","","https://www.freightnet.com/profile/136243.htm","No"
"ARB CARGO GLOBAL LOGISTICA DO BRASIL LTDA","Av. Santa Catarina, 1521 , Edif. Mascote Offices - CJ. 208, Sao Paulo, 04378300","","","https://www.freightnet.com/profile/52082.htm","No"
"VIXEN LOGISTICA INTERNACIONAL LTDA.","AV. DO CAFE, 130 CJ 65 , SAO PAULO, SAO PAULO, 04311-000","","","https://www.freightnet.com/profile/93248.htm","No"
"Excom Assessoria Internacional","Rua Anfilófio de Carvalho, 29 / Cobertura - Centro , , Rio de Janeiro, 20030-901","","","https://www.freightnet.com/profile/6586.htm","No"
"D-LOG BRASIL OPERADOR LOGISTICO MULTIMODAL LTDA","RUA NOVA JERUSALEM 78 , TATUAPE, SAO PAULO, SAO PAULO/BRAZIL, 03410-000","","","https://www.freightnet.com/profile/133980.htm","No"
"Hevile Agenciamento de Cargas e Representação Ltda","Av. Eng. Domingos Ferreira, 4060 Sala 402 , Boa Viagem, Recife, Pernambuco, 51021-040","","","https://www.freightnet.com/profile/85422.htm","No"
"GRUPO MP Logistica","Cond. Ed. FK Convenience Offices , Porto Alegre, Rio Grande do Sul, 91340020","","","https://www.freightnet.com/profile/45480.htm","No"
"GRUPO CASCO","RUA LEONEL FRANCA, 471 , CURITIBA, PARANA, 81030-250","","","https://www.freightnet.com/profile/128380.htm","No"
"Grupo Casco","Rua Leonel Franca, 471 , Curitiba, Parana, 81030250","","","https://www.freightnet.com/profile/92184.htm","No"
"ACHIEVE INTERNATIONAL LOGISTIC","Rua Santana, 335 Conj. 85 , Mogi das Cruzes, Sao Paulo - Brazil, 08710610","","","https://www.freightnet.com/profile/113001.htm","No"
"Blue Shipping Do Brasil Ltda","Av. Nsa. Sra. dos Navegantes, 451 , Ed. Petro Towers Business, Cj. 1710 - 17o andar, Vitoria, Espirito Santo, 29050-420","","","https://www.freightnet.com/profile/3279.htm","No"
"Clipper Transportes Internacionais LDA","Rua Rui Barbosa Nr 381 , Bela Vista, Sao Paulo, 01326-010","","","https://www.freightnet.com/profile/9406.htm","No"
"KRG Logistica","Rua Tijucas, nr. 136 , Itajai, Santa Catarina / Brazil, 88301360","","","https://www.freightnet.com/profile/117845.htm","No"
"el shadai do brasil","rua joao bizarro da nave 551a , sao paulo, sp, 033351100","","","https://www.freightnet.com/profile/82082.htm","No"
"BAUER TRANS SERVICE","Rua Alvaro Rodrigues, 136 sala 02 , Sao Paulo, Sao Paulo, 04582-000","","","https://www.freightnet.com/profile/127298.htm","No"
"GLOBALWAY AGENCIAMENTO DE CARGAS LTDA","Av Jabaquara, 2819 cj 30 , , Sao Paulo, 04045-004","","","https://www.freightnet.com/profile/112807.htm","No"
"LAET COMEX","RUA VERGUEIRO, 1855 - CJ104 , SAO PAULO, SP, 04101-000","","","https://www.freightnet.com/profile/111649.htm","No"
"Premier Logistics Ltda","Av. Jequitáia, Nº 940 - Comércio , Salvador, Bahia, 40.460-120","","","https://www.freightnet.com/profile/56033.htm","No"
"Brasil Express Transp. Int.","Rua Do Rócio,423 Cjs.1503/4/5 São Paulo , Offices:gru ,vcp And Rio, , Sao Paulo, CEP 04552-000","","","https://www.freightnet.com/profile/5417.htm","No"
"Leadership Freight Ltda","Avenida Presidente Vargas , 633  Sala 1703  - Centro, Rio de Janeiro, 20071-004","","","https://www.freightnet.com/profile/5459.htm","No"
"INBULC BRAZIL","Av. Padre Claret, 121 sala 506 , Esteio, Rio Grande do Sul, 93280-260","","","https://www.freightnet.com/profile/119818.htm","No"
"BF Operadora Transporte Multimodal Ltda - BF Cargo","Street Bittencourt, 141 suite 85/86 - 8º floor , Santos, Sao Paulo,","","","https://www.freightnet.com/profile/6091.htm","No"
"Icon Logistics Agenciamento de cargas Ltda","Rua Tapés 508 - Jardim Aeroporto , São Paulo, SP, 04631-011","","","https://www.freightnet.com/profile/105144.htm","No"
"Carpo Logistics","Praca Barao do Rio Branco, 14 - conj 131 , Santos, SP, 11010-921","","","https://www.freightnet.com/profile/87582.htm","No"
"TPL PROVIDER ASSESSORIA EM COMERCIO EXTERIOR LTDA","RUA ANTONIO DE COUROS, 321 , VILA PALMEIRAS, SAO PAULO, BRAZIL, 02726-000","","","https://www.freightnet.com/profile/59691.htm","No"
"HAIDAR Transportes e Logística Ltda","Rua Muniz de Souza 865 , São Paulo, São Paulo, 01534 - 001","","","https://www.freightnet.com/profile/97268.htm","No"
"Budson Comercio Exterior","Rua Jose Matar nr 40 , 2 andar, Sao Jose dos Campos, S.P., 12245450","","","https://www.freightnet.com/profile/104438.htm","No"
"TPF Forwarding Network (Brazil)","Av.Paulista 1471, Cj. 1207/08/09 , São Paulo, Brasil, 01311-200","","","https://www.freightnet.com/profile/108468.htm","No"
"Sulnav  Logistica Ltda / Olivermar","Rua Nestor Victor 244 /1º , João Gualberto, Paranagua, Parana, 83203-540","","","https://www.freightnet.com/profile/10265.htm","No"
"Olivermar Shipping Company Ltda","Rua Nestor Victor Nr 244 , 1st Floor, Paranagua, Parana, 83203-540","","","https://www.freightnet.com/profile/54547.htm","No"
"STW Logistica em Comercio Exterior Ltda.","Rua Martim Afonso, 24, cj. 43, Centro , Santos, São Paulo, 11010060","","","https://www.freightnet.com/profile/114276.htm","No"
"Ventura Air freight","Av. Princesa D'oeste 1181 , Rua General Osorio, 1031, Campinas, Sao Paulo, 13026-903","","","https://www.freightnet.com/profile/24038.htm","No"
"ELO MULTIMODAL AGENCIAMENTO E LOGISTICA","AV. RIO BRANCO, 57 / 305 - CENTRO , RIO DE JANEIRO, RIO DE JANEIRO/BRAZIL, 20090-004","","","https://www.freightnet.com/profile/113129.htm","No"
"MSL Logistic","Henrique Eroles Avenue, 572 - Room 04 , Mogi das Cruzes, SP / Brazil, 08737590","","","https://www.freightnet.com/profile/90975.htm","No"
"Hraifa Logistica","Rua Joao Negrao 731, cj 701 , Curitiba, Parana, 80010-200","","","https://www.freightnet.com/profile/22882.htm","No"
"Wegh Assessoria Aduaneira Ltda","Rua Manoel De Paiva, 145 , , Sao Paulo, 04106-020","","","https://www.freightnet.com/profile/4413.htm","No"
"Quattri Transportes Internacionais Ltda.","Av. Rio Branco, 45 sala 1211, Parte - Centro , , Rio de Janeiro, 20090-003","","","https://www.freightnet.com/profile/22919.htm","No"
"DINPAC ASSESS & LOGIST EM COM EXTERIOR LTDA","Rua Gonçalves Dias , 29, Santos, SÃO PAULO / BRAZIL, 11010-160","","","https://www.freightnet.com/profile/104962.htm","No"
"AB International Freight Forwarder","R. Mairinque 145 - SL1 , , Sao Paulo, 04037-020","","","https://www.freightnet.com/profile/10068.htm","No"
"BF OPERADORA LOGISTICA MULTIMODAL LTDA","PCA REPUBLICA, 62 CJ 44 /45 / 46 , SANTOS, SAO PAULO / BRAZIL, 11013921","","","https://www.freightnet.com/profile/105823.htm","No"
"Talwin Transport Service do Brasil Ltda","Rua Santo Antonio, 43 - Ed. Center II , Sala 606, GUARULHOS, São Paulo, 07110150","","","https://www.freightnet.com/profile/63935.htm","No"
"CARGO  EXPRESS LOGISTICA LTDA","AVENIDA PRESIDENTE VARGAS 482 , AV PRESIDENTE VARGAS 482/220, Rio de Janeiro, 20071004","","","https://www.freightnet.com/profile/48170.htm","No"
"Conves Logistica Ltda","Av. Pedro Adams Filho 2050 , room 3, Novo Hamburgo, Rio Grande do Sul, 93320002","","","https://www.freightnet.com/profile/92633.htm","No"
"DE PAULA ASSESSORIA ADUANEIRA LTDA.","R. Continental, 1074 , São Paulo, São Paulo, 09726-412","","","https://www.freightnet.com/profile/102792.htm","No"
"Transportadora Rocha Ltda","Rua Gurupi, 204 , Torroes, Recife, Pernambuco, 50.640-480","","","https://www.freightnet.com/profile/19119.htm","No"
"New Trans Logistica Ltda","Av. José César de Oliveira, 181 Cj 106 , Vila Leopoldina, São Paulo, SP, 05317-000","","","https://www.freightnet.com/profile/6771.htm","No"
"TFA CARGO LOGISTICS","1661 Pedro Lessa Ave. room 26 , Santos, São Paulo, 11025-003","","","https://www.freightnet.com/profile/98333.htm","No"
"WMC Transporte e Logistica Internacional Ltda","RUA SALTO GRANDE, 55 , CAMPINAS, SÃO PAULO, 13040001","","","https://www.freightnet.com/profile/99091.htm","No"
"TWC - Transporto World Cargo","Rua Adalberto Ferraz, 149 sala 05 - Centro , Pouso Alegre, Brazil, 37550-000","","","https://www.freightnet.com/profile/96924.htm","No"
"GF Transportes & Representacoes Ltda","Rua Sao Jose, 1427 - Sala 01 , Santa Cruz do Sul, Rio Grande do Sul, 96810-460","","","https://www.freightnet.com/profile/21415.htm","No"
"SHIPCARGO","1400, Washington Soares , Fortaleza, Ceara/ Brazil, 60811341","","","https://www.freightnet.com/profile/84447.htm","No"
"Omega Global Cargo","Av.Rocha Pombo 2480 , P.O.Box 2020, Curitiba, Parana, 83010-260","","","https://www.freightnet.com/profile/1662.htm","No"
"Brazil Logistics Co., Ltd","Br 101, Km 118. , Itajaí, Brazil, 88302","","","https://www.freightnet.com/profile/92347.htm","No"
"MAP Logistics","Praca XV de Novembro, 153 , Sala 305, Florianopolis, Santa Catarina, 88010-400","","","https://www.freightnet.com/profile/16631.htm","No"
"APL Logistics - International Services - Brazil","Rua Machado Bitencourt, 190 , cj 301 - Vila Clementino, Sao Paulo, SP, 04044-000","","","https://www.freightnet.com/profile/91248.htm","No"
"Bon Voyage Shipping Ltda","Av. Ana Costa, NR 59  / Group 63, Gonzaga , Santos, Sao Paulo, 11060-001","","","https://www.freightnet.com/profile/22745.htm","No"
"Hevile Agenciamento De Cargas E Representacao Ltda","Av. Eng. Domingos Ferreira, 4060/402 , Recife, Pernambuco, 51021-040","","","https://www.freightnet.com/profile/22803.htm","No"
"Expert Log Agenciamento de Cargas Internacionais","Av. Candido de Abreu, 776 , sala 903 - 9 andar, Curitiba, Parana, 80530-000","","","https://www.freightnet.com/profile/90147.htm","No"
"GLOBAL STARKE LOGISTICS LTDA.","Rua Domingos de Santa Maria, 521 , Bairro Vila Guarani, São Paulo, SP, 04311-040","","","https://www.freightnet.com/profile/65120.htm","No"
"Onix Express Internacional Ltda","Rua Maestro Cardim, 343 , Bela Vista, Sao Paulo, 01323-000","","","https://www.freightnet.com/profile/234.htm","No"
"Navigator Cargo & Logistics Ltda","Av. Emílio Ribas, 191 , Guarulhos, Sao Paulo, 07020-010","","","https://www.freightnet.com/profile/17362.htm","No"
"Double Star Logisticos do Brasil Ltda","Av. Moema , 94 CJ. 44, Sao Paulo, CEP 04077-020","","","https://www.freightnet.com/profile/229.htm","No"
"SHIPLOG BRASIL AG. CARGAS E LOG. LTDA","AVENIDA AQUIDABAN 903 , CAMPINAS, BRAZIL, 13015210","","","https://www.freightnet.com/profile/59840.htm","No"
"V. Santos Cargo","Rua Guararema, 196 , São Paulo, São Paulo/ Brazil, 04136-030","","","https://www.freightnet.com/profile/85507.htm","No"
"EMITRADE CENTER","Rua Rocha Lima 371 , Fortaleza, Ceara, 60135000","","","https://www.freightnet.com/profile/85684.htm","No"
"Nautica Logistica Internacional","Centro empresarial Pereira Barreto 1395 - Vila Scapelli  , sala 102 , Santo André, São Paulo - Brazil, 09190-610","","","https://www.freightnet.com/profile/85728.htm","No"
"Willog Agency Service","Rua Dr. Carvalho de Mendonça Nr.238 - Room 43 , Santos, Sao Paulo, 11070-101","","","https://www.freightnet.com/profile/52854.htm","No"
"EXPERTNESS BRAZIL FREIGHT FORWARDING & CONSULTING LTDA","Rua dos Buritis, 128 - Bloco A - 1º andar - Sala 114-A , Pq. Jabaquara, Sao Paulo, 04321-902","","","https://www.freightnet.com/profile/24102.htm","No"
"Tristan Logistica Ltda","Rua Ribeiro de Lima 282 room 210 , Bom Retiro, Sao Paulo, 01122-000","","","https://www.freightnet.com/profile/51851.htm","No"
"Mexpro Astrum Logistica InternacionalLtda","Alameda Lorena 427 Cj 23 , Sao Paulo, SP   Brasil, 01424-000","","","https://www.freightnet.com/profile/64886.htm","No"
"AGHIS INTERNATIONAL LTDA","R. Vasconcelos Tavares, 19/cj. 13 , SANTOS, SAO PAULO, 11010110","","","https://www.freightnet.com/profile/58290.htm","No"
"usalog","antares street,123 , New York, NYK/USA, 00000000000","","","https://www.freightnet.com/profile/62935.htm","No"
"Mecken Golden Logistics","Rua Bertioga, 330 , Saude, Sao Paulo, 04141100","","","https://www.freightnet.com/profile/48168.htm","No"
"jd santos maritime","Rua assungi 332 , São Paulo, São Paulo, 04131-001","","","https://www.freightnet.com/profile/58153.htm","No"
"Konig Do Brasil Carga Internacional Ltda.","Avenida Moema, 1491 , , Sao Paulo, 04077-022","","","https://www.freightnet.com/profile/2284.htm","No"
"CWB LOGISTICS INTERNATIONAL","RUA EDUARDO KIRYLLA, 45 , CURITIBA, PARANA, 81770160","","","https://www.freightnet.com/profile/59205.htm","No"
"Fidas do Brasil","Alameda Santos 211 , Sao Paulo, Sao paulo, Brazil, 01419-000","","","https://www.freightnet.com/profile/55372.htm","No"
"Sea Line Group","Ipiranga AV. 344, 20th floor , 202 A, Sao Paulo, 01046-926","","","https://www.freightnet.com/profile/11959.htm","No"
"ALL WORLD GROUP","Rua Luso Brasileira, 4-44 SL 211/212 - Jd Estoril IV , Bauru, São Paulo / Brazil, 17016-230","","","https://www.freightnet.com/profile/54091.htm","No"
"Transpesa Della Volpe Ltda","Rua Omega, 40 , Itaquaquecetuba, Sao Paulo, 08588-630","","","https://www.freightnet.com/profile/57761.htm","No"
"Tuscor Lloyds Serviços Marítimos BR Ltda","Rua Itororó, 35 - Sala 42 , Santos, Sao Paulo, CEP 11010 - 071","","","https://www.freightnet.com/profile/9348.htm","No"
"Ams Transportes Intl Ltda","Av. São Francisco, 65 CJ 32 , Santos, Sao Paulo, 11011-201","","","https://www.freightnet.com/profile/21489.htm","No"
"QP Air Courier","Av. Beira Mar 406 grupo 1105 , Centro, Rio de Janeiro, 20021-060","","","https://www.freightnet.com/profile/10865.htm","No"
"PRIMUM FREIGHT INTERNATIONAL-PFI","AV PAULISTA, 807 15 ANDAR , SAO PAULO, SAO PAULO, 01311100","","","https://www.freightnet.com/profile/55676.htm","No"
"Mac Logistic  ITJ - SC","Rua Gil Stein Ferreira  100 , Sala 1201, Itajai, Santa Catarina,","","","https://www.freightnet.com/profile/7333.htm","No"
"leonardo","world internacional cargo  , esleo6@hotmail.com, Vitoria, Espirito Santo, 29010490","","","https://www.freightnet.com/profile/49990.htm","No"
"The Runtime Logistica","Rua Chaves Barcelos, 27 , Sala 604, Portalegre, Rio Grande do Sul, 90030-120","","","https://www.freightnet.com/profile/4781.htm","No"
"Geonexus Logistics","Rua Soldado Arlindo Sardanha, 32 Sala 73 , Guarulhos, Sao Paulo, 07090-151","","","https://www.freightnet.com/profile/21731.htm","No"
"KN Deicmar Transportes Internacionais Ltda.","Av. Brigadeiro Faria Lima, 2066 - 6 º Andar , , Sao Paulo, 01451-905","","","https://www.freightnet.com/profile/343.htm","No"
"Ace Tradeways Serv & Transp Ltda","Av. Princesa D'oeste , 1645 93-4a , Br.Páranapanema , 146 Bl A  Cj 94, Campinas, Sao Paulo, 13026-431","","","https://www.freightnet.com/profile/2319.htm","No"
"Intercarrier Transporte Internacional Ltda.","Rua Vergueiro, 2045 - Cj. 1303/1305 - Vila Mariana , , Sao Paulo, 04101-000","","","https://www.freightnet.com/profile/3169.htm","No"
"Sec Figueiredo Ltda","Rua Estela, 515 Bloco H Cj 31 , , Sao Paulo, 047100","","","https://www.freightnet.com/profile/3469.htm","No"
"Aboard Cargo-Sec Figueiredo","Rua Estela, 515 Bloco H Cj 31 , , Sao Paulo, 047100","","","https://www.freightnet.com/profile/3470.htm","No"
"Uniair Logistica Internacional Ltda","Rua Francisco Tapajos,464 Cj 03 , , Sao Paulo, 04153-001","","","https://www.freightnet.com/profile/4230.htm","No"
"Brazil All Ways Agenc. & Transp. Ltda.","Rua Do Comércio, 55 - Room 5 - Centro , , Sao Paulo, 11.010-141","","","https://www.freightnet.com/profile/4384.htm","No"
"Haidar Administradora De Comercio Exterior Ltda","Rua Muniz De Sousa, 865 , , Sao Paulo, 01534-001","","","https://www.freightnet.com/profile/4521.htm","No"
"Transcronos","Paulista Ave, 1159  3rd Floor R309 , , Sao Paulo, 01311-200","","","https://www.freightnet.com/profile/5083.htm","No"
"Gold Freight Ltda","Rodovia Helio Smith S/Nr  Edificio Teca Sala 4.02 , Guarulhos, Sao Paulo,","","","https://www.freightnet.com/profile/5460.htm","No"
"Lachmann Logística Ltda.","Al. Santos, 705 - 8º Floor - Cerqueira Cesar , , Sao Paulo,","","","https://www.freightnet.com/profile/5743.htm","No"
"Interoceanica Chartering & Logistic Ltda","Av. Marechal Camara, 160 - Room 703/704/705 , , Rio de Janeiro,","","","https://www.freightnet.com/profile/6112.htm","No"
"Veritas Agenciamento de Cargas Ltda","Rua Theodorico dos Santos, 526 , Paranagua, Parana,","","","https://www.freightnet.com/profile/6590.htm","No"
"BR LOG- BR Logistics Ltda.","Alameda dos Guatas, 429 - Mirandopolis , , Sao Paulo,","","","https://www.freightnet.com/profile/6622.htm","No"
"Intercarrier Logistica Ltda","Rua Vergueiro, 2045 - Cj. 1303/1305 , , Sao Paulo,","","","https://www.freightnet.com/profile/7212.htm","No"
"Sicex Despachos Aduaneiros LTDA.","Av. Pernambuco,775 , Bairro Navegantes, Portalegre, Rio Grande do Sul, 90240003","","","https://www.freightnet.com/profile/7449.htm","No"
"ACE Infinity Customs Clearance","Av. Itaberaba nº 1528 Conj 01 , , Sao Paulo,","","","https://www.freightnet.com/profile/7462.htm","No"
"Mecken Golden Logistics","Rua Bertioga, 330 , Saude, Terreo, Sao Paulo,","","","https://www.freightnet.com/profile/7743.htm","No"
"Unitrade Assessoria em Comercio Exterior","Rua : Dr. Cesar, 530 17. Floor , , Sao Paulo,","","","https://www.freightnet.com/profile/8552.htm","No"
"Lighthouse Logistic Services","74 Pico do Papagaio St , Penha, Sao Paulo, 03615-010","","","https://www.freightnet.com/profile/9898.htm","No"
"Transuno - Uno Transportes & Servicos Ltda","Avenida Brasil, 673/1 , Belo Horizonte, Minas Gerais, 30140-000","","","https://www.freightnet.com/profile/10308.htm","No"
"Alicam Serv. Aduaneiro e Ag. de Cargas Ltda","Av. Prof. Noe de Azevedo nº 208 - Cj. 83 , , Sao Paulo, 04117-000","","","https://www.freightnet.com/profile/10323.htm","No"
"Action Agenciamento de Cargas Ltda","Rua Laplace 74 , 2 Andar, Sao Paulo, 046222-000","","","https://www.freightnet.com/profile/10670.htm","No"
"Go-Trans International Logistics","Rua Dr. Faivre, # 750 - Room 502 , Centro, Curitiba, Parana, 80060-140","","","https://www.freightnet.com/profile/10724.htm","No"
"Go-Trans International Logistics","Rua Alexandre Dumas, 1562 - Room 63 , , Sao Paulo, 04717-004","","","https://www.freightnet.com/profile/10725.htm","No"
"Four Union Group","Rua Dora, 10 , Guarulhos, Sao Paulo, 07192-100","","","https://www.freightnet.com/profile/11061.htm","No"
"Transregional Shipping","Av.Jeronimo Monteiro , 1000/s-1218, Vitoria, Espirito Santo, 29014-900","","","https://www.freightnet.com/profile/11119.htm","No"
"Kol Transportes Ltda","Rua Pereira da Cunha, 107 , Sala 206A, Santa Cruz do Sul, Rio Grande do Sul, 96835-090","","","https://www.freightnet.com/profile/11167.htm","No"
"Uniship Transporte Internacional Ltda","Rua Marconi 94 6th floor , , Sao Paulo, 01047000","","","https://www.freightnet.com/profile/11382.htm","No"
"Clef Logistic Ltda","Rua da Quitanda 199 , Suite 609, Rio de Janeiro, 20091-005","","","https://www.freightnet.com/profile/12573.htm","No"
"SLT Soluções Logísticas de Transporte e Consultoria Ltda","Av Prof Lucas de Assunção, 177 , Butantã, Sao Paulo, 05561060","","","https://www.freightnet.com/profile/12625.htm","No"
"Allvix International Cargo Logistics","Av. Princesa Isabel, 574 , Vitoria, Espirito Santo, 29010360","","","https://www.freightnet.com/profile/12834.htm","No"
"Indaia Logistica Internacional Ltda","Al. dos Nhambiquaras 1518 , 10 andar, Sao Paulo, 04090-003","","","https://www.freightnet.com/profile/13086.htm","No"
"A & F Global Logistica e Transp. Intl.Ltda","Rua Americo Brasiliense, 1490 - 1° andar - Chacara Santo Antonio , Ed.Building Center, Sao Paulo, 04715-002","","","https://www.freightnet.com/profile/13371.htm","No"
"Gradual Logistica Ltda","General Camara Street nr 5, Rooms 1510/1511 , 15# Floor, Center, Santos, Sao Paulo, 11010121","","","https://www.freightnet.com/profile/14473.htm","No"
"Astec Navacon Brasil Ltda","av.sen.casemiro da rocha, 609 , room 32 - Pça da Arvore, Sao Paulo, 04047041","","","https://www.freightnet.com/profile/14590.htm","No"
"Translink Transportes e Logistica","Rua Olavo Bilac 759 , Ribeirao Preto, Sao Paulo, 14020020","","","https://www.freightnet.com/profile/14995.htm","No"
"Shiplog Brasil Agenciamento De Cargas E Logistica Ltda","R. Emilio Ribas, 174, 5 Andar , Cambui, Campinas, Sao Paulo, 13025140","","","https://www.freightnet.com/profile/16427.htm","No"
"Cacex - Consultoria e Assessoria em Comercio Exterior","AV. Penetração III 1618 , Japiim II, Manaus, Amazonas, 69076810","","","https://www.freightnet.com/profile/17760.htm","No"
"Best Comercio Exterior","Av. General Candido Costa , 65 / 1312, Bento Goncalves, Rio Grande do Sul, 95700-000","","","https://www.freightnet.com/profile/18101.htm","No"
"Ranur Agenciamento De Cargas E Transportes Ltda","Rua Gil Stein Ferreira, 357 - IV floor- room 403 Centro , Itajai, Santa Catarina, 88301-210","","","https://www.freightnet.com/profile/18334.htm","No"
"TMF Transportes Internacionais Ltda","Rua Jose Filipe da Silva, 211 , , Sao Paulo, 05372-040","","","https://www.freightnet.com/profile/18406.htm","No"
"Quick Shipper Transportes Internacionais Ltda","Rua Giacomo Torelli, 18 , , Sao Paulo, 02931-120","","","https://www.freightnet.com/profile/19299.htm","No"
"Now Logistics Ltda","Rua Ernesto Da Fontoura, 1479/401 , Port Alegre, Rio Grande do Sul, 90230-091","","","https://www.freightnet.com/profile/19504.htm","No"
"MPI Cargas Internacionais Ltda","Av Damiao Lins de Vasconcelos, 996 , sala 1, Guarulhos, Sao Paulo, 07181-070","","","https://www.freightnet.com/profile/19966.htm","No"
"Transpex Comissária de Despachos Ltda","Av. Visconde do Rio Branco , 183 - sala 12, Porto Alegre, Rio Grande do Sul, 90220231","","","https://www.freightnet.com/profile/19981.htm","No"
"RAF International Air Cargo","Av. Dep. Diomício Freitas, 03 , Florianopolis, Santa Catarina, 88047-400","","","https://www.freightnet.com/profile/20010.htm","No"
"JM Logística Internacional Ltda.","Rua. Visc.In´Haúma, 58 / 801 , , Rio de Janeiro, 20091-007","","","https://www.freightnet.com/profile/20599.htm","No"
"Americana Shipping Group Ltda","Ana Costa 222, Millenium Tower, Cj 82  , Santos, Sao Paulo, CEP 11060-000","","","https://www.freightnet.com/profile/20902.htm","No"
"All World Transportes Internacionais Ltda","Rua Adolfo D´Ávila, nº 11A, Anália Franco , , Sao Paulo, 03344-080","","","https://www.freightnet.com/profile/21133.htm","No"
"Hanseatic Logistica Nacional e Internacional","Av. São Camilo 412 , , Sao Paulo, 06709-150","","","https://www.freightnet.com/profile/21826.htm","No"
"GTS Cargo LLC","R. Jose maria LisAvenida rio branco , 45 - sala 2511, Rio de Janeiro, 01423-001","","","https://www.freightnet.com/profile/21837.htm","No"
"Agents' House","Rua Buenos Aires, 345, Sion , Belo Horizonte, Minas Gerais, 30315570","","","https://www.freightnet.com/profile/22130.htm","No"
"Overseas Brasil","Av. Iraí, 79 155A , , Sao Paulo, 04082-000","","","https://www.freightnet.com/profile/22292.htm","No"
"HANSEATIC Logistica Nacional e Intenacional Ltda.","Av. Sao Camilo, 412 - Conj. 22 , Granja Viana, Cotia, Sao Paulo, 06709-150","","","https://www.freightnet.com/profile/22479.htm","No"
"DM3 Transportes Internacionais Ltda","Rua Gil Stein Ferreira 357, SL 201 , 88301-210, Itajai, Santa Catarina, 88301-210","","","https://www.freightnet.com/profile/22776.htm","No"
"Infinity Logistics","Av. Paulista, 1765 Cj. 111 , Bela Vista, Sao Paulo, 0311-200","","","https://www.freightnet.com/profile/23008.htm","No"
"AG. TUR. E CARGAS AGUIAR LTDA.","R. VASCONCELOS TAVARES, 10 , Santos, Sao Paulo, 11010-100","","","https://www.freightnet.com/profile/23271.htm","No"
"KOL Logistica Ltda","Rua 7 de Setembro, 327 , Sala 404, Santa Cruz do Sul, Rio Grande do Sul, 96810-016","","","https://www.freightnet.com/profile/50067.htm","No"
"ACR TRADING IMPORTAÇÃO E EXPORTAÇÃO LTDA","Av. Sgto. da Aeronautica Plínio F. Gonça , Guarulhos, SP, 07181-100","","","https://www.freightnet.com/profile/107244.htm","No"
"NAVIGATORS DO BRASIL TRANSPORTES LTDA","RUA SILVIO BARBOSA, 298 - SALA 3 , GUARULHOS, BRASIL, 07111010","","","https://www.freightnet.com/profile/128788.htm","No"
"MDM Soluções em Logistica Integrada Limitada","Alameda Bom Pastor, 1816 , Barracão 3, Modulo 5 e 6, São José dos Pinhais, Paraná, 83015140","","","https://www.freightnet.com/profile/134172.htm","No"
"GoPrimeLog","Av. Guilherme Giorgi, 447 sl03 , Sao Paulo, SP, 03422000","","","https://www.freightnet.com/profile/239244.htm","No"