"name","address","phone","website","profileUrl","isPremiumMember"
"Shine Express GmbH","Cargo City Süd 567 B, Airport Frankfurt, Frankfurt am Main, Hessen, 60549","+4969247458590","http://www.shine-germany.de/","https://www.freightnet.com/profile/257350.htm","Yes"
"Forwarderworld GmbH","Gutenbergring 67a, Norderstedt, Germany, 22848","00494049200046","http://www.forwarderworld.net/","https://www.freightnet.com/profile/145276.htm","Yes"
"Corporate Service Munich GmbH","Muenchner Strasse 1c, BERGKIRCHEN, Germany, 85232","+49211361146501","https://www.csg-muc.com/","https://www.freightnet.com/profile/167360.htm","Yes"
"MARTIN Internationale Spedition GmbH","Westhafenstr. 1, Berlin, Germany, 13353","+4930921037360","https://martin-spedition.de/","https://www.freightnet.com/profile/265261.htm","Yes"
"GT-Global Transport Services GmbH","Mörfelderstrasse 111, Kelsterbach, Deutschland, 65451","061077633042","https://global-trans.de/","https://www.freightnet.com/profile/147167.htm","Yes"
"Con-Atik GmbH","Stickgraser Damm 85a, Delmenhorst, Deutschland, 27751","00491714835934","","https://www.freightnet.com/profile/255242.htm","Yes"
"B I S Beyoglu Internationale Spedition GmbH, Hamburg","Wendenstrasse 279, Hamburg, Germany, DE-20537","+ 49 (0) 40 - 88 14 52 37","http://www.bis-spedition.com/","https://www.freightnet.com/profile/98195.htm","Yes"
"Nyansapo shipping & procurement","haenflingstr. 7 - 9, muelheim, nrw, 45472","+49 208 43910955","http://www.nsplogistics.com/","https://www.freightnet.com/profile/139053.htm","Yes"
"Global Cargoflow GmbH","Willy-Brandt-Strasse 23 , Hamburg, Hamburg, 20457","","","https://www.freightnet.com/profile/266002.htm","No"
"Olizub","Falkenseer Chaussee , Falkenseer Chaussee 243, Berlin, Berlin, 13583","","","https://www.freightnet.com/profile/251588.htm","No"
"MCTBL INTERNATIONAL GMBH","Schnackenburgallee 45 D , Hamburg, Hamburg, 22525","","","https://www.freightnet.com/profile/262209.htm","No"
"M9 Logistics GmbH","Adolf Kolping Str 16 , München, Hessen, 80336","","","https://www.freightnet.com/profile/194057.htm","No"
"Emex Express | Frankfurt Airport, Germany","The Squaire 12 , Frankfurt airport, Frankfurt, Hessen, 60549","","","https://www.freightnet.com/profile/188798.htm","No"
"HMT Hansa Maritim Transport GmbH","Weidacher Str. 26 , Filderstadt, Baden-Wurttemberg, 70794","","","https://www.freightnet.com/profile/16380.htm","No"
"PLATTLOG GmbH","Cargo City Süd 568A , Frankfurt am Main, Hessen, 60549","","","https://www.freightnet.com/profile/250162.htm","No"
"Fastmoves Logistics","molyko , Mayors Street Buea, Buea, south west, 00237","","","https://www.freightnet.com/profile/253802.htm","No"
"B.L.A.S (Bremen Logistics and Shipping) GmbH","Bachstrasse , 65, Bremen, Bremen, 28199","","","https://www.freightnet.com/profile/185641.htm","No"
"Cargo Marketing Spedition GmbH","Nordendstrasse 14 , Moerfelden-Walldorf, Hessen, 64546","","","https://www.freightnet.com/profile/10934.htm","No"
"KSH GmbH","Einsteinstrasse 7 , Unterschleissheim, Bavaria, 85716","","","https://www.freightnet.com/profile/233688.htm","No"
"Barakaeast","Wipperfürther Str. 29-31 , Köln, Germany, 51103","","","https://www.freightnet.com/profile/249772.htm","No"
"GW Forwarding GmbH","Hofweg 77b , Hamburg, Hamburg, 22085","","","https://www.freightnet.com/profile/151687.htm","No"
"Magic Air Services GmbH","Cargo City Süd, Geb. 534 , Frankfurt, Germany, 60549","","","https://www.freightnet.com/profile/146191.htm","No"
"imi Solutions UG (haftungsbeschränkt)","Weg am Wehrholz 5 , Waldems, Germany, 65529","","","https://www.freightnet.com/profile/167388.htm","No"
"ABX DEUTSCHLAND GmbH","Camp-King Allee 1  , Obersell, GERMANY, 61440","","","https://www.freightnet.com/profile/239388.htm","No"
"Elbe-Gate Logistics GmbH","Wöhlerstr. 8A , Hamburg, Hamburg, 22113","","","https://www.freightnet.com/profile/221826.htm","No"
"Bantmann Trade & Consulting UG","Leopoldstr.10 , Essen, NRW, 45139","","","https://www.freightnet.com/profile/235084.htm","No"
"EXPRESS-CARGO e.K.","Ottensweide 19 , Hamburg, Hamburg, 21109","","","https://www.freightnet.com/profile/134919.htm","No"
"BIS BEYOGLU INTERNATIONALE SPEDITION GMBH","Wendenstraße 279 , HAMBURG, HAMBURG, 20537","","","https://www.freightnet.com/profile/135375.htm","No"
"Fairlogis Global Transport & Logistic Solution GmbH","Bahnhofsplatz 1 , Rüsselheim, Hessen, 65428","","","https://www.freightnet.com/profile/187683.htm","No"
"HLS Hanseatic Logistic Solutions Germany GmbH","Martinistr. 50 , Bremen, Bremen, 28195","","","https://www.freightnet.com/profile/201109.htm","No"
"Maritime Cargo Logistics GmbH","Mattentwiete 8 , , Hamburg, 20457","","","https://www.freightnet.com/profile/8666.htm","No"
"Haffki Spedition Gmbh","Fahrenhorster Strasse 15 , Bremen, 28279","","","https://www.freightnet.com/profile/2654.htm","No"
"Samawat GmbH","Martinistr. 62-66 , Bremen, Bremen, 28195","","","https://www.freightnet.com/profile/169302.htm","No"
"Magic Air Services GmbH","Frankfuer Airport , Cargo City South, Bldg 534, Frankfurt am Main, GERMANY, 65934","","","https://www.freightnet.com/profile/180333.htm","No"
"Mega-Log UG","Hochkamp 1b , Oststeinbek, Schleswig-Holstein, 22113","","","https://www.freightnet.com/profile/171097.htm","No"
"ALLSTA Spedition GmbH","Industriestrasse 37 , Bremen, Grmany, 28199","","","https://www.freightnet.com/profile/150055.htm","No"
"GR-SPED Internationale Spedition GmbH","Mittelweg 10 , Achim, Niedersachsen, 28832","","","https://www.freightnet.com/profile/11962.htm","No"
"Emans GmbH - overseas forwarding -","Bleichstr. 11 , Worms, Rheinland-Pfalz, 67547","","","https://www.freightnet.com/profile/161287.htm","No"
"Mega Umzüge e.K.","Sonnenallee 150D  , Berlin, Berlin, 12059","","","https://www.freightnet.com/profile/173401.htm","No"
"PARS Logistic GmbH","Sportallee 79 , , Hamburg, 22335","","","https://www.freightnet.com/profile/21336.htm","No"
"BJ FREIGHT LOGISTICS UG","Haulandsweg 2 B , Seevetal, Germany, 21220","","","https://www.freightnet.com/profile/140177.htm","No"
"Andreas Scholten GmbH Zoll- und Speditionskontor","Muenchener Strasse 37 , c/o Steuerkanzlei Bergmann, Duisburg, NRW, 47249","","","https://www.freightnet.com/profile/154603.htm","No"
"S & D Intl Transportation & Logistics Services GmbH","Bahnhof Str 17 , Nordendorf, Germany, 86695","","","https://www.freightnet.com/profile/108163.htm","No"
"von Benzon Shipping & Trading","Gnadenbergweg 23 , Hamburg, Germany, 22339","","","https://www.freightnet.com/profile/143524.htm","No"
"SBS Cargo-Logistik GmbH","Ziegeleiweg 11 , Schwerin, Mecklenburg-Vorpommern, 19057","","","https://www.freightnet.com/profile/47558.htm","No"
"Miles Binz Shipping GmbH & Co. KG","Marlowring , 19, Hamburg, Deutschland, 22525","","","https://www.freightnet.com/profile/140329.htm","No"
"sbc shipping & forwarding","Haenflingstr. 7 - 9 , Muelheim, Germany, 45472","","","https://www.freightnet.com/profile/94848.htm","No"
"Samskip  GmbH","Konsul-Smidt-Str. 82 , Überseestadt, Bremen, 28217","","","https://www.freightnet.com/profile/18250.htm","No"
"BATI Logistics GmbH","Nonnendamm 33 , Berlin, Germany, 13627","","","https://www.freightnet.com/profile/146066.htm","No"
"Austral Logistics GmbH","Gutenbergring 63 , Norderstedt, Schleswig-Holstein, 22848","","","https://www.freightnet.com/profile/5422.htm","No"
"Collyer Logistics (Europe) GmbH","Am Parallelhafen 12 , Duisburg, Nordrhein-Westfalen, 47059","","","https://www.freightnet.com/profile/7390.htm","No"
"Interglobal Shipping GmbH","Uhlandstr. 3 , Bremen, Bremen, D-28211","","","https://www.freightnet.com/profile/54164.htm","No"
"GLL Gefahrgut Ladungssicherung & Logistic GmbH","Ulzburger Str. , 42B, Hamburg, Deutschland, 22399","","","https://www.freightnet.com/profile/142872.htm","No"
"Avia Cargo GmbH","Headoffice Frankfurt Airport , Nordendstr. 76, Moerfelden-Walldorf, Germay, 64546","","","https://www.freightnet.com/profile/141714.htm","No"
"CMP CARGO UG","Nordendstrasse 82-84 , 64546 Mörfelden-Walldorf, Germany, 64546","","","https://www.freightnet.com/profile/107180.htm","No"
"Karp & Co. GmbH & Co. KG","Höhenstr. 83 , Düsseldorf, Germany, 40227","","","https://www.freightnet.com/profile/136379.htm","No"
"BERLINER BANK","NDL DEUTSCHE BANK PGK AG , berlin, berlin, 14195","","","https://www.freightnet.com/profile/137820.htm","No"
"Global Falcon Logistics GmbH & Co. KG","Im Taubental 8 , Neuss, Nordrhein-Westfalen, 41468","","","https://www.freightnet.com/profile/23131.htm","No"
"EW Logistics GmbH & Co.KG",". , Lütticher Str. 12, Troisdorf, Nordrhein-Westfalen, 53842","","","https://www.freightnet.com/profile/11543.htm","No"
"CIS LOGISTICS","Hermelinweg 6 , Magdeburg, Germany, 39120","","","https://www.freightnet.com/profile/135338.htm","No"
"FFI Freight Forwarding International Gmbh","Adenauerallee 10 , P. O. Box 104208, Hamburg, Hamburg, 20097","","","https://www.freightnet.com/profile/85317.htm","No"
"SBS Cargo-Logistik","Ziegeleiweg 11 , Schwerin, Mecklenburg-Vorpommern, 19057","","","https://www.freightnet.com/profile/363.htm","No"
"KCD Forwarding GmbH","Weg beim Jäger 218-222 , Hamburg, Germany, 22335","","","https://www.freightnet.com/profile/90223.htm","No"
"ALL AROUND COM  GMBH","POSTFACH 2440 , LANDAU, PFALZ, 76814","","","https://www.freightnet.com/profile/59081.htm","No"
"Air & Sea Logistics","Wilmersdorfer Strasse 52. Berlin 10627 , Wilmersdorfer Strasse, Berlin, 10627","","","https://www.freightnet.com/profile/132344.htm","No"
"TPF Forwarding Network (Germany)","Otto-Lilienthal-Str. 18 , Bremen, GERMANY, 28199","","","https://www.freightnet.com/profile/108525.htm","No"
"Go East  West Logistic and Trading Provider e.K.","Robert-Mayer-Str.36 , Reutlingen, Baden-Wurttemberg, 72760","","","https://www.freightnet.com/profile/22432.htm","No"
"NEC Shipping Company Ltd.","Obrernstr.76 , Bremen, Bremen, 28195","","","https://www.freightnet.com/profile/118205.htm","No"
"UTi Deutschland GmbH","Rahter Strasse 78-80 , Dusseldorf, Nordrhein-Westfalen, 40476","","","https://www.freightnet.com/profile/17608.htm","No"
"Hoelzer & Co.GmbH Logistic -since 1930-","PIEPERSTR.1-3 , BREMEN, Bremen, 28195","","","https://www.freightnet.com/profile/14282.htm","No"
"Maurice Ward GmbH","Cargo City Sued , Geb.639 B, Frankfurt am Main, Hessen, 60549","","","https://www.freightnet.com/profile/19586.htm","No"
"Hoelzer & Co. GmbH.","Pieperstr 1-3 , Bremen, BREMEN, 28195","","","https://www.freightnet.com/profile/96657.htm","No"
"Magic Air Services Gmbh","Cargo City Sued,geb.534 , Frankfurt Flughafen, Germany, 60549 FRANKFURT","","","https://www.freightnet.com/profile/3733.htm","No"
"Aspira Logistics GmbH","Pickhuben 2 , Hamburg, Germany, 20457","","","https://www.freightnet.com/profile/117587.htm","No"
"IPM-Shipping & Transport","Vollmersstrasse 38 , , Bremen, 28219","","","https://www.freightnet.com/profile/14479.htm","No"
"ARO Logistik GmbH","Willhoop 1-3 , Hamburg, Hamburg, 22453","","","https://www.freightnet.com/profile/62627.htm","No"
"Chandler Shipping","Mittelweg 55 , Hamburg, Germany, 20149","","","https://www.freightnet.com/profile/84440.htm","No"
"Fixemer Logistics GmbH","Auf Dem Elm 2 , Perleberg, Saarland, 66706","","","https://www.freightnet.com/profile/1124.htm","No"
"Interglobal Shipping Gmbh","Uhlandstr. 3 , Bremen, D-28211","","","https://www.freightnet.com/profile/3732.htm","No"
"CCS-Express GmbH (MUC)","Lilienthalstr. 8 , Hallbergmoos, Munich, Bavaria, 85399","","","https://www.freightnet.com/profile/306.htm","No"
"Atlant","Hansastraße 23 , Hamburg, Germany, 22083","","","https://www.freightnet.com/profile/113819.htm","No"
"GAC Internationale Spedition GMBH","Tilsiter Strasse 1 , , Bremen,","","","https://www.freightnet.com/profile/6319.htm","No"
"Translogistik International GmbH","Cargo City Sued, Bldg. 644 , Main Airport, Frankfurt am Main, Hessen, 60549","","","https://www.freightnet.com/profile/12829.htm","No"
"ALTAMAR Shipping & Forwarding GmbH","Berliner Allee 69 , Duesseldorf, NRW, 40212","","","https://www.freightnet.com/profile/99653.htm","No"
"CargoBOSS Spedition KG","Behringweg 12 , Friedrichshafen, Germany, 88048","","","https://www.freightnet.com/profile/91084.htm","No"
"MAX-Line International Projects & Logistics GmbH","Mühlendamm 66 , Hamburg, Hamburg, 22087","","","https://www.freightnet.com/profile/59066.htm","No"
"Baltic Short Sea Shipping GmbH","Ferdinandstr. 29-33  , , Hamburg,","","","https://www.freightnet.com/profile/17630.htm","No"
"Wagner oHG","Liebengrabenweg 82 , Amberg, Bayern, 92224","","","https://www.freightnet.com/profile/3205.htm","No"
"t.f.s.cargo Transport & Forwarding System","Airfreight - Terminal , Building 605/2, Stuttgart, Germany, 70629","","","https://www.freightnet.com/profile/104437.htm","No"
"Karl Gross Internationale Spedition Gmbh","Birkenstrasse 37 , , Bremen, 28195","","","https://www.freightnet.com/profile/1152.htm","No"
"Quick Cargo Service GmbH","Kurhessenstrasse 3 , Frankfurt am Main, Hessen,","","","https://www.freightnet.com/profile/6867.htm","No"
"Triple F Logistics GmbH","Schumacherwerder 1 , Hamburg, Germany, 20457","","","https://www.freightnet.com/profile/96697.htm","No"
"Esser Spedition Land- u. Seetransporte","Büllerweg 48 , Linnich, Nordrhein-Westfalen, 52441","","","https://www.freightnet.com/profile/23526.htm","No"
"AStrans Logistics GmbH","An der Knippenburg 38 , Bottrop, Nordrhein-Westfalen,","","","https://www.freightnet.com/profile/8955.htm","No"
"Seatrader Speditionsges. mbH","Arster Hemm 53 , , Bremen, D-28279","","","https://www.freightnet.com/profile/324.htm","No"
"TCA Globe Freight Logistic GmbH","AirCargoCenter ACC 610.2 , Flughafenrandstrasse, Stuttgart, Baden-Wurttemberg, 70629","","","https://www.freightnet.com/profile/10071.htm","No"
"Taklog Multicargo Spedition","Schaumberg Str. 8 , Hof, Bayern, 95032","","","https://www.freightnet.com/profile/10947.htm","No"
"Thermotraffic G.M.B.H.","Magdeburger Str. 6 , we Transport Temperature-Controlled, Hamburg, 20457","","","https://www.freightnet.com/profile/1053.htm","No"
"Transway Airfreight GmbH","Langer Kornweg 27-29 , Kelsterbach, Hessen, D-65451","","","https://www.freightnet.com/profile/1591.htm","No"
"Levantine Shipping & Forwarding Gmbh","Amsterdamer Str. 14 , Düsselsorf, Germany, 40474","","","https://www.freightnet.com/profile/4156.htm","No"
"Deutsche Post DHL","Charles-de-Gaulle-Str. 20 53113 Bonn, GERMANY , Bonn, Germany, 53113","","","https://www.freightnet.com/profile/60390.htm","No"
"PROFROST Speditionsgesellschaft mbH","Fanny-Zobel-Str. 9 , Berlin, Berlin, 12435","","","https://www.freightnet.com/profile/59486.htm","No"
"Transmode Overseas Transportges. mbH","Willy-Brandt-Platz 1 , , Bremen, 28215","","","https://www.freightnet.com/profile/16397.htm","No"
"SYSTEM CARGO GMBH","International Forwarder , Papenreye 51, Hamburg, Germany, 22453","","","https://www.freightnet.com/profile/53328.htm","No"
"Efkaship F. Knoop & Co.-Since 1936-","Hast. Heerstr. 61 , P.O.Box 104 104, Bremen, Bremen, 28041","","","https://www.freightnet.com/profile/3858.htm","No"
"Truck & Speditionsservice GmbH","Senator-Borttscheller-Str. 10 , Logistic Center Container Terminal, Bremerhaven, Bremen, 27568","","","https://www.freightnet.com/profile/22973.htm","No"
"Hellmann Worldwide Logistics GmbH & Co. KG","Elbestrasse , Osnabrueck, 49090","","","https://www.freightnet.com/profile/312.htm","No"
"Interglobal Shipping Gmbh","Lippeltstrasse 1/2ND FLOOR , , Hamburg, D-20097","","","https://www.freightnet.com/profile/3090.htm","No"
"Gateway Worldwide Heino Juschas GmbH","Industriestrasse 12 - 12a , , Bremen, 28199","","","https://www.freightnet.com/profile/20367.htm","No"
"M&M Militzer & Munch","Unterkotzauer Weg 47 , Hof, Bayern, 95028","","","https://www.freightnet.com/profile/317.htm","No"
"Seatrader Logistics","Carsten-Dressler-Str. 20 , , Berlin, 28279","","","https://www.freightnet.com/profile/9445.htm","No"
"SSL Internationale Spedition Gmbh","Gotenstrasse 20 , Hamburg, Germany, 20097","","","https://www.freightnet.com/profile/14252.htm","No"
"HM Shipping+Logistics GmbH","Obernstrasse 62-66 , , Bremen, 28195","","","https://www.freightnet.com/profile/11726.htm","No"
"M2Logistik GmbH","Henleinstr. 1 , Markt Schwaben, Munchen, Bayern, 85570","","","https://www.freightnet.com/profile/50178.htm","No"
"Andree & Wilkerling Gmbh","Warburgstr 14 , Hamburg, D 20354","","","https://www.freightnet.com/profile/304.htm","No"
"SAWECO International Shipping GmbH","Reimerstwiete 11 , Hamburg, Hamburg, 20457","","","https://www.freightnet.com/profile/49193.htm","No"
"Multitrans AG","Fichtelgebirgsstrasse 19 , Feilitzsch-Zedtwitz, 95183","","","https://www.freightnet.com/profile/4418.htm","No"
"Conrad Beyerlein Internationale Spedition GmbH","Frankenwaldstraße 27-29 , Selbitz, 95152","","","https://www.freightnet.com/profile/307.htm","No"
"G.U.S. Sped. Intern.Spedition Gmbh","Nordendstr. 46 E , Berlin, D-13156","","","https://www.freightnet.com/profile/313.htm","No"
"Nelke Spedition Gmbh & Co. Kg","Europastr. 1 , Lehrte, Hannover, Niedersachsen, D-30827","","","https://www.freightnet.com/profile/321.htm","No"
"TKM Overseas Transport (Europe) GMBH","Main-Airport Cargo City South , Bldg. 558, Frankfurt am Main, Hessen, D-60549","","","https://www.freightnet.com/profile/326.htm","No"
"WM Spedition GmbH & Co. KG","Hindenburgstr. 19 , Bocholt, Nordrhein-Westfalen, D-46395","","","https://www.freightnet.com/profile/327.htm","No"
"Rega Cargo Agency","Dieselstrasse 17 D-64546 Moerfelden , Frankfurt am Main, Hessen, 64546","","","https://www.freightnet.com/profile/390.htm","No"
"Damco Sea + Air","Wanheimerstr. 61 , Dusseldorf, Nordrhein-Westfalen, 40472","","","https://www.freightnet.com/profile/674.htm","No"
"Eppstein Transport & Marketing","Hessenring 96 , Eppstein, Hessen, 65817","","","https://www.freightnet.com/profile/1156.htm","No"
"Main Transport Gmbh","Robert-Bosch Str. 17 , Munchen, Bayern, 85748","","","https://www.freightnet.com/profile/1397.htm","No"
"Pt Internationale Transporte Gmbh","Kirchbachstr. 219 , , Bremen, 28211","","","https://www.freightnet.com/profile/1427.htm","No"
"Draeger & Koch Transport Gmbh","Frachtgebäude A4 , Hannover, Niedersachsen, 30669","","","https://www.freightnet.com/profile/1536.htm","No"
"Loxx Logistics Gmbh","Emscherstr. 56 , Gelsenkirchen, Nordrhein-Westfalen, 45891","","","https://www.freightnet.com/profile/1565.htm","No"
"Uhlhorn Spedition","Rosenkranz 4 , , Bremen, 28217","","","https://www.freightnet.com/profile/1637.htm","No"
"Damco (Germany) GmbH","Am Weiher 6 , Frankfurt - Airport, 	Kelsterbach, Hessen, 65451","","","https://www.freightnet.com/profile/1803.htm","No"
"Jmco-Trans Germany","P.O.Box 230259, D-70622 Stuttgart , Hauffstrasse 27/2, D-73765 Neuhausen, Stuttgart, Baden-Wurttemberg, D-70622","","","https://www.freightnet.com/profile/2047.htm","No"
"Bertola Joseph Muenchen Gmbh","Puchheimer Strasse 15 , Groebenzell, Munchen, Bayern, 82194","","","https://www.freightnet.com/profile/2369.htm","No"
"3pl Online AG","Schirmerstr. 54 , Dusseldorf, Nordrhein-Westfalen, 40211","","","https://www.freightnet.com/profile/2795.htm","No"
"Messespedition","Blomestrasse 25 - 27 , Bielefeld, Nordrhein-Westfalen, 33609","","","https://www.freightnet.com/profile/3117.htm","No"
"Profi Air Services","Cargo City Sued, Geb.534 , Frankfurt Flughafen, Germany, 60549 FRANKFURT","","","https://www.freightnet.com/profile/3734.htm","No"
"F&O Interfreight GmbH","Zinglerstr. 70 , Ulm, Donau, Badenwürttemberg, 89077","","","https://www.freightnet.com/profile/3740.htm","No"
"Firma  Gita","Dillstrasse 5 , Oberursel, 61440","","","https://www.freightnet.com/profile/3771.htm","No"
"Cargo.Net International GmbH","Im Bröltal 89 , Hennef, Nordrhein-Westfalen,","","","https://www.freightnet.com/profile/6359.htm","No"
"Fides Spedition Gmbh","15 Varziner Strasse , , Berlin,","","","https://www.freightnet.com/profile/6592.htm","No"
"Stromps + Co. GmbH","Untergath 204 , Krefeld, Nordrhein-Westfalen, 47805","","","https://www.freightnet.com/profile/6603.htm","No"
"Eurabel International Logistics GmbH","Gotenstr. 10 , , Hamburg,","","","https://www.freightnet.com/profile/6640.htm","No"
"CCL Transport GmbH","Dienerreihe 2 , , Hamburg,","","","https://www.freightnet.com/profile/6920.htm","No"
"Klassen Logistics GmbH","Jeersdorfer Weg 22 , Rotenburg, Niedersachsen,","","","https://www.freightnet.com/profile/7021.htm","No"
"Friedrich Dümmen GmbH & CO KG","Spedition und Lagerung , Rheinbabenstr. 8, Wesel, Nordrhein-Westfalen,","","","https://www.freightnet.com/profile/8325.htm","No"
"Norfolkline AB","Postfach 3317 , Steinbrückerstrasse 2-4, Lubeck, Schleswig-Holstein, 23582","","","https://www.freightnet.com/profile/9710.htm","No"
"CES Cargo Express Systems GmbH","Jakobistr. 20 , , Bremen, 28215","","","https://www.freightnet.com/profile/11339.htm","No"
"Mark VII International GmbH","Jakobistr. 20 , , Bremen, 28215","","","https://www.freightnet.com/profile/11340.htm","No"
"Tan Internationale Spedition & Logistik GmbH","Düsseldorfer Strasse 186 , Neuss, Nordrhein-Westfalen, 41460","","","https://www.freightnet.com/profile/12571.htm","No"
"Eastlog-Trading OHG","Blücherstr 14a , Ulm, Baden-Wurttemberg, 89077","","","https://www.freightnet.com/profile/17032.htm","No"
"Morpheus Logistics GmbH","Obernstrasse 14 , , Bremen, 28195","","","https://www.freightnet.com/profile/17060.htm","No"
"FA & Logistik GmbH","Industriestr. 10-14 , Nurnberg, Bayern, 90439","","","https://www.freightnet.com/profile/18970.htm","No"
"Menian Spedition AG","Frankfurt Airport , Am Zollstock 12-14, Moerfelden-Walldorf, Hessen, 64546","","","https://www.freightnet.com/profile/19996.htm","No"
"TLS International GmbH","Fasanenweg 8 , Kelsterbach, Frankfurt am Main, Hessen, 65451","","","https://www.freightnet.com/profile/20230.htm","No"
"Neuermann Logistics","Bahnhof 204 , , Berlin, 12307","","","https://www.freightnet.com/profile/21849.htm","No"
"medo store","Legiendamm 2 , Berlin, de, 10179","","","https://www.freightnet.com/profile/46944.htm","No"
"Freight Systems Co. L.L.C","Deichstr. 17, Level 4+5 , , Hamburg, D-20459","","","https://www.freightnet.com/profile/23706.htm","No"
"Contrans Logistik GmbH","Dratelnstrasse 20 , Hamburg, ., 21109","","","https://www.freightnet.com/profile/57619.htm","No"
"Skyper Logistics GmbH","Mainzer Landstraße 225-227 , Frankfurt am Main, Hessen, 60326","","","https://www.freightnet.com/profile/118980.htm","No"