"name","address","phone","website","profileUrl","isPremiumMember"
"interfacelogistics@gmail.com","14-1-260 Sitarambagh , Near Aghapura, Hyderabad, Telangana, 500001","","","https://www.freightnet.com/profile/259658.htm","No"
"Fresh xpress INC","2032 N Wainwright Ct , palatine, IL, 60074","","","https://www.freightnet.com/profile/257978.htm","No"
"First Connect Worldwide","24 commerce Dr #434 , Newark, New Jessey, 07102","","","https://www.freightnet.com/profile/257518.htm","No"
"Armstrong Transport Group","1120 S Tryon , Suite 500, Charlotte, NC, 28203","","","https://www.freightnet.com/profile/256536.htm","No"
"FREIGHT CONNECT PVT LTD                       DIVISION OF FREIGHT CONNECT DOOR TO DOOR LLC, USA","18/80 railway station road, Alandur, chennai, Tamilnadu/india, 600016","","","https://www.freightnet.com/profile/228766.htm","No"
"Coral mars Oceanway logistics","Room No.2 TM complex  , Zion nagar Pudukkottai, TUTICORIN, Tamilnadu, 628103","","","https://www.freightnet.com/profile/246782.htm","No"
"Allegiance Logistics (P) Ltd.,","306,3rd Floor,  Atlantic Plaza, Mayur Vihar, Phase-1, Extension, New Delhi, india, 110091","","","https://www.freightnet.com/profile/93082.htm","No"
"perfect courier and cargo service","shop no 1B mathura road  , sector 59 village jharsently, Ballabgarh Faridabad, Haryana India, 121004","","","https://www.freightnet.com/profile/229699.htm","No"
"INTECH Creative Services Pvt. Ltd.","Sakinaka Office  , Gadhinagar Office, Mumbai, india, 400708","","","https://www.freightnet.com/profile/229189.htm","No"
"Eternity Solutions LLC","308 W 10th St. , Deer Park, New York, United States, 11729","","","https://www.freightnet.com/profile/222904.htm","No"
"BACS LOGISTICS","BAPROLA VILLAGE , NAJAFGSD NANGLOI ROAD, NAJAFGAD, DELHI, 110043","","","https://www.freightnet.com/profile/172427.htm","No"
"Moonland Logistics","no. 255, Thambu Chetty st  , parrys, chennai, tamilnadu, 600001","","","https://www.freightnet.com/profile/159664.htm","No"
"Sai Navigation Company","10/A-502, Rohini CHS Ltd., Shastri Nagar, Goregaon, West, Mumbai, Maharashtra/India, 400104","","","https://www.freightnet.com/profile/93643.htm","No"