"name","address","phone","website","profileUrl","isPremiumMember"
"CHANCHAL CARGO INDIA PVT LTD","D /14 /105, CHITTARANJAN NAGAR V  , RAJAWADI, NEAR ONGC COLONY VIDHYAVIHAR EAST, MUMBAI, INDIA, 400077","","","https://www.freightnet.com/profile/181381.htm","No"
"Courier24x7","10/307, DDA Flats, Kalkaji,, New Delhi, Delhi, 110019","","","https://www.freightnet.com/profile/258716.htm","No"
"HINDEX LOGISTICS PVT LTD","INDIRA NAGAR , BANGLORE NORTH, BANGLORE, INDIA, 560038","","","https://www.freightnet.com/profile/224934.htm","No"
"Sarr Shipping And Logistics","H No 1203, Gali No 6, Mahipalpur, Near Hotel Om Paradise, New Delhi, Delhi, 110037","","","https://www.freightnet.com/profile/252119.htm","No"
"Shipdelight Logistics Technologies Pvt Ltd","402, Town Centre, 2, Andheri - Kurla Rd,  opposite Times Square Building, Mittal Industrial Estate, Marol, Andheri East, Mumbai, Maharashtra, 400059","","","https://www.freightnet.com/profile/250054.htm","No"
"2cloudglobal courier & cargo services","SN building , vizhinjam opposite sea port, neyatinkara, kerala, 695521","","","https://www.freightnet.com/profile/249921.htm","No"
"Airborne International Courier Services","309 Apollo Complex, R.K. Singh Marg, Parsi Panchayat Road, Old Nagardas Road, Mumbai, Maharashtra, 400069","","","https://www.freightnet.com/profile/133879.htm","No"
"Unique Air Express","130, Siddhivinayak Apartment , Shaniwar Peth, Pune, Maharashtra, 411030","","","https://www.freightnet.com/profile/143382.htm","No"
"Pranav vyas","8 chitrakute Society  , Nr Bharat Mata society, Ahmedabad, Gujarat, 382445","","","https://www.freightnet.com/profile/229950.htm","No"
"Perfekt Relocation &a Logistic Service","D-1/40 , Mayday cross road 3, Mumbai, Maharashtra/ India, 400101","","","https://www.freightnet.com/profile/213128.htm","No"
"Fly Bird International Couriers","Door no : 4/60/4/1 , Lawson's bay colony, Visakhapatnam, Andhrapradesh, 530017","","","https://www.freightnet.com/profile/226457.htm","No"
"Mondaymail Delivery Network Pvt. Ltd.","719A Unitech Arcedia , South City 2, Gurgaon, Haryana/ India, 121820","","","https://www.freightnet.com/profile/225055.htm","No"
"Hansraj Logistics Pvt Ltd","office No 123, Grohitam Premises Society Ltd, APMC Sector-19, Vashi, Navi Mumbai, Maharashtra/India, 400705","","","https://www.freightnet.com/profile/169321.htm","No"
"PS Logistics","Flat#301,Bldg No.145,Sunchan towers, 5th cross, Annasandrapalya, Bangalore, Karnataka/India, 560017","","","https://www.freightnet.com/profile/142323.htm","No"
"Sar Transport Systems Private Ltd.","504, Mansarowar 90,  Nehru place , New Delhi, Delhi, new Delhi, 110019","","","https://www.freightnet.com/profile/42588.htm","No"
"Friends enterprises courior service","Sandhu markeet , Opp delhi bakery, Faridkot, Punjab, 151203","","","https://www.freightnet.com/profile/217607.htm","No"
"S M GLOBAL LOGISTICS","201 A WING , BHAIRAVNATH COMPLEX, VIJAY NAGAR , URAN, Maharashtra, 400702","","","https://www.freightnet.com/profile/181733.htm","No"
"Quadsen Cargo","Calvary Road , Opposite Calvary social centre, Thrissur, Kerala, 680004","","","https://www.freightnet.com/profile/211033.htm","No"
"United Express","G-12, Sai Prasad Building, Street No. 7 , M.I.D.C., MUMBAI, maharastra, 400093","","","https://www.freightnet.com/profile/206812.htm","No"
"Airborne International Courier Services","309, Apollo Complex, R.K. Singh Marg,  Near Sona Udyog, Parsi Panchayat, Old Nagardas Road, Andheri East, Mumbai, Maharshtra, 400069","","","https://www.freightnet.com/profile/109000.htm","No"
"Portoloova freight solutions llp","A203 RK house near induben khakhrawala , Navrangpura ahmedabad, Ahmedabad, Gujarat, 380013","","","https://www.freightnet.com/profile/196584.htm","No"
"Kanishka Logistics Delhi","151 BLOCK HR , PUL PEHLADPUR (OKHLA), NEW DELHI, INDIA, 110044","","","https://www.freightnet.com/profile/181948.htm","No"
"ATLAS DE CARGO T/A ATLAS SHIPPING SERVICES (P) LTD","a3/4a, uttam nagar delhi , dall mill road, delhi, State, 110059","","","https://www.freightnet.com/profile/193484.htm","No"
"Arna International","18 Vrundavan Vihar , S P Ring Road Vastral, Ahmedabad, Gujarat, 382418","","","https://www.freightnet.com/profile/145962.htm","No"
"BS Packers Movers","Shop No 2, Ground Floor, Hanuman Market Opp. Police Fire Station , Harola, Noida, Uttar Pradesh, 201301","","","https://www.freightnet.com/profile/183983.htm","No"
"Noida Home Packers Movers","Noida Movers Group, S.No. 258, In front Of Mahila Park , Sharma Market, Noida, Uttar Pradesh, 201301","","","https://www.freightnet.com/profile/183544.htm","No"
"Just Load Express & Logistics","13-B, Satav Plot, Opp Akashwani, Hadpsar,Pune-28 , Pune, Solapur, Maharashtra, 411028","","","https://www.freightnet.com/profile/141990.htm","No"
"Khadke Transport Company","parli road,ambajogai , ambajogai, maharashtra, 431517","","","https://www.freightnet.com/profile/172756.htm","No"
"speedex intternational courier","om sai building , sector 29, navi mumbai, maharashtra, 400614","","","https://www.freightnet.com/profile/168498.htm","No"
"Skyking Courier service","M B ROAD JHARSUGUDA , Jharsuguda, Odisha, 768201","","","https://www.freightnet.com/profile/166770.htm","No"
"DHAROHAR LOGISTICS PVT. LTD.","P-5,PUSH KA BUNGLA, SABJI MANDI WALI GALI, JAIPUR, RAJASTHAN, 302006","","","https://www.freightnet.com/profile/161871.htm","No"
"CALICUT CARGO","Shop No .288, Calicut airport P.O, kondotty - 673647 Malappuram , Kerala., kondotty, KERALA, 673647","","","https://www.freightnet.com/profile/154782.htm","No"
"ZODIAC EXPRESS (International Courier Service)","E-3 Gali No.21 Chankaya Place Part-1 , Janakpuri C-1 Block, New Delhi, Delhi, 110059","","","https://www.freightnet.com/profile/150917.htm","No"
"S A World services","85 Mandir Marg  , same as above, New Delhi, Delhi, 110013","","","https://www.freightnet.com/profile/42589.htm","No"
"legendxpress india pvt.ltd","18/9 ganga nagar 2nd street , avinashi road, tiruppur, tamilnadu/india, 641602","","","https://www.freightnet.com/profile/144619.htm","No"
"golden wings cargo","HILAL , MALL SIGNAL, - Not in List -, QATAR, 37529","","","https://www.freightnet.com/profile/140392.htm","No"
"CAX Logistics","No 216/ A-1 , Double Road, Vellore, Tamilnadu / India, 632009","","","https://www.freightnet.com/profile/138329.htm","No"
"BLUESKIES LOGISTICS","NO. 2282/E, 18TH MAIN, HAL  2ND STAGE, INDIRA NGAR,  OFF 100 FEET  ROAD, BANGALORE, KARNATKA, 560008","","","https://www.freightnet.com/profile/136151.htm","No"
"ExpressShip","ROOM NO-2, ROSE MARY VILLA, SAHAR CHURCH PAKHADI, ROAD NO-1, MUMBAI, INDIA, 400099","","","https://www.freightnet.com/profile/138522.htm","No"
"TCI XPS","69, Institutional Area, Prem Puri, Sector 32, Gurgaon, Haryana 122018 ,  69, Institutional Area, Prem Puri, Sector 32, Gurgaon, Haryana 122018, GURGAON, INDIA, 122018","","","https://www.freightnet.com/profile/138199.htm","No"
"LAKSHMI FREIGHT MOVERS","G 703, MAYURDHWAJ CGHS , 60 I P EXTENSION, PATPARGANJ, DELHI, INDIA, 110092","","","https://www.freightnet.com/profile/63607.htm","No"
"IPS LOGISTICS SOLUTIONS","70,1st Floor, Sant Nagar , New Delhi, Delhi, 110065","","","https://www.freightnet.com/profile/136479.htm","No"
"Gxpress Solutions","S-1, SFS Shopping Center, Agarwal Farm, Mansarovar, Jaipur, Rajasthan, 302020","","","https://www.freightnet.com/profile/135743.htm","No"
"FAST TRACK INTERNATIONAL","140,M-BLOCK , NEW DELHI, NEW DELHI, 110060","","","https://www.freightnet.com/profile/118261.htm","No"
"JD Couriers&Cargo Forwarders","Ground Floor-10,Om Sai CHS , Sanjay Nagar,Road No-22, Mumbai, Maharashtra, 400093","","","https://www.freightnet.com/profile/110175.htm","No"
"Superiors Cargoes Solutions","2 Vandana J B Nagar , Andheri East, Mumbai, Maharashtra, 400059","","","https://www.freightnet.com/profile/89924.htm","No"
"Abacus Logistics Solutions","2/122A, Patel Road, Perambur , Chennai, India, 600011","","","https://www.freightnet.com/profile/45536.htm","No"
"TCI-XPS","NEAR LASUDIA POLICE STATION , A.B ROAD, DEWAS NAKA, INDORE, MADHYA PRADESH, 452010","","","https://www.freightnet.com/profile/99566.htm","No"
"Clearship  Forwarders Pvt Ltd","414-416, Bezzola Complex, V.N.Purav marg, Chembur , Mumbai, Maharastra, 400 071","","","https://www.freightnet.com/profile/43258.htm","No"
"FAKCARGO DYNAMICS PVT LTD.,","01 SIMRAN, GROUND FLOOR VBP DESHPANDE MARGE OFF TEJPAL SCHEME ROAD , VILE PARLE EAST, MUMBAI, MAHARASHTRA INDIA, 400057","","","https://www.freightnet.com/profile/64594.htm","No"
"One Dunia International Couriers","Malakpet , Begumpet, Hyderabad, AP, 500036","","","https://www.freightnet.com/profile/89424.htm","No"
"ABS Xpress Private Limited","No.5, Kajamian SChool Complex , TVS Tollgate, Tiruchirapalli, Tamilnadu, 620020","","","https://www.freightnet.com/profile/85880.htm","No"
"UDX Courier & Cargo","408, Narayan Peth, Pune - 411030 , Andheri (E), Mumbai - 400069, Mumbai, Maharashtra, 411030","","","https://www.freightnet.com/profile/84452.htm","No"
"Goa Goa Express Cargo and logistic","Saligao , bardez, Goa / India, 403503","","","https://www.freightnet.com/profile/64774.htm","No"
"Airborne International Courier","196-A, Tara House,2nd Floor, Cavel Cross Lane No.8, Mumbai, Maharashtra, 400002","","","https://www.freightnet.com/profile/59303.htm","No"
"Apex Worldwide Express Courier & Logistics","C-95, Siddamshetty Complex, Parklane, Secunderabad, Andhra Pradesh, 500003","","","https://www.freightnet.com/profile/56163.htm","No"
"SPEEDWAYS CARRIERS PVT. LTD.","hr87, pulpehladpur , new delhi, INDIA, 110044","","","https://www.freightnet.com/profile/53792.htm","No"
"alfa packers & movers","L-108,Street No. 1,Mahipalpur Extn; , New Delhi, India, 110037","","","https://www.freightnet.com/profile/46623.htm","No"
"Kenshine Group","317, Dhamji Shamji Industrial Complex , L.B.S.Marg, Mumbai, Maharashtra, 400070","","","https://www.freightnet.com/profile/14043.htm","No"