"name","address","phone","website","profileUrl","isPremiumMember"
"Logenix logistics Pvt Ltd","opposite Rajpath Rangoli road , Shilp Corporate park B-707 Seventh floor, ahmedabad, Gujarat, 380054.","","","https://www.freightnet.com/profile/265570.htm","No"
"EXIM Container Line Pvt.Ltd.","213, Mahinder Chambers, W.T.Patil Marg, Opp. Dukes factory, Mumbai, Maharashtra / India, 400071","","","https://www.freightnet.com/profile/264123.htm","No"
"Skylark Container Lines LLP","Saini Arcade, Office No. S11 , Plot No 25, Sector 8, Gandhidham, Gujarat, 370201","","","https://www.freightnet.com/profile/250770.htm","No"
"Transworld","D 301–305, Level 3, Tower II,Seawoods Grand Central, Plot No. R1, Sector 40, Nerul Node, Seawoods, Navi Mumbai, Maharashtra 400706, India , Address : Plot No. S 20119 Jebel Ali Free Zone (South) - Dubai, United Arab Emirates, Navi Mumbai, India,","","","https://www.freightnet.com/profile/224252.htm","No"
"Mehta Transport Corporation","617, 6th Floor, Best Business Park, Netaji Subhash Place, Pitam Pura , New Delhi, Delhi, 110034","","","https://www.freightnet.com/profile/257499.htm","No"
"Single line logistics","Kpa building,Gandhigram,Coimbatore  , Tamilnadu, Coimbatore, Tamilnadu, 641005","","","https://www.freightnet.com/profile/258096.htm","No"
"CARRYWINGS LINES PVT LTD","NO 6 AIR INDIA FLATS KIPAUK , CHENNAI, TAMILNADU, 600010","","","https://www.freightnet.com/profile/201087.htm","No"
"EVERGROW SHIPPING LINE","Door no 18, 2nd Floor North beach road , 3rd Line, Chennai, Tamil nadu, 600001","","","https://www.freightnet.com/profile/255979.htm","No"
"THE PRISM CONTAINER LINE INDIA","202 2NF FLOOR PLOT NO 314 WARD 12B , P&P PLAZA NEAR LIC BUILDING, GANDHIDHAM (KUTCH), GUJARAT, 370201","","","https://www.freightnet.com/profile/219978.htm","No"
"Coral Mars Oceanway logistics","1/322 -66  , PLOT NO.3, TUTICORIN, TAMILNADU, 628103","","","https://www.freightnet.com/profile/246301.htm","No"
"CAPER INDIA PRIVATE LIMITED","302, Ascot Center, Sahar Rd, next to Hilton Hotel, Andheri East, Mumbai, Maharashtra 400099 , 302, Ascot Center, Sahar Rd, next to Hilton Hotel, Andheri East, Mumbai, Maharashtra 400099, Mumbai, 27 - Maharashtra, 400099","","","https://www.freightnet.com/profile/248944.htm","No"
"ITAJAI SHIPPING LINES PRIVATE LIMITED","M56, M BLOCK, 9TH STREET,ANNANAGAR EAST , CHENNAI, TAMILNADU,  INDIA, 600102","","","https://www.freightnet.com/profile/180885.htm","No"
"TUTICORIN LOGISTICS P LTD","8-B, WORLD TRADE AVENUE , NEW HARBOUR ESTATE, TUTICORIN, INDIA, 628004","","","https://www.freightnet.com/profile/155752.htm","No"
"SAR TRANSPORT SYSTEMS PVT LTD","NEHRU PLACE  , DELHI, DELHI, 110019","","","https://www.freightnet.com/profile/148824.htm","No"
"DRJ  LOGISTICS INDIA PVT LTD","2/7 SAI DARSHAN , NEXT TO NISARG FARMHOUSE MOTHGAON TEKDI DOMBIVALI WEST, DOMBIVALI WEST, MAHARASHTRA, 421202","","","https://www.freightnet.com/profile/204148.htm","No"
"Star India Trans Logistics","132-Albert Fernandez,Chawl,Santacruz Highway Service,Road Marble Market, Navpada, Vile Parle East, Vile Parle, Maharashtra, 400099","","","https://www.freightnet.com/profile/197529.htm","No"
"MSK FREIGHT AND LOGISCTICS","OLD NO 225 NEW NO 218 , THAMBU CHETTY STREEY PARRYS, CHENNAI, TAMIL NADU, 600 001","","","https://www.freightnet.com/profile/111344.htm","No"
"Capeline Shipping India Pvt. Ltd.","Aerocity #1, NIBR Complex, 1022 , Jarimari, Sakinaka, Mumbai, Maharashtra, 400072","","","https://www.freightnet.com/profile/184961.htm","No"
"Balaji international","Shah bazar , Lal, GULBARGA, Karnataka india, 585101","","","https://www.freightnet.com/profile/183418.htm","No"
"KUTCH SHIPPING AGENCY PVT LTD","19/20, AJANTA COMMERCIAL CENTER  , ABOVE TITAN WORLD SHOWROOM, GANDHIDHAM , NR .PORT OF KANDLA & MUNDRA, GUJARAT, 370201","","","https://www.freightnet.com/profile/181762.htm","No"
"Sowmiya Shipping & Logistics Pvt Ltd.","No-22, 2nd street, Bank colony, MMC,, Chennai, Tamilnadu, 600051","","","https://www.freightnet.com/profile/177080.htm","No"
"Royal SeaTrans","Office No. 230, Manali Tower, Gandhidham,Kutch 370201, Manali Tower, India, 370201","","","https://www.freightnet.com/profile/156744.htm","No"
"Kin Lines and Logistics Pvt Ltd","130 1st Floor Chawla Complex , Sector 15 Plot 38, CBD BELAPUR, Maharashtra, 400614","","","https://www.freightnet.com/profile/155137.htm","No"
"AQUA NEREID","9th cross road,  Girinagar Housing Colony  , Panampilly Nagar, Ernakulam, Kochi, Kerala, 682020","","","https://www.freightnet.com/profile/157490.htm","No"
"Dacon Logistics (I) Pvt Ltd","44, 4th Floor, BBC Villa Complex,  65, Prakasam Salai, Broadway,  Chennai – 600108 , Chennai, India, 600108","","","https://www.freightnet.com/profile/63367.htm","No"
"EASTER SHIPPING & LOGISTICS INDIA","G-7 RANGOLI BUILDING , NEAR AIR CARGO COMPLEX, ANDHERI EAST, INDIA, 400099","","","https://www.freightnet.com/profile/146910.htm","No"
"TRANSWORLD GLOBAL LOGISTICS SOLUTIONS INDIA PVT. LTD.","410, 4th Floor, Amit Court, Behind Mangala Cinema Hall, Shivajinagar, Pune - 411005. India, Pune, Maharashtra / India, 411005","","","https://www.freightnet.com/profile/145844.htm","No"
"Logistica Innovations Pvt Ltd","Regus Platinum Techno Park, Level-13, Plot No - 17 & 18, Sector-30A, Vashi, Navi Mumbai  , Navi Mumbai, Mumbai, 400705","","","https://www.freightnet.com/profile/145804.htm","No"
"Wheel&Time Shipping Transport Logistics","Vatika Business Center, Supreme Busines6s Park, Hiranandani Gardens. Powai. Mumbai. 400 076. INDIA. , Mumbai, Maharashtra/India, 40007","","","https://www.freightnet.com/profile/145051.htm","No"
"INSTANT SHIP AGENCIES PVT. LTD.","Room No.17 , 2nd Floor, A8C White House, Mehrauli-Badarpur Road, Delhi, 110044","","","https://www.freightnet.com/profile/136459.htm","No"
"Sea Hawk Lines Pte ltd","No.320 Serangoon road , 04-40 serangoon plaza, singapore, singapore, 218108","","","https://www.freightnet.com/profile/136401.htm","No"
"Maersk line india pvt Ltd","Buidling 9 A cybercity , DLF phase 3, Gurgaon, Haryana, 122002","","","https://www.freightnet.com/profile/133201.htm","No"
"ROYAL-7 LINE SHIPPING (I) PVT LTD","120, EAST WEST INDUSTRIAL CENTRE , MUMBAI, MAHARASTRA, 400072","","","https://www.freightnet.com/profile/99585.htm","No"
"ZIEGGLER MARITIME LLC","no 6/1, shastri nagar , kondigayur, tamil nadu, chennai 600118","","","https://www.freightnet.com/profile/121146.htm","No"
"Shipping & Clearing (Agents) Pvt. Ltd","40/2A, Suburban School Road,, Kolkata, West Bengal, INDIA, 700 025","","","https://www.freightnet.com/profile/113285.htm","No"
"Asia Pacific Logistics","Kukreja Plaza , Office No -107 , A-Wing , 1st Floor , Sector-11 , CBD Belapur  -400 614 Navi Mumbai, NAVI MUMBAI, INDIA, 400614","","","https://www.freightnet.com/profile/113131.htm","No"
"Sealift Container Line Pvt Ltd","\\ , 4/1 Mc Leod Street 1st Floor, Kolkata, West Bengal, 700017","","","https://www.freightnet.com/profile/90702.htm","No"
"Nivi and Co","144 F1 Polpettai West , Tuticorin, Tuticorin, Tamilnadu, 628002","","","https://www.freightnet.com/profile/107003.htm","No"
"BULK LIQUID SOLUTIONS","4/2 Adakamaranahalli Dasanapura hobli , Makli Post, Bangalore, India, 562123","","","https://www.freightnet.com/profile/87057.htm","No"
"Mgr container line","Chennai , CHENNAI, Tamil nadu, 600012","","","https://www.freightnet.com/profile/104246.htm","No"
"Jumbo Shipping VOF, India","S57 Vatika Business Centre , Supreme Business Park, Mumbai, Maharashtra INDIA, 400076","","","https://www.freightnet.com/profile/94904.htm","No"
"HYAGREEVA LINES P LTD","2,TRIMBAK CHAYA , CHENNAI, TAMIL NADU, 600001","","","https://www.freightnet.com/profile/50856.htm","No"
"RR SHIPPING PRIVATE LIMITED","T-29, PANKAJ CENTRAL MARKET, I P EXTN., PATPARGANJ, DELHI, DELHI, 110096","","","https://www.freightnet.com/profile/62665.htm","No"
"FAIRCARGO LOGISTICS SERVICE","A4 RANI DEBENDRABALA RD , B/9/6 INDRALOK ESTATE, KOLKATA, WEST BENGAL/INDIA, 700 002","","","https://www.freightnet.com/profile/84098.htm","No"
"Krishna Shipping & Logistics","291-A, Ward 6A, Sindhu Nagar , Adipur , Gandidham , gandidham, Gujrat, 370201","","","https://www.freightnet.com/profile/82993.htm","No"
"jumbo shipping India","S57 Vatika, SupremeBusiness Park , Hiranandani, mumbai, maharashtra, India, 400076","","","https://www.freightnet.com/profile/65826.htm","No"
"Radiant India Maritime PVT LTD","612 'B' Wing, Hermes Atrium , Plot No.57 Sector-11, CBD Belapur, Mumbai, Maharashtra, 400614","","","https://www.freightnet.com/profile/55605.htm","No"
"MAP LOGISTICS PVT LTD","B,107,RAMJI HOUSE, I ST FLOOR , NEAR METRO CINEMA ,JAMBULWADI, MUMBAI, MAHARASHTRA/ INDIA, 400002","","","https://www.freightnet.com/profile/50382.htm","No"
"Vini Container Lines PVT Ltd","Suite 8, 3nd Floor, afshar Bldg , 283, SBS Road Fort, Mumbai, Maharashtra, 400001","","","https://www.freightnet.com/profile/9240.htm","No"
"Everett (India) Private Limited","105 Armenian Street, I Floor , Chennai, Tamil Nadu, 600001","","","https://www.freightnet.com/profile/14538.htm","No"
"Meridian Lines (P) Ltd","111/11N/8, State Bank Colony , Tuticorin, Tamil Nadu, 628002","","","https://www.freightnet.com/profile/15140.htm","No"
"Ocean Diving Centre Ltd","Krishna Kunj , parleswar rd, mumbai, india, 400057","","","https://www.freightnet.com/profile/50730.htm","No"
"OTL CONTAINER LINE","OLD NO 235, NEW NO 112 , ANGAPPA STREET, IIIRD LANE, CHENNAI, TAMILNADU, 600001","","","https://www.freightnet.com/profile/96450.htm","No"
"CAF Marine & Offshore Services Pvt. Ltd.","531,Vyapar Bhavan, 5th Floor,P.D.Mello Road , Mumbai, Maharashtra / India, 400 009","","","https://www.freightnet.com/profile/110887.htm","No"
"HINDHUSTAN CONTAINER LINE CORPORATION","5/15, JAINAGAR, ARUMBAKKAM , CHENNAI 600106, CHENNAI, TAMILNADU, 600106","","","https://www.freightnet.com/profile/116420.htm","No"