"name","address","phone","website","profileUrl","isPremiumMember"
"L. Mark Express Phils. Co. Ltd","Unit 2309 Citiland Herrera Tower Bgry Bel-Air V.A Rufino  Corner Ayala , Makati City, Philippines, 1209","","","https://www.freightnet.com/profile/140433.htm","No"
"Tala Cargo Solution","15 Jr Cruz St, Malabon, Metro Manila, Philippines ,  15 Jr Cruz St, Malabon, Metro Manila, Philippines, Malabon City, philippiness, 1477","","","https://www.freightnet.com/profile/255693.htm","No"
"ViaHero PH","AMON Trading Compound , Corporal Cruz St. cor E Rodriguez Ave., Pasig City, Metro Manila, 1600","","","https://www.freightnet.com/profile/257359.htm","No"
"T&N WAREHOUSE MANAGEMENT SERVICES","#697 Plaza Compound, KM.7 Tiggato Road, Buhangin, Davao City Philippines. District Davao City 8000, Philippines , VAT Reg. 482-022-746-000, Davao city, Philippines, 8000","","","https://www.freightnet.com/profile/194214.htm","No"
"THP Philippines","Anabu II-D , Imus, Cavite, 4114","","","https://www.freightnet.com/profile/173996.htm","No"
"Goldenpathway Logistics Services","Unit 3 Oro Storage, New Salmonan Street , Wilfredo Aquino, Davao City, Philippines, 8000","","","https://www.freightnet.com/profile/167909.htm","No"
"Qube PC Technologies","#678 Aurora Blvd. , Brgy. Valencia, Quezon City, Philippines, 1112","","","https://www.freightnet.com/profile/137354.htm","No"
"RDB Integrated Outsource Solutions","B3 L61 Sorrento Ave., Sorrento Townhomes, Bacoor Cavite, Philippines, 1402","","","https://www.freightnet.com/profile/111247.htm","No"