"name","address","phone","website","profileUrl","isPremiumMember"
"Triad Logistics Corporation","298 Zone 3, Brgy. Taboc , Opol, Misamis Oriental, 9016","","","https://www.freightnet.com/profile/262463.htm","No"
"A. Centeno Trucking Service Co.","St. Agatha Homes , Tikay, Malolos, Bulacan, 3000","","","https://www.freightnet.com/profile/151517.htm","No"
"FBJR TRUCKING SERVICES","PUROK 5 POBLACION LAAK DAVAO DE ORO , 87 PEARL ST BERNABE 111 SAN DIONISIO PARANAQUE CITY, PARANAQUE CITY, PHILIPPINES, 1700","","","https://www.freightnet.com/profile/207803.htm","No"
"Alpha Trucking Services","Zone 5 , Barangay Guilid, Ligao City, Philippines, 4504","","","https://www.freightnet.com/profile/258672.htm","No"
"AG-P Trucklines Trucking Services","Phase 2 Block 4 Lot 32-33 Lumina Homes , Brgy. Maliwalo, CITY OF TARLAC, PHILIPPINES, 2300","","","https://www.freightnet.com/profile/254448.htm","No"
"FBJR TRUCKING SERVICES","87 Pearl st.corner Diamond st. Bernabe 111 San dionisio Paranaque City. , Paranaque, MetroManila, 1700","","","https://www.freightnet.com/profile/208813.htm","No"
"7107 Express Corp.","# 85 Howmart Road Baesa Quezon City , Quezon City, Philippines, 1106","","","https://www.freightnet.com/profile/137448.htm","No"
"DIAZ FREIGHT AND TRUCKING SERVICES","#152 ALLEY 3 , HOWMART ROAD, QUEZON CITY, PHILIPPINES, 1706","","","https://www.freightnet.com/profile/197821.htm","No"
"Idona Cargo Express","Unit A-2, Lot 2 Block 3, Canaynay Ave.., BF Martinville Subd., Manuyo Dos , Las Pinas, Philippines, 1744","","","https://www.freightnet.com/profile/197560.htm","No"
"Ocean Wave Trucking","Purok San Roque National Highway Labangal , General Santos City, South Cotabato, 9500","","","https://www.freightnet.com/profile/185888.htm","No"
"MFNORTHSOUTH TRUCKING SERVICES","ILAYA PROPER , PASONG BUAYA 2, IMUS, CAVITE, 4102","","","https://www.freightnet.com/profile/187437.htm","No"
"REH TRUCKING SERVICES","#11 Topaz St., Fairview Village Lawaan ll, Talisay City Cebu , Talisay city, Philippines, 6024","","","https://www.freightnet.com/profile/186315.htm","No"
"REM FREIGHT FORWARDING CO.","RM.328 FEMII BLDG.A.SORIANO AVE.INTRAMUROS MANILA , manila, ncr, 1112","","","https://www.freightnet.com/profile/179575.htm","No"
"Travel and Tourific Transport Services","B6 L2 Apitong St. Greenplain Mambog 2 Bacoor Cavite , Bacoor, REGION IV-A (CALABARZON), 4102","","","https://www.freightnet.com/profile/177900.htm","No"
"Legarde Cargo Forwarding","219-R Bgy Matahimik , Puerto Princesa City, Philippines, 5300","","","https://www.freightnet.com/profile/172082.htm","No"
"Alfel Asher Trucking Services","Blk 1 Lot 28 East Ridge Soong , Mactan, Lapu Lapu City, Cebu, Philippines, 6015","","","https://www.freightnet.com/profile/166882.htm","No"
"A.A. ESCASENAS HAULING SERVICES","Unit 23 Riverside Executive Village Pasig , Pasig, Philippines, 1600","","","https://www.freightnet.com/profile/155252.htm","No"
"Exped Mover Transport and Logistics","Barangay Dita , Santa Rosa, Laguna/Philippines, 4026","","","https://www.freightnet.com/profile/160836.htm","No"
"Lorezco Trading & Services","568 Rosemar Vill, Carmen Zaragoza Nueva Ecija , Zaragoza, Philippines, 3110","","","https://www.freightnet.com/profile/162208.htm","No"
"KAMIKO CARGO MOVERS","Soong-1, Mactan , Lapu-Lapu City, Cebu, 6015","","","https://www.freightnet.com/profile/159482.htm","No"
"Queen of the South Trucking services","Pasay, Metro Manila, Philippines , Land line 02  7712522, Pasay, Metro Manila, 1744","","","https://www.freightnet.com/profile/159451.htm","No"
"CAPCOM TRUCKING SERVICES","blk 13 lot 17 Bf martine vill subd Las pi単as  , Las Pi単as, Philippines, 1744","","","https://www.freightnet.com/profile/143340.htm","No"
"Holtem Cargo Services","Unite 8 Gerrico Insurance BLDG Pob.2 GMA Cavite , General Mariano Alvarez Cavite, Philippines, 4117","","","https://www.freightnet.com/profile/157381.htm","No"
"CD Trucking","Purok 5b, Magatos, Asuncion , Tagum, Davao del norte, 8102","","","https://www.freightnet.com/profile/156086.htm","No"
"Edrhene's Trucking Services","Ninoy Aquino Ave, Brgy. Sto. Ni単o, Para単aque City, Metro Manila, 1705","","","https://www.freightnet.com/profile/135801.htm","No"
"R & H Trucking Services","Lower Calajoan Minglanilla Cebu , Minglanilla, Philippines, 4060","","","https://www.freightnet.com/profile/151165.htm","No"
"kejemah logistics service","lot9 block9 canaynay ave.ext.bf martinville subd , las pinas city, Philippines, 1740","","","https://www.freightnet.com/profile/137628.htm","No"
"JJJ-C Movers Corp.","C28 Centropolis Communities, Villongco st., Brgy. Sucat, Muntinlupa City , 3118 Taft Ave. Pasay City (Garage), NCR, Philippines, 1701","","","https://www.freightnet.com/profile/144136.htm","No"
"Caresa Movers","Blk 17 Lot 46 , Maine st., Molino IV, Bacoor, Cavite Philippines, 4102","","","https://www.freightnet.com/profile/142572.htm","No"
"7107 Express Corp.","85 Howmart Road, Baesa , Quezon City, Philippines, 1106","","","https://www.freightnet.com/profile/137853.htm","No"
"Reach Cargo Trucking Services","Door 208 Crown Bldg., San Jose dela Montana , Cor. North Reclamation Area, Cebu, Cebu City, 6000","","","https://www.freightnet.com/profile/140013.htm","No"
"Elaiza's trucking services","B.10 lot 24 B.Aldana St. Martinville subd , Pulang lupa 2 las pinas city, Las pinas city, Philippines, 7471","","","https://www.freightnet.com/profile/138951.htm","No"
"ACECRANES, INC.","BUNDOK DRILLING BLDG., 175 VISAYAS AVENUE , BRGY. GAVINO MADERAN, GEN.MARIANO ALVAREZ (GMA), CAVITE, PHILIPPINES, 4117","","","https://www.freightnet.com/profile/132388.htm","No"
"Easy Go Movers","89-a las Aguada's corner Abanil St. Ozamis city , Ozamis city mis. Occ, Philippines, 7200","","","https://www.freightnet.com/profile/138315.htm","No"
"Eastern Island Forwarding Logistics Corp","#27 Kaingin Road Balintawak Quezon City , Block 55 Lot 13 Dagat Dagatan Ave. Caloocan, Metro Manila, Philippines, 1106","","","https://www.freightnet.com/profile/137813.htm","No"
"Daniel Matthew Tragura Trucking Services","1507 B LSG BLDING BAMBANG TONDO MANILA , Tondo Manila, Tondo Manila, 1440","","","https://www.freightnet.com/profile/136781.htm","No"
"ECONAR FORWARDING SERVICES","Brgy. Puntod CDO , Brgy. Indahag CDO, Misamis  OrientAL, philippines, 9000","","","https://www.freightnet.com/profile/136017.htm","No"
"Ninoy Trucking Services","River Side st. San Rafael Village Balut Navotas City , Navotas City, Manila, 1485","","","https://www.freightnet.com/profile/135247.htm","No"
"JMDC CUSTOMS BROKERAGE","# 26 China Street, Better Living Subd., Paranaque City, Philipines, 1711","","","https://www.freightnet.com/profile/135052.htm","No"
"PRC LOGISTICS","JETTI GAS HOLY SPIRIT DRIVE , COMMONWALTH Q.C., PHILIPPINES, 1600","","","https://www.freightnet.com/profile/87705.htm","No"
"NAJIA MOVERS & PROJECT SPECIALIST INC.","Unit E, Amanda Building 1 , Lot 4, Block 4, Savio Street, Betterliving Subd., Paranaque City, Philippines, 1700","","","https://www.freightnet.com/profile/108956.htm","No"
"PRC Logistics","78 XAVIERVILLE LOYOLA HEIGHTS QUEZON CITY , QUEON CITY, PHILIPPINES, 1900","","","https://www.freightnet.com/profile/99570.htm","No"
"NF Trucking Services","33A wpa arnaiz ave. corner robert st. pasay city , pasay city, philippines, 1300","","","https://www.freightnet.com/profile/127497.htm","No"
"Evergold Trucking Services","Bgy. Lapidario , Trece Martires, Cavite, Philippines, 4109","","","https://www.freightnet.com/profile/120774.htm","No"
"Mobile Crane Rental","Metro Manila , Port Area, Philippines, 1700","","","https://www.freightnet.com/profile/120187.htm","No"
"Ably Forwarding Services","Metro Manila , San Luis Pampanga, manila, philippines, 18000","","","https://www.freightnet.com/profile/117747.htm","No"
"GREPT'S Trucking","385 Emerald St. Filoville Subdivision, Naga City , 363 H. Lopez Boulevard, Balut, Tondo, Manila, Camarines Sur, Philippines, 4400","","","https://www.freightnet.com/profile/103052.htm","No"
"White Horse Trucking Services","Block4 lot 2 AFPOVAI Phase 2 Western taguig,Taguig City Manila,Philippines , Taguig, Philippines, 1306","","","https://www.freightnet.com/profile/94492.htm","No"
"MFS Express Cargo Services","Block 20, Lot 6, Firenze Street, Toscana Subdivison, Upper Libby Road, Puan, Davao City , none, Davao, Davao Del Sur, 8000","","","https://www.freightnet.com/profile/87466.htm","No"