"name","address","phone","website","profileUrl","isPremiumMember"
"Worldmovers Philippines Inc Cargo Express & Logistics Services","No. 3 Bloc 2 Grand Monaco Southpoint, Sta Ines St., Valley 6, Brgy. San Isidro, Paranaque City, Metro Manila, 1715","+632 9338243510, +639285101700","https://www.worldmovers.net/","https://www.freightnet.com/profile/128424.htm","Yes"
"SEAFLYING LOGISTICS SERVICES","9033 East Service Road corner Tindalo St. San Martin De Porres, Paranaque City, Manila, Philippines, 1700","+639270069500","","https://www.freightnet.com/profile/252304.htm","Yes"
"Interfreight Worldwide Cargo Logistics Inc.","San Dionisio, Paranaque Çity, Paranaque City, Philippines, 1700","0063 9171448858","https://www.interfreight.com.ph/","https://www.freightnet.com/profile/211137.htm","Yes"
"FJH GREATFREIGHT GLOBAL LOGISTICS INC","UNIT B GROUND FLOOR PAMCOR BLDG PASCOR DRIVE NINOY AQUINO AVE PARANAQUE CITY PHILIPPINES, PARANAQUE CITY, PHILIPPINES, 1704","(632) 70014336","","https://www.freightnet.com/profile/235508.htm","Yes"
"I-Port Global Logistics Inc","Suite 204 Ledesma Bldg. Gen. Luna cor Real Street, Intramuros, Manila, Philippines, 1002","+632 85367279 /  87362202 / 82555150","http://www.i-portglobal.com.ph/","https://www.freightnet.com/profile/62590.htm","Yes"
"GGP Logistics Services","38 Jasmin St. Brgy. Pasong Tamo Quezon City, Manila, Quezon City, 1107","63-2-83570497","https://sites.google.com/view/ggplogisticsservices","https://www.freightnet.com/profile/184080.htm","Yes"
"LENIUS Logistics Services OPC","L44-E B58 Ma. Asuncion Spirig St., BF Resort Village, Talon Dos, Las Piñas City, Metro Manila, Philippines, 1747","+632 8828 01756","http://www.leniuslogistics.com/","https://www.freightnet.com/profile/206794.htm","Yes"
"ECRA SEA & AIR FREIGHT FORWARDER SERVICES","7595, J DE LEON ST, PARAÑAQUE CITY, PHILIPPINES, 1700","+639275963912","","https://www.freightnet.com/profile/255537.htm","Yes"
"BICM GENESIS FREIGHT INTERNATIONAL INC","RM 121 SKYFREIGHT BLDG B, SKYFREIGHT CENTER, NINOY AQUINO AVE BRGY STO NINO, PARANAQUE CITY, PHILIPPINES, 1704","8802-4529/4536/9954/3139","http://www.bicmgenesis.com/","https://www.freightnet.com/profile/134064.htm","Yes"
"EX-WORKS CARGO SERVICES INC.","First United Building, Escolta Street, Manila, Philippines, 1006","+63 2 53107099; 77980503","https://www.ex-workscargo.com/","https://www.freightnet.com/profile/229041.htm","Yes"
"Jexsan Logistics Philippines Inc","3rd Flr. Raha Sulayman Bldg., 108 Benavidez St. Legaspi Village, Makati City, Philippines, 1229","09328636392","http://www.jlpi.com.ph/","https://www.freightnet.com/profile/240294.htm","Yes"
"G4 Movers Inc.","Imus, Cavite, Philippines, 4102","09171242545","https://www.g4movers.com/","https://www.freightnet.com/profile/254641.htm","Yes"
"AJ & J Cargo Movers, Inc.","1949 San Marcelino St. Malate, Manila, Metro Manila, Philippines, 1004","+632 525-4855","","https://www.freightnet.com/profile/162286.htm","Yes"
"Klydes International Logistics, Inc.","#29 3rd Floor BF Resort Drive BF Resort  Talon Dos , LAS PINAS CITY, PHILIPPINES, 1740","","","https://www.freightnet.com/profile/144249.htm","No"
"JTG EXPRESS CARGO HANDLING SERVICES","2500 Esmeralda St. San Andres Manila , Manila, Philippines, 1017","","","https://www.freightnet.com/profile/133861.htm","No"
"Toplis Logistics Inc.","Bldg 1-B, Sunblest Compound, Km 23 West Service Road, Cupang , Muntinlupa, NCR, 1771","","","https://www.freightnet.com/profile/250036.htm","No"
"Keen Cargo Logistics Inc","Warehouse #4 Las Pinas Cargo Complex ( Old Francisco Motors) , J. Aguilar Ave, Las Piñas, Metro Manila, 1700","","","https://www.freightnet.com/profile/239761.htm","No"
"H. R. VILLA CUSTOMS BROKERAGE","Rm. 488, Champ Bldg., Bonifacio Drive, Anda Circle , Port Area, Manila, Manila, Philippines, 1002","","","https://www.freightnet.com/profile/246069.htm","No"
"FREORITY LOGISTICS PHILIPPINES INC.","ESCOLTA , BINONDO, METRO MANILA, PHILIPPINES, 1006","","","https://www.freightnet.com/profile/262640.htm","No"
"FREORITY LOGISTICS PHILIPPINES INC.","ESCOLTA , BINONDO, METRO MANILA, PHILIPPINES, 1006","","","https://www.freightnet.com/profile/258002.htm","No"
"Agile Global Forwarding Inc","S304 PACIFIC CENTRE BLDG., 460 QUINTIN PAREDES ST. BINONDO , MANILA, PHILIPPINES, 1002","","","https://www.freightnet.com/profile/140148.htm","No"
"ASIA CARGO CONTAINER LINE, INC","No. 215, Unit 3107 World Trade Exchange Bldg, Juan Luna St., Binondo , Manila, Metro Manila, 1008","","","https://www.freightnet.com/profile/261019.htm","No"
"PHILIPPINE ELITE INTERNATIONAL CARGO SERVICES INC","Unit 2214 22/F Cityland Pasong Tamo Tower, 2210 Don Chino Roces Avenue,  Brgy. Pio Del Pilar , Makati City, Philippines, 1230","","","https://www.freightnet.com/profile/257914.htm","No"
"Counterflow movers inc","2291 Marconi Street , makati, metro manila, 1234","","","https://www.freightnet.com/profile/259165.htm","No"
"MAJESTIC GROUP GLOBAL LOGISTICS INC","Rm 406 Femii(Main) Building A. Soriano Jr. Avenue, Intramuros, Manila, Philippines 1002 , Intramuros, Manila, Philippines, 1002","","","https://www.freightnet.com/profile/96930.htm","No"
"Capital Worldwide Express Cargo Corporation","World Trade Center Condominium , Unit 2506, Bininondo Manila, Philippuines, 1006","","","https://www.freightnet.com/profile/258801.htm","No"
"PROLINE LOGISTIC PHILIPPINES INC","302 & 302A THE CENTENNIAL BLDG.ESCOLTA BINONDO MLA , BINONDO MANILA, MANILA, PH, 1006","","","https://www.freightnet.com/profile/242323.htm","No"
"Primarius  Cargo Logistics OPC","Pascor Drive, Sto Niño , Parañaque, Philippines, 0000","","","https://www.freightnet.com/profile/250754.htm","No"
"EMC Freight Forwarding Corp","JNS Building, 164 Mother Ignacia Avenue , Brgy. South Triangle, Quezon City, Metro Manila, 1103","","","https://www.freightnet.com/profile/256828.htm","No"
"TCS CARGO HANDLING FREIGHT FORWARDING SERVICES","9001 ANTERO SORIANO HIWAY NAIC CAVITE , NAIC, PHILIPPINES, 4110","","","https://www.freightnet.com/profile/258123.htm","No"
"Haulx Philippines","Unit 2C- Lutz Mansion , 9028 San Nicolas St. Guadalupe Nuevo., Makati City, Philippines, 1212","","","https://www.freightnet.com/profile/257947.htm","No"
"215 Logistics Solutions","215 E. Fernandez st , Brgy. Batis, San Juan, Metro Manila, 1500","","","https://www.freightnet.com/profile/160161.htm","No"
"Seaflying Logistics Services","9033 east service road corner tindalo st. San Martin de porres  , City of Parañaque, Paranaque City, Metro Manila, 1700","","","https://www.freightnet.com/profile/255452.htm","No"
"JPM TRANSLIFT CORPORATION","3rd Floor RV Marzan Bldg., 1633 Craig St., Sampaloc, Manila, Philippines, 1015","","","https://www.freightnet.com/profile/248848.htm","No"
"ECRA SEA & AIR FREIGHT FORWARDER SERVICES","7595 , J DE LEON ST, PARAÑAQUE CITY, PHILIPPINES, 1700","","","https://www.freightnet.com/profile/255536.htm","No"
"SENDIVA Logistics Corporation","Warehouse #11 2nd Ave, Corner Teresita Drive TBCAI Compound  , Brgy. Bagumbayan Taguig City, Taguig, Philippines, 1770","","","https://www.freightnet.com/profile/151041.htm","No"
"Greatfreight Global Logistics Inc.","Unit B, G/F Pamcor Bldg, Pascor Drive, Sto. Niño, Parañaque City, Philippines 1704 , PARANAQUE, METRO MANILA, 1704","","","https://www.freightnet.com/profile/250589.htm","No"
"Box Track Cargo, Inc.","1582B ,  Antonio Rivera Street Tondo, Manila, Philippines, 1012","","","https://www.freightnet.com/profile/245122.htm","No"
"RISEUP CARGO FOWARDING","DOOR 4 HARRIS BLDG. LOWER RAPNAGA BRGY BAGO APLAYA DAVAO CITY PHILIPPINES , DAVAO CITY, PHILIPPINES, 8000","","","https://www.freightnet.com/profile/245410.htm","No"
"Cadano Carg Services Inc o Transport","Blk 27lot 27 Phse 2 South Ville 5 A Lang kiwa Bina Laguna  , Binan Laguna, Laguna, 4024","","","https://www.freightnet.com/profile/224993.htm","No"
"STARCONCORD INC.","UNIT 907 RI-RANCE CORPORATE CENTER ASEANA CITY PARAÑAQUE CITY , UNIT 907 RI-RANCE CORPORATE CENTER ASEANA CITY PARAÑAQUE CITY, UNIT 907 RI-RANCE CORPORATE CENTER ASEANA CITY PARAÑAQUE CITY , NCR, 1701","","","https://www.freightnet.com/profile/248948.htm","No"
"Larga International Logistics Inc.","Tian Ying Tai Holdings Phils., Inc., Lot 4668-B Unit 44 & 45, Molino Blvd., Mambog IV , Bacoor City, Calabarzon, 4102","","","https://www.freightnet.com/profile/250409.htm","No"
"PROLINE LOGISTICS PHILIPPINES, INC.","Room 302 The Centennial Building , Calle Escolta, Manila, Philippines, 1006","","","https://www.freightnet.com/profile/180291.htm","No"
"AIRBRIDGE FREIGHT INTERNATIONAL COMPANY INC.","Unit 2S Benrosi Plaza, Dona Solidad Extension Brgy Moonwalk Paranaque City , Paranaque, Philippines, 1709","","","https://www.freightnet.com/profile/247668.htm","No"
"ARK GLOBAL MOVERS INC","3RD FLR. ES & R BLDG. AFGHANISTAN ST. BETTERLIVING SUBD. BRGY. DON BOSCO PARANAQUE CITY 1711 PH , Paranaque City, PHILIPPINES, 1700","","","https://www.freightnet.com/profile/249819.htm","No"
"ETMAR International Logistics Corporation","Blk 1 Lot 15 Kaymito St Brgy 179 , Quirino Hi-way, Caloocan City, Philippines, 1425","","","https://www.freightnet.com/profile/139162.htm","No"
"TRANSMASTER WORLDWIDE LOGISTICS INC","RM 309 GEDCOR BLDG , IRASAN ST SAN DIONISIO, PARANAQUE CITY, PHILIPPINES, 1700","","","https://www.freightnet.com/profile/243267.htm","No"
"Poseidon Lines Inc","306b, Myers Bldg. Roberto Oca corner AC Delgado St. , Port Area, Manila, Metro Manila, 1018","","","https://www.freightnet.com/profile/189217.htm","No"
"Sabrina Movers Inc","Unit B28, James Town, F.F. Cruz Ave., Tipolo, Mandaue City, 6014 Cebu, Philippines , Mandaue, Philippines, 6014","","","https://www.freightnet.com/profile/245559.htm","No"
"Dextrans Worldwide Philippines Inc.","Room 316-318 Isla Cargo Center Sto. Nino 1704 Paranaque City Philippines  , Room 316-318 Isla Cargo Center Sto. Nino 1704 Paranaque City Philippines, Pasay, philippines, 1700","","","https://www.freightnet.com/profile/245304.htm","No"
"Crystal Harbour Global Forwarding","202b Myers Bldg RS OCA cor AC Delgado , Port Area, Manila, Manila, 1018","","","https://www.freightnet.com/profile/225464.htm","No"
"Loriekot International Philippines Corp","Rm 511 FUBC BLDG ,  Escolta Street, Manila, Philippines, 1600","","","https://www.freightnet.com/profile/242389.htm","No"
"GweX S and S Transport, SASIS-SEDIEGO CUSTOMS BROKERAGE  (SSCB)","With Bureau of Customs Accreditation and Registration , 2nd Flr Golden  Villas Subd Imus City  (Servicing Metro Manila Sea and Air Ports), Metro Manila, Philippines,","","","https://www.freightnet.com/profile/60972.htm","No"
"SOONEST GLOBAL EXPRESS CORPORATION","Lot 1 & 3 Blk 17 Bf Martinville Jerusalem ST. Manuyo Dos Las Piñas City. , Las Piñas City, Las Piñas City, 1744","","","https://www.freightnet.com/profile/189034.htm","No"
"*Soonest Global Express Corporation","1908 M. Guazon St. , Paco, Manila City, Metro Manila, 1007","","","https://www.freightnet.com/profile/21551.htm","No"
"H.R. VILLA CUSTOMS BROKERAGE","Rm. 488 Champ Bldg., Anda Circle, Port Area , Manila, Philippines, 1008","","","https://www.freightnet.com/profile/198674.htm","No"
"www.agencycargo.com","1886 Highbury Avenue , Nairobi, Kenya, 24156","","","https://www.freightnet.com/profile/225656.htm","No"
"RNJ Freight  International Logistics Inc.","Rm 211 Burke Bldg. Burke St. cor. Escolta, Binondo Manila, Philippines , Manila, Philippines, 10130","","","https://www.freightnet.com/profile/63663.htm","No"
"J-PAC LOGISTICS INC","2917 FILANDIA ST. , SAN ISIDRO, MAKATI, PHILIPPINES, 1234","","","https://www.freightnet.com/profile/228577.htm","No"
"Catherine Jimenez","404 CYA Building Edsa  Pasay City , Viber , WhatsApp , Line & WeChat No. 09985997321 & Email Add:  cathyjimenez04@gmail.com, Philippines, 1300","","","https://www.freightnet.com/profile/134820.htm","No"
"PADLUCK LOGISTICS INC","D01 GMA BGY PALIPARAN 2 DASMARINAS CAVITE , CAVITE, CAVITE OHILIPPINES, 4114","","","https://www.freightnet.com/profile/226803.htm","No"
"Safetylink International Cargo Logistics Inc.","1902 Cityland Pasong Tamo Tower, 2210 Don Chino Roces Avenue,, Makati City, Metro Manila, 1231","","","https://www.freightnet.com/profile/131471.htm","No"
"Crosstrans Cargo Services","P6 , B55, MCS  Mamatid, Cabuyao, 4025 Laguna","","","https://www.freightnet.com/profile/111287.htm","No"
"ALL FREIGHT AIR SEA TRANSPORT INC","12 MACABUAG ST VITALEZ CMPD , DR A SANTOS AVE, SAN ISIDRO PARANAQUE METRO MANILA, PHILIPPINES, 1701","","","https://www.freightnet.com/profile/169247.htm","No"
"DAVFAST FORWARDING AND LOGISTICS CO.","One Sampaloc Comp. Don Julian Rodriguez Rd Sasa , Davao City, Philippines, 8000","","","https://www.freightnet.com/profile/155991.htm","No"
"MARQUIS LOGISTICS SOLUTIONS PHILIPPINES INC.","CMHI WAREHOUSE , GATE 2 LOT 1, BRGY SAN DIONISIO ,PARANAQUE CITY, PHILIPPINES, 1700","","","https://www.freightnet.com/profile/172913.htm","No"
"RTFJ MOVERS INC","UNIT A JLR BUILDING LOT 21 BLOCK9 CANAYNAY AVE BF MARTINVILLE SUBD BGY MANUYO 2 LAS PINAS CITY , blk9 lot 33 greenlane subd las pinas city., manila, phillippines, 1744","","","https://www.freightnet.com/profile/155264.htm","No"
"movers","las pinas , las pinas, philippines, 1744","","","https://www.freightnet.com/profile/216844.htm","No"
"Hyper Cargo Logistics Inc.","Room 321A First United Bldg., Corp., 412 Escolta, Manila , Manila, Philippines, 1006","","","https://www.freightnet.com/profile/192434.htm","No"
"SUMATRA FORWARDING SERVICES","Block 2 Lot 9 Annex Kuwait St. , Betterliving Subd., Paranaque, Philippines, 1711","","","https://www.freightnet.com/profile/160318.htm","No"
"MS3 AGRI-VENTURES CORP.","Purok 4 , San Isidro, Bunawan District, Davao, Philippines, 8000","","","https://www.freightnet.com/profile/216070.htm","No"
"Dash Cargo Logistics","Unit B&C, Bayview International Towers III, Roxas Boulevard, Tambo , Paranaque, Philippines, 1701","","","https://www.freightnet.com/profile/211758.htm","No"
"DEXTRANS WORLDWIDE PHILS. INC","MIASCOR CARGO CENTER COLUMBIA AIRFREIGHT COMPLEX SANTO NINO PARANAQUE CITY , SHENZHEN CHINA, MANILA, PHILIPPINES, 1704","","","https://www.freightnet.com/profile/214940.htm","No"
"Perfect Freight Logistics Co.,Ltd.","DR#15 VEL-OUANO Bldg, Brgy. Bakilid, Nat'l Highway , Mandaue City, Cebu, Philippines, 6014","","","https://www.freightnet.com/profile/136085.htm","No"
"ID& P Logistics Services","3rd Floor T.T Bldg AS Fortuna  , Street, Mandaue City, Philippines, 6014","","","https://www.freightnet.com/profile/181384.htm","No"
"H&CO International Logistics Corporation","Rm 430 4th Floor Madrigal Bldg. No. 286 Escolta St.,, Binondo, Manila, Philippines, 1006","","","https://www.freightnet.com/profile/193914.htm","No"
"Ctrans Cargo Handling & Transport Logistics","Unit 1 Lot 9 , Southcom Village, Zamboanga City, Philippines, 7000","","","https://www.freightnet.com/profile/205393.htm","No"
"Olympus Global Logistics Inc.","Olivarez Plaza , Ninoy Aquino Avenue, Paranaque City, Philippines, 1700","","","https://www.freightnet.com/profile/203866.htm","No"
"H &CO INTERNATIONAL LOGISTICS INC.","282 CYA LAND BLDG. 6TH Flr. Unit 603 EDSA Extension cor. P. Celle St., Pasay City, Philippines, 1300 , MANILA, PHILIPPINES, 1300","","","https://www.freightnet.com/profile/199801.htm","No"
"ZEC Logistics - Transport Co.","138 CPDC Bldg General Luna St. , Taguig, Metro Manila, 1603","","","https://www.freightnet.com/profile/202435.htm","No"
"NNR Global Logistics (Philippines) Inc.","4th Floor Kingsland Bldg. , Dr.A.Santos Ave., Parañaque, Philippines, 1700","","","https://www.freightnet.com/profile/198228.htm","No"
"CMG International Movers & Cargo Services","#104 Real St., Alabang - Zapote Road, Pamplona 1, Las Pinas City , Metro Manila, Philippines, 191673","","","https://www.freightnet.com/profile/111320.htm","No"
"Crystal Harbour Global Forwarding Inc.","Unit 202 Myers Bldg. Bay E.  , R.S. Oca St. corner A.C. Delgado St. Brgy. 650, Port Area, 1018, Manila, Philippines, 1018","","","https://www.freightnet.com/profile/171245.htm","No"
"Cargoship Inc.","Unit 1918 Cityland Herrera Tower  , VA Rufino Salcedo Village, Makati City, Philippines, 1227","","","https://www.freightnet.com/profile/160256.htm","No"
"Global philippines container lines corp","Rm. 408 REGINA BLDG escolta St Binondo , Manila, PHILIPPINES, 1006","","","https://www.freightnet.com/profile/173443.htm","No"
"OCEANPORT INT'L FREIGHT FWDG., INC","2ND FLOOR, CHAMP BLDG., BONIFACIO DRIVE, PORT AREA , MANILA, PHILIPPINES, 1018","","","https://www.freightnet.com/profile/101663.htm","No"
"MIGHTYFREIGHT INTERNATIONAL CORPORATION","Room 311 Mercantile Bldg. General Luna Cor Beaterio St. Intramuros,, Manila, Philippines, 1002","","","https://www.freightnet.com/profile/162794.htm","No"
"Far East Multi-Trans Agency Phils., Inc.","( www.femt.ph ) 5th Floor G.E. Antonino Building, J. Bocobo Street, corner T.M. Kalaw Streets, Ermita , Manila, Metro Manila, 1000","","","https://www.freightnet.com/profile/179908.htm","No"
"ZIAM CARGO LOGISTICS SERVICES","2flr D201 TBY Centeres Bldg. Km5 Bajada Davao City, Philippines , Davao City, Philippines, 8000","","","https://www.freightnet.com/profile/191391.htm","No"
"Eden farms","Mangga Guinacot  , GUINDULMAN, Bohol, 6310","","","https://www.freightnet.com/profile/192110.htm","No"
"ETMAR International Logistics Corporation","Blk 1 Lot 15 Kaimito Street , Quirino Hi-way, Caloocan City, PHILIPPINES, 1425","","","https://www.freightnet.com/profile/192796.htm","No"
"Swen Travel and Shipping Agency Inc.","Unit 502A1 ECJ Condominium , Real cor Arzobispo Sts, Intramuros Manila, NCR, 1002","","","https://www.freightnet.com/profile/152267.htm","No"
"7 Sea Air & Land Logistics Services, Inc.","Unit 504 Continental Court Condominium , Annapolis st., Greenhills, San Juan City, Metro Manila, 1502","","","https://www.freightnet.com/profile/7722.htm","No"
"Aniya freight forwarder","Blk 3 lot 30 malupiha subd. Malagamot panacan davao city , Davao city, Mindanao, 8000","","","https://www.freightnet.com/profile/190621.htm","No"
"Freight Options Inc","Suite 8 Gedcor Square Bldg , Ninoy Aquino Ave, Paranaque City,","","","https://www.freightnet.com/profile/4582.htm","No"
"JIT Express Corporation","LBC BLDG, 3RD Floor , Zuellig Road Reclamation Area Mandaue City, Cebu, Philippines, 6000","","","https://www.freightnet.com/profile/171205.htm","No"
"Freight Options Inc.","UNIT S8 GEDCOR SQUARE BLDG. IRASAN , BARANGAY SAN DIONISIO, PARANAQUE, metro manila, 1700","","","https://www.freightnet.com/profile/186060.htm","No"
"Softlink Global Pvt. Ltd.","3608, Cityland Pasong Tamo tower, 2210 Chino Roces Avenue , Makati City Metro Manila, Philippines, 1200","","","https://www.freightnet.com/profile/188416.htm","No"
"LinkAsia Forwarding Solutions Corporation, Philippines","G Flr Sotelo Bldg, Tambo, Paranaque City, Philippines , Paranaque, Philippines, 1700","","","https://www.freightnet.com/profile/157514.htm","No"
"RAB CUSTOMS BROKERAGE","B-29 L-12 J.P. Rizal St. Magsaysay, San Pedro Laguna  , San Pedro, Laguna, Philippines, 4023","","","https://www.freightnet.com/profile/132512.htm","No"
"JKL Logistics","412 Sineguelas St  , Sto Domingo II, Bo Pampanga, Davao City, Philippines, 8000","","","https://www.freightnet.com/profile/182519.htm","No"
"JCS Logistics Corporation","Suite 304 Dona Julita Building , Kamuning Road, Barangay Kamuning, Quezon City, Philippines, 1103","","","https://www.freightnet.com/profile/179553.htm","No"
"SWISS GLOBAL LOGISTIC SOLUTIONS INC","Unit 214 Waterside Living Complex,  ,  Julio Pacana St., Cagayan De Oro City, Misamis Oriental, Philippines, 9000","","","https://www.freightnet.com/profile/178383.htm","No"
"TRIPLE L FREIGHT SERVICES","MC BRIONES STREET MANDAUE CITY  , CEBU, MANDAUE, PHILIPPINES, 6014","","","https://www.freightnet.com/profile/166451.htm","No"
"FDI CUSTOMS BROKERAGE","UNIT 2-12 NES COMMERCIAL COMPLEX BUILDING , SAN DIONISO, PARANAQUE CITY, PARANAQUE, CITY, 1007","","","https://www.freightnet.com/profile/160413.htm","No"
"TRIPLE L FREIGHT SERVICES","POBLACION LILOAN , LILOAN CEBU, CEBU, PHILIPPINES, 6002","","","https://www.freightnet.com/profile/157588.htm","No"
"American Chartered Logistics","Suite 2005, 20th Flr., Antel Global Corporate Building, Julia Vargas Street., Pasig, Metro Manila, 1605","","","https://www.freightnet.com/profile/131883.htm","No"
"WINDEX LOGISTICS SERVICES","D3 BRIONES BLDG PUROK1 BRGY COMMUNAL BUHANGIN , DISTRICT DAVAO CITY, DAVAO CITY, Philippines, 8000","","","https://www.freightnet.com/profile/169742.htm","No"
"Metro Logistics Inc.","1405 Perla St., Brgy. 051 Zone 04 Dagupan, Tondo, Manila , 498-A Boni Ave., Plainview, Mandaluyong City, Metro Manila, Philippines, 1013","","","https://www.freightnet.com/profile/170153.htm","No"
"Goldenpathway Logistics Services","Bolcan St. Barangay Wilfredo Aquino, Agdao Davao City , Oro Storage, New Salmonan Street, Agdao District Davao City, Davao city, Philippines, 8000","","","https://www.freightnet.com/profile/169628.htm","No"
"Asialink Cargo Phil. Inc.","NAIA Ave. Cor. A. Bonifacio Ext. San Dionisio , Paranaque, Philippines, 1704","","","https://www.freightnet.com/profile/169133.htm","No"
"JLL LOGISTICS SERVICES","Aurora Quezon , DAVAO, DAVAO DEL SUR, 8000","","","https://www.freightnet.com/profile/168947.htm","No"
"ter","dfs , sdfs, sdfs, srewgfs, 7956419","","","https://www.freightnet.com/profile/167071.htm","No"
"Nations Freight Forwarding International Corp.","3/F Citadel Bldg., 637 Bonifacio Drive, Port Area, Manila, Philippines , Manila, Philippines, 1018","","","https://www.freightnet.com/profile/168712.htm","No"
"Mercury Freight International Inc.","NAIA Ave. Cor. A. Bonifacio Ext. San Dionisio , Paranaque, Philippines, 4103","","","https://www.freightnet.com/profile/167632.htm","No"
"R.A TRUCKING SERVICE","Tumaga,Zamboanga city , pasonanca,zamboanga city, zamboanga city, philippines, 7000","","","https://www.freightnet.com/profile/168435.htm","No"
"Henre' Activations Corp.","Corporate 101 Bldg. , Mother Ignacia St., Hagonoy Bulacan, Philippines, 3002","","","https://www.freightnet.com/profile/115393.htm","No"
"PHIL-EXPRESS INTERNATIONAL CARGO AND DELIVERY SERVICES INC.","NO. 31 BAC 1-11 ST., DON CARLOS VILLAGE, BARANGAY 190 , PASAY CITY, PHILIPPINES, 1300","","","https://www.freightnet.com/profile/158889.htm","No"
"conforme cargo express","room 204 dona eusebia building , quirino avenue paranaque city, paranaque, philippines, 1700","","","https://www.freightnet.com/profile/161835.htm","No"
"JTR International Cargo Services Inc.","Unit 311-D, 3rd Floor, Sitio Grande Building, A.Soriano Ave, Intramuros  Manila +632-2554182   cs.jtricsi@gmail.com, Manila    cs.jtricsi@gmail.com, PHILIPPINES, 1002","","","https://www.freightnet.com/profile/62550.htm","No"
"CNT WORLDWIDE TRANSPORT INC.","3333 New Panaderos Street Santa Ana , Metro Manila, Philippines, 1009","","","https://www.freightnet.com/profile/166727.htm","No"
"SEA KING CUSTOMS BROKERAGE AND LOGISTICS","g14 sugbutel hotel , osmena Blvd., Cebu City, Cebu, 6000","","","https://www.freightnet.com/profile/166274.htm","No"
"Capital Worldwide Express Cargo Corp.","Unit 2506, 25th Floor World trade Exchange , #215 juan luna street, binondo, Metro Manila Philippines, 1008","","","https://www.freightnet.com/profile/166219.htm","No"
"Northern Twinstar Trucking Services","Delas Alas St , Sta Ana, Manila, Philippines, 1011","","","https://www.freightnet.com/profile/139391.htm","No"
"Ernst International Logistics Corporation","208D Regina Building Escolta Manila 1006 , Manila, Philippines, 1006","","","https://www.freightnet.com/profile/149572.htm","No"
"Safecargo International Freight Services Inc","rm 529 Madrigal Bldg Escolta St Binondo Manila , Philippines brgy 291, Binondo Manila, manila philippines, 1601","","","https://www.freightnet.com/profile/137952.htm","No"
"Sendiva Logistics","8333 Dr. A Santos  , Sucat, Paranaque, Philippines, 1700","","","https://www.freightnet.com/profile/157861.htm","No"
"GPX Logistics","B-13 Leope M. Quibod Commercial Complex , 145 Rizal Street, Brgy. 3-A Poblacion, Davao, Philippines, 8000","","","https://www.freightnet.com/profile/145951.htm","No"
"STRETNO LOGISTICS SERVICES","Mantawi Drive North Reclamation Area, Mandaue City, Cebu , ML Quezon Street Cabancalan Mandaue City, CEBU CITY, MANDAUE, 6014","","","https://www.freightnet.com/profile/161556.htm","No"
"Philippines Cargo and Freight Forwarding","San Marcelino Street. , Malate, Manila, Philippines, 1004","","","https://www.freightnet.com/profile/149217.htm","No"
"POLARIS EXPRESS LOGISTICS CORPORATION","Unit 21 Cargo Village complex, Corner Mult8national Parañaque City , Manila, Philippines, 1711","","","https://www.freightnet.com/profile/158421.htm","No"
"7 Sea Air Land Logistics Inc.","Unit 504 Continental Court Condominium , No 47 Annapolis Street, Greenhills, San Juan City, Philippines, 1504","","","https://www.freightnet.com/profile/133574.htm","No"
"Trucklane Freight Forwarding Inc.","Rm301 Gedcor Bldg. Irasan Complex , Brgy. San Dionisio, Sucat, PARANAQUE CITY, METRO MANILA, 1700","","","https://www.freightnet.com/profile/159899.htm","No"
"SETH CARGO LOGISTICS INC.","unit 3 westgate bldg. sampson rd , Subic Bay Freeport Zone, Olongapo City, Philippines, 2200","","","https://www.freightnet.com/profile/143971.htm","No"
"CARGOFLEX HAULERS CORP.","892-A WAREHOIOUSE NO.1, J.AGUILAR AVENUE PAMPLONA III, LAS PINAS CITY PHILIPPINES , Las PInas, Philippines, 1740","","","https://www.freightnet.com/profile/161411.htm","No"
"B.A. Labaro Cargo Services","Unit 202 & 203 ECG Bldg.,Multinational Ave.,Multinational Village, Paranaque City, Philippines 1708 , Paranaque city, Philippines, 1708","","","https://www.freightnet.com/profile/121440.htm","No"
"PALRIK LOGISTICS SERVICES","ROOM 305  CROWN BLDG., NORTH ROAD SIX , NORTH RECLAMATION AREA, CEBU CITY, PHILIPPINES, 6000","","","https://www.freightnet.com/profile/151665.htm","No"
"MAXMADZ CARGO DELIVERY SERVICES","block 165 lot 8 Sitio Central Upper bicutan Taguig  , Taguig, Philippines, 1631","","","https://www.freightnet.com/profile/160799.htm","No"
"Three High Cargo Forwarder","km.13 Zone II Panacan , Davao, Davai City, 8000","","","https://www.freightnet.com/profile/135243.htm","No"
"Grateful ILT Logistics services","39 langka street project 2 quezon city , Metro Manila, National Capital Region, 1100","","","https://www.freightnet.com/profile/159639.htm","No"
"Asian Freeports Inc","Unit 506  Global Towers M. Reyes St. Bangkal  , Makati, Metro Manila, 1233","","","https://www.freightnet.com/profile/14699.htm","No"
"Leadway Cargo Logistics Inc","Unit 2607 26th Floor Worldtrade Exchange Bldg 215 Juan Luna St Brgy 287 Binondo Manila , Metro Manila, Philippines, 1006","","","https://www.freightnet.com/profile/154458.htm","No"
"JEA Forwarding Corporation","2348 Leyte St. Brgy. 751 , Sta. Ana, Manila, Philippines, 1004","","","https://www.freightnet.com/profile/159033.htm","No"
"ALL FLAG LOGISTICS INC.","PASCOR DRIVE  , PARANAQUE, PARANAQUE, PHILIPPINES, 0401","","","https://www.freightnet.com/profile/158381.htm","No"
"SENDIVA LOGISTICS CORPORATION","#8333 DR. A. SANTOS AVE BRGY SAN ANTONIO, SUCAT , PARAÑAQUE, PHILIPPINES, 1700","","","https://www.freightnet.com/profile/157866.htm","No"
"Davao City Miniforest Barangay 23","Miniforest, Barangay 23 , Davao City, Philippines, 56800","","","https://www.freightnet.com/profile/157823.htm","No"
"GEOJET logistics services inc.","3601-3602 Cityland Tower Pasong Tamo, Makati City , Makati, Philippines, 1007","","","https://www.freightnet.com/profile/157640.htm","No"
"A.B.V. Five Logistics One Corp.","Rm 417 FEMII Bldg. A. Soriano Jr. Ave. Intramuros , Manila, Philippines, 1002","","","https://www.freightnet.com/profile/100472.htm","No"
"Mendzs Freight Forwarding Corporation","107A ECJ Building Real Corner Arzobispo Streets Intramuros  , Manila, Philippines, 1002","","","https://www.freightnet.com/profile/157068.htm","No"
"Kerubinfreightforwarding","www.kerubinfreightforwarding.com ,  do not hesitate to e-mail me mgvitocruz@kerubinfreightforwarding.com, Paranaque, Philippines, 1700","","","https://www.freightnet.com/profile/156894.htm","No"
"Victories Freight Forwarding Int'l Inc.","Suite 509 Pacific Centre Bldg.,Quintin Paredes St.Binondo,Manila , Binondo, Philippines, 1006","","","https://www.freightnet.com/profile/156348.htm","No"
"Speedtrans International, Inc.","Suite 2807, 28th Floor, World Trade Exchange Bldg., 215 Juan Luna St., Binondo, Manila, Philippines , METRO MANILA, PHILIPPINES, 1006","","","https://www.freightnet.com/profile/155696.htm","No"
"RAMSKY FREIGHT SERVICES","311 - G Regina Building Escolta, Sta. Cruz, Manila , Sta.Cruz Manila, Philippines, 1006","","","https://www.freightnet.com/profile/155608.htm","No"
"leadway cargo logistics inc","Suite 2607 26th floor worldtrade exchange bldg. no. 215  , Juan Luna St Brgy 287 Zone 27 Binondo, Manila, Philippines, 1006","","","https://www.freightnet.com/profile/154390.htm","No"
"Surecargo Solutions Inc","S5 Gedcor Building Irasan St. Cor Ninoy Aquino Ave , San Dionisio, paranaque, Metro Manila, 1704","","","https://www.freightnet.com/profile/154657.htm","No"
"Airjelle International Cargo and Logistics","Unit B No.12 , Cruzidad Compound, Cainta, Rizal, 1900","","","https://www.freightnet.com/profile/140837.htm","No"
"RELIANCE-JAD CARGO FORWARDER","DOOR #6, Ana Dorina Building, Belen Road, Bo. Pampanga, Davao City , Davao City, philippines, 8000","","","https://www.freightnet.com/profile/153345.htm","No"
"Wallem Logistics Philippines Inc.","3/F Wallem Philippines Building, Beaterio corner Legaspi Sts., Intramuros, Manila, Philippines, 1002","","","https://www.freightnet.com/profile/152971.htm","No"
"Transmodal International Inc.","Ground Floor, TMI Centre Bldg. , Arzobispo St., Manila, Philippines, 1002","","","https://www.freightnet.com/profile/152793.htm","No"
"Mega Mile Trans International Cargo Services Inc.","Room 212 2nd Floor Intramuros Corporate Plaza, Recoletos St. Cor. Cabildo St. Intramuros, Manila. Philippines 1002 , Manila, Philippines, 1002","","","https://www.freightnet.com/profile/86721.htm","No"
"Hidalgo Transport Services","Cebu & Bohol trucking forwarding , Cebu Bohol, Cebu, Philippines, 6014","","","https://www.freightnet.com/profile/117440.htm","No"
"JCS logistic services","112 veterans ave. zamboanga city , Region IX zamboanga serve area, zamboanga, philippines, 7000","","","https://www.freightnet.com/profile/152274.htm","No"
"Excelsior Worldwide Freight Logistics Corp","Room C Ramagi Bldg 1081 Pedro Gil st Manila , Manila, Philippines, 1004","","","https://www.freightnet.com/profile/145725.htm","No"
"Pacific Cargo Services & Trading Corp.","Unit 310, Tower 2 , Somerset Condominium, Pasay City, Philippines, 1300","","","https://www.freightnet.com/profile/58890.htm","No"
"Northern Freight Services","437 , Urbiztondo st.binondo manila, Philippines, 1006","","","https://www.freightnet.com/profile/149716.htm","No"
"Sta isabel water station","210 Sta Isabel Kawit, Cavite , Kawit, Philippines, 4104","","","https://www.freightnet.com/profile/151195.htm","No"
"N/A","2043 Inocencio Tramo , Pasay City, Metro Manila, 1300","","","https://www.freightnet.com/profile/151098.htm","No"
"Kowen Logistics and Services","1401 Mandaue City , Cebu City, PHILIPPINES, 6000","","","https://www.freightnet.com/profile/58684.htm","No"
"PTC Agency & Transport Inc.,","G/F, Merry Land Building 1157 Don Chino Roces Ave., San Antonio Village, Makati City Philippines 1203 , METRO MANILA, MAKATI CITY, Philippines, 1203","","","https://www.freightnet.com/profile/144650.htm","No"
"Nadja Hijab CotabatoPh","Unit 1, Fahad Zacaria Apt. Macapagal st. , Stall #1 Nadja Hijab Albethzon bldg, Jose lim Sr, St. Cotabato City Maguindanao, Cotabato City, Maguindanao, 9600","","","https://www.freightnet.com/profile/149660.htm","No"
"ATR FREIGHT/ RA REYES CUSTOMS BROKERAGE","Unit 313 Myers Building, R.S. Oca cor. A.C. Delgado Sts. Port Area Manila, Philippines 1018 , Manila, Philippines, 1018","","","https://www.freightnet.com/profile/149556.htm","No"
"ETMAR International Logistics Corporation","Blk 1 Lot 15 Kaimito Street , Quirino Highway, Caloocan City, Philippines, 1425","","","https://www.freightnet.com/profile/149622.htm","No"
"Asiafreight Logistics Inc","8530 Juanita de Leon St. , San Dionisio, Sucat, Paranaque, Philippines, 1700","","","https://www.freightnet.com/profile/138304.htm","No"
"HIGH CUBE FREIGHT FORWARDER","Reta Avenue, Dona Salud Subdivision, Km. 10, Sasa, Davao City , Davao City, Philippines, 8000","","","https://www.freightnet.com/profile/149094.htm","No"
"Timecargo Logistics Corporation","Unit 1107 Cityland Herrera Tower V.A. Rufino st., cor. Valero sts., Salcedo Village Makati City , Davao Office :  Door 5 Sasa Road, Brgy. Panakan Davao City, Makati, Philippines, 1227","","","https://www.freightnet.com/profile/149080.htm","No"
"fastline international freight services","ROOM 309 MADRIGAL BLDG. NO. 286 ESCOLTA STREET BINONDO MANILA , MANILA, PHILIPPINES, PHILIPPINES, 1006","","","https://www.freightnet.com/profile/145963.htm","No"
"GLOBALISTICS FREIGHT SERVICES CORP.","Unit 1806 West Trade Center, 132 West Avenue , Quezon City, Metro Manila, 1104","","","https://www.freightnet.com/profile/142653.htm","No"
"Star-Link Cargo Solutions, Inc.","Unit 1008 State Center Building, Juan Luna St. , Binondo, Metro Manila, Philippines, 1006","","","https://www.freightnet.com/profile/136609.htm","No"
"FTG Express Philippines","Door 7 Valencia Corporate Center Arellano Street Davao City 8000 , Davao City, Philippines, 800-","","","https://www.freightnet.com/profile/145549.htm","No"
"JYSR Customs Brokerage","DE LOS REYES Bldg.  City of Talisay, Cebu , Cebu, Philippines, 6045","","","https://www.freightnet.com/profile/147342.htm","No"
"Caritas","blk 16 lot 11 area 3 , kilatang alley, Caloocan, 1400","","","https://www.freightnet.com/profile/147292.htm","No"
"PremierLogistics Inc.","B5 J.King Warehouse, Brgy. Cambaro, A.C Cortes Mandaue City, Cebu, Philippines , Cebu, Philippines, 6014","","","https://www.freightnet.com/profile/147240.htm","No"
"Better Cargo Solutions","Unit 301 Loyola Heights Condominium , Esteban Abada St., Quezon City, Philippines, 1100","","","https://www.freightnet.com/profile/86223.htm","No"
"PRONTO EXPRESS DISTRIBUTION, Inc.","Filipinas Benson Warehouse , Ireneville Subdivision, Paranaque City, Philippines, 1700","","","https://www.freightnet.com/profile/146408.htm","No"
"FILPORT EXPRESS BROKERAGE INC","Yngen Bldg 888b Sabak st. Magsaysay Road Brgy. San Antonio San Pedro Laguna , Yngen Bldg 888b Sabak st. Magsaysay Road Brgy. San Antonio San Pedro Laguna, Laguna, Philippines, 4023","","","https://www.freightnet.com/profile/140735.htm","No"
"GIAN CARLO XPRESS CARGO","BLOCK 5 LOT 12, ZONE AHOS 6.5, BO., PAKNAAN, MANDAUE CITY,CEBU 6014 , , VISAYAS,","","","https://www.freightnet.com/profile/141524.htm","No"
"FTG Express Philippines","Door 7, Valencia Corporate Center , Arellano Street, Davao City, 8000","","","https://www.freightnet.com/profile/143054.htm","No"
"HabaSped Logistics Phils., Inc.","3601 Cityland Pasong Tamo Tower Don Chino Roces Ave., Makati City , Makati, Makati, 1230","","","https://www.freightnet.com/profile/145644.htm","No"
"SOONEST GLOBAL EXPRESS CORP.","1908 M.Guazon St. Paco, Manila, 1007 Philippines , Metro Manila, PHILIPPINES, `1007","","","https://www.freightnet.com/profile/145461.htm","No"
"PremierLogistics Inc.","B5 J.King Warehouse, Brgy. Cambaro, A.C Cortes Mandaue City, Cebu, Philippines , Cebu, Philippines, 6014","","","https://www.freightnet.com/profile/145373.htm","No"
"Manila Redbox Cargo","Level 10-1 One Global Place , 25th Street corner 5th Avenue, Taguig City, Philippines, 1634","","","https://www.freightnet.com/profile/144442.htm","No"
"LARGA INTERNATIONAL LOGISTICS INC","UNIT 403 KIMMEE BLDG. T.M. KALAW , ERMITA MANILA, METRO MANILA, Philippines, 1000","","","https://www.freightnet.com/profile/144903.htm","No"
"Prime Movers Total Logistics, Inc.","Prime Movers Bldg., Holy Name St., Mabolo, Cebu City, Philippines , Cor. Opal & Jade Sts., Casals Village, Mabolo, Cebu City, Philippines, Cebu, Philippines, 6000","","","https://www.freightnet.com/profile/55013.htm","No"
"Sun East Asia Transport, Inc.","Blk. 1 Lot 68 Canaynay Ave. BF Martinville , Las Pinas, Metro Manila, 1750","","","https://www.freightnet.com/profile/140557.htm","No"
"JTR INTERNATIONAL CARGO SERVICES INC.","for DO releasing- Unit 18 4th floor Evelina Kalaw Pines Bldg , PeNafrancia st. corner pedro gil Ave Paco Manila, Paco Manila, Philippines, 1018","","","https://www.freightnet.com/profile/143917.htm","No"
"SPEEDLIGHT CARGO MOVERS CORP.","RM 228D REGINA BLDG. , MANILA, PHILIPPINES, 1006","","","https://www.freightnet.com/profile/143811.htm","No"
"Royal Cargo Inc.","Lapu-Lapu City , Cebu, Philippines, 6015","","","https://www.freightnet.com/profile/143583.htm","No"
"Kalibr Freight and Customs Services","Rm. 304 M. Diaz Bldg., J. Avila St., Capitol Site , Cebu, City, Philippines, sales.kfcs@gmail.com","","","https://www.freightnet.com/profile/139548.htm","No"
"FTG EXPRESS PHILIPPINES","Door 7 Valencia Corporate Centre,  Arellano Street, Davao City, Philippines, 8000","","","https://www.freightnet.com/profile/141546.htm","No"
"RMA CARGO LOGISTICS INC.","Brgy. Guizo, Mandaue City , Cebu, Philippines, Mandaue City, Cebu,Philippines, 6014","","","https://www.freightnet.com/profile/142756.htm","No"
"Philippine GBCB Management Corporation","2nd Floor, Asinas Building , Sandawa Road, Davao City, Philippines, 8000","","","https://www.freightnet.com/profile/142647.htm","No"
"FTG Express","Door 7 Valencia Corporate Centre, Araullo Street , Davao City, Davao del Sur, Philippines, 8000","","","https://www.freightnet.com/profile/142304.htm","No"
"Epic Rater Logistics, Inc.","Bldg. D - 35 Rawis Compound Sta. Fe. Brgy. 118 Tondo , Manila, NCR, 1012","","","https://www.freightnet.com/profile/141630.htm","No"
"Taphigh Cargo Forwarding Services Corp.","Rm.308A Centennial Bldg., Calle Escolta St. Binondo Manila Philippines , Manila, Philippines, 1012","","","https://www.freightnet.com/profile/141444.htm","No"
"Macfrei Express Brokerage Services","13 Graceful st. BF Almanza Las Pinas City , Las Piñas City, Philippines, 1750","","","https://www.freightnet.com/profile/141556.htm","No"
"FM Global Logistics (Phil.), Inc.","2/F TMI Centre Building, Arzobispo St. , Intramuros, Manila, 1002","","","https://www.freightnet.com/profile/140797.htm","No"
"Yatari Express Phils. Inc","Suite 2906 world trade exchange Building juan luna st. BINONDO , Manila Philippines , Manila, Manila, 1006","","","https://www.freightnet.com/profile/140443.htm","No"
"Express Airfreight Movers, Inc","Unit 206, VVS Bldg., Multinational Access Road, Multinational Village, Bryg., Sto Nino, NCR, Philippines, 4025","","","https://www.freightnet.com/profile/107312.htm","No"
"Speciale Logistics Corporation","Lot 1-A Sunrise St., Concored Village, Paranaque City , Paranaque, Philippines, 1700","","","https://www.freightnet.com/profile/131703.htm","No"
"Mega Milestone Transport Services Inc","Unit 2726 The Archers One Building 2320 Taft Avenue , Manila, Philippines, 1004","","","https://www.freightnet.com/profile/140291.htm","No"
"World Reliance Forwarding Services Corp","Unit F/G Tower 3 Xavier Hills, Gilmore St., Quezon City Philippines , Quezon City, Philippines, 1100","","","https://www.freightnet.com/profile/139934.htm","No"
"Cargoworldwide Express incu it","Unit 203 , Mercantile Insurance Bldg, Manila, Philippines, 1002","","","https://www.freightnet.com/profile/139852.htm","No"
"Cadence Int'l Freight Service Inc","3/F Rm 303-B Velco Center, Corner R.S. Oca and A.C Delgado St. South Harbor, Manila , Rm 1C, Lot 1 612 Zamora St., Centro Mandaue City, Cebu Ph, Manila, Philippines, 1002","","","https://www.freightnet.com/profile/139819.htm","No"
"Hutchison-1 Logistics Inc.","301 Merchantile Insurance Bldg Inramuros Manila , Manila, Philippines, 1002","","","https://www.freightnet.com/profile/139446.htm","No"
"Giver Whale Int'l Freight Inc.","3-A 3rd Flr., Lopez Bldg., Pasay City , Pasay City, Manila, Philippines, 1309","","","https://www.freightnet.com/profile/139420.htm","No"
"WE-GO Logistics Int'l. Corp.","3/F Rm. 319 Sitio Grande Building, A. Soriano Avenue, Intramuros, Manila, 1002","","","https://www.freightnet.com/profile/135749.htm","No"
"AM CARGO & LOGISTICS MGT., INC.","Sitio Camarin, Barangay Lizada, Toril, Davao City , Davao City, Philippines, 8025","","","https://www.freightnet.com/profile/138875.htm","No"
"BTS CARGO SOLUTIONS","North Reclamation Area,  Cebu City , Cebu, Philippines, 6000","","","https://www.freightnet.com/profile/117749.htm","No"
"L.A. MALATE Freight Forwarding Services","23 E. Cruz St. Cruzville Zabarte Road , Novaliches Quezon City, Philippines, 1124","","","https://www.freightnet.com/profile/112142.htm","No"
"Pacific& Premium Freight Logistics INT'L., INC.","Rm 314  JO  A.  Bldg North Road 6 North Reclamation Area , Cebu City  , Cebu City, Philippines, 6000","","","https://www.freightnet.com/profile/138544.htm","No"
"Beca Logistics","Rsti Compound Km 16 las pinas city , manila, philippines, 1700","","","https://www.freightnet.com/profile/138377.htm","No"
"Speedmax Intl Cargo Solutions Corp","Unit F201, Myers Building, RS Oca St corner AC Delgado Sts, Port Area, Manila, Philippines , Manila, Philippines, 1018","","","https://www.freightnet.com/profile/138166.htm","No"
"JLM International Logistics Inc","441-C Regina Bldg. Escolta St. Sta. Cruz Manila , NCR, Philippines, 1006","","","https://www.freightnet.com/profile/134996.htm","No"
"Easy Go Movers always on the go","89-a las Aguada's corner Abanil street ozamis cit mis. Occ , Ozamis city, Philippines, 7200","","","https://www.freightnet.com/profile/137977.htm","No"
"TWIN'S K CARGO SPECIALIST","RM. 527 MADRIGAL BLDG. ESCOLTA, BINONDO MANILA , 601 B RAXA BAGO ST. GAGALANGIN TONDO MANILA, MANILA, PHILIPPINES, 1006","","","https://www.freightnet.com/profile/99035.htm","No"
"CG International Freight Services Inc.","510 Burke Bldg. Burke St. Cor. Escolta St. Sta.Cruz, MAnila , Metro Manila, Philippines, 1006","","","https://www.freightnet.com/profile/137446.htm","No"
"Argo International Forwarders, Inc.","505 Roligon Compound Quirino Ave. Tambo , Paranaque City, Philippines, 1700","","","https://www.freightnet.com/profile/82138.htm","No"
"CARMINA JOY A. UY CUSTOMS BROKERAGE","2611 K JESUS ST PANDACAN, MANILA , 2223 SYQUIA ST CORNER TEJERON STA.ANA MANILA, MANILA, PHILIPPINES, 1011","","","https://www.freightnet.com/profile/112980.htm","No"
"Cullen Global Logistis Intl Inc.","302 Splendor Place Building , Ermita, Malate, 1000","","","https://www.freightnet.com/profile/135824.htm","No"
"FAIRLIFT INTERNATIONAL LOGISTICS, INC.","51 TIONQUIAO ST.,BF MARTINVILLE , LAS PINAS CITY, MANILA, PHILIPPINES, 1744","","","https://www.freightnet.com/profile/58300.htm","No"
"ARSEA CAGAYAN FORWARDER, INC.","211 WATERSIDE LIVING COMPLEX JULIO PACANA ST. , Cagayan De Oro City, Misamis Oriental, 9000","","","https://www.freightnet.com/profile/135629.htm","No"
"F.A.P. LOGISTICS","BHHA Busay Heights Subdivision Nivel Hills Lahug , F.E ZUELLIG AVE MANDAUE NORTH RECLAMATION AREA MANDAUE CITY, CEBU, Cebu City, Cebu, 6000","","","https://www.freightnet.com/profile/136241.htm","No"
"Quick & Fast International Logistics, Inc","12th Floor Ramon Magsaysay Center , 1680 Roxas Boulevard, Malate, Manila, philippines, 1004","","","https://www.freightnet.com/profile/19939.htm","No"
"DRF LOGISTICS INTL INC","UNIT E UPPER FLOOR FJO BLDG , MC BRIONES HI-WAY STREET, CEBU, PHILIPPINES, 6014","","","https://www.freightnet.com/profile/129721.htm","No"
"SURECARGO SOLUTIONS, INC.","S 211 Gedcor Building Ninoy Aquino Avenue Irasan St. , San Dionisio, Paranaque City, 1700","","","https://www.freightnet.com/profile/97063.htm","No"
"ANCORR LOGISTICS SERVICES INC.","G/F 3588 Correa Building, Delpan Ext.  , Corner San Gabriel St., Manila, Metro Manila (NCR), 1012","","","https://www.freightnet.com/profile/134666.htm","No"
"PROLINE LOGISTIC PHILIPPINES, INC.","Room 302 The Centennial Building, No. 375 Calle Escolta, Binondo, Manila, Philippines , Manila, Philippines, 1006","","","https://www.freightnet.com/profile/114779.htm","No"
"SwissCargo Logistics","Unit 607 Civic Place Condominium, Civic Driive Avenue, Filinvest, Alabang, Muntilupa City , Cabuyao, Laguna, Cabuyao City, Laguna, Philippines, 1227","","","https://www.freightnet.com/profile/106719.htm","No"
"Uppercity Multimodal Forwader","57 Waling-Waling st.Tahanan Village Pque city/ , Rm. 315-A FUBC Bldg Escolta Manila, manila, Philippines, 1003","","","https://www.freightnet.com/profile/119785.htm","No"
"PEGA Cargo Express Co., Ltd.","Rm. 416C Regina Building , 410 Burke Street, Escolta, MANILA, PHILIPPINES, 1006","","","https://www.freightnet.com/profile/132401.htm","No"
"WILTEAM EXPRESS PADALA, INC.","Room 302 The Centennial Building, 375 Calle Escolta, Binondo, Manila , Manila, Philippines, 1006","","","https://www.freightnet.com/profile/120972.htm","No"
"STEADFAST CARGO FREIGHT MANAGEMENT COMPANY","1460 Librada Avelino Street , Pandacan, Manila, Philippines, 1011","","","https://www.freightnet.com/profile/132225.htm","No"
"I-port Global Logistics Inc","Rm. 204 Ledesma Building , Real cor. General Luna STs, Manila, Philippines, 1002","","","https://www.freightnet.com/profile/100565.htm","No"
"TRI-STAR CARGO EXPRESS INT'L PHILS., INC.","NO. 1 MULTINATIONAL AVE. COR. KAINGIN ROAD MULTINATIONAL VILLAGE PARANAQUE, PHILIPPINES , PARANAQUE, PHILIPPINES, 1700","","","https://www.freightnet.com/profile/59301.htm","No"
"PLATINUM BELL FREIGHT CORPORATION","Rm 208 Ledesma Bldg., cor Gen. Luna & Real St., Manila, Philippines, 1012","","","https://www.freightnet.com/profile/132369.htm","No"
"GateLink Cargo International (Philippines), Inc.","4/F Burke Building, Escolta Street , Binondo , Manila, Philippines, 1006","","","https://www.freightnet.com/profile/132537.htm","No"
"RAMACULA CARGO EXPRESS","BLK . 3 LOT  30 PHS. 2 WOODVILLE  SUBD. BRGY PASONG KAWAYAN II GEN. TRIAS CAVITE , MOLAVE ST., GEN.TRIAS, Cavite, 4117","","","https://www.freightnet.com/profile/128869.htm","No"
"Via Sea and Air Cargo Solutions Inc","Unit 802 Cintiley Condominium 1278 Jose Abad Santos St corner Padre Algue Tondo Manila , Manila, Philippines, 1013","","","https://www.freightnet.com/profile/118493.htm","No"
"Nominated Freight International Services Inc.","168 M.L Quezon Street , Casuntingan, Mandaue City, Cebu Philippines, 6014","","","https://www.freightnet.com/profile/19969.htm","No"
"FLI LOGISTICS","16 Libis Talisay , Caloocan City, Metro Manila, Philippines, 1400","","","https://www.freightnet.com/profile/130679.htm","No"
"NOBILITY INTL FREIGHT FORWARDING SERVICES INC","RM 603 STANISCO TOWER , 999 PEDRO GIL ST. ERMILA, MANILA, PHILIPPINES, 1000","","","https://www.freightnet.com/profile/130345.htm","No"
"CG INTERNATIONAL FREIGHT SERVICES INC","rm 510 Burke Bldg. Burke St. Binondo , manila, philippines, 1006","","","https://www.freightnet.com/profile/127646.htm","No"
"Globaltrans Corporation","Cityland, Salcedo Village, Makati City , Metro Manila, Philippines, 1227","","","https://www.freightnet.com/profile/84055.htm","No"
"BLITZ Express Forwarder","182 CM Recto Avenue  , Lapasan, Cagayan de Oro City, Philippines, 9000","","","https://www.freightnet.com/profile/129428.htm","No"
"Quanterm Logistics Phils., phoebe@quanterm.com","Rm 300 Centennial Bldg Escolta Binondo , Manila CIty, Philippines, 1006","","","https://www.freightnet.com/profile/128668.htm","No"
"Commercial Freight Services, Inc","Ground Floor Shipping Centre Building , 707 Andres Soriano Jr. Ave., Intramuros, Manila, Manila, 1002","","","https://www.freightnet.com/profile/23614.htm","No"
"CARGOSHIP INC.","Unit 1918 Cityland Herrera Tower, Herrera St. Salcedo Village , Makati City, Philippines, 1227","","","https://www.freightnet.com/profile/62271.htm","No"
"LME MOVERS","9436 Cecille St. Brgy.Vitalez Paranaqu City , none, none, Philippines, 1700","","","https://www.freightnet.com/profile/90961.htm","No"
"PHILI ORIENT WORLDWIDE EXPRESS","RM.208 N&N CORTES ARCADE, CORTES ST., MANDAUE CITY, CEBU PHILIPPINES , SUN-OK, CONSOLACION, CEBU, CEBU, PHILIPPINES, 6014","","","https://www.freightnet.com/profile/113445.htm","No"
"World Cargo Container, Inc. - Email me for request: janinestaana@worldcargo.ph","Suite C 2/F Royal Bay Terrace , UN Avenue corner Cortada Street, Ermita, Manila, 1000","","","https://www.freightnet.com/profile/120002.htm","No"
"Jedmar Cargo Express","201 Nangka, Consolacion, Cebu , Consolacion, Philippines, 6001","","","https://www.freightnet.com/profile/85193.htm","No"
"Inland Corporation","470 Solana St. Intramuros Manila, Philippines , Manila, Philippines, 1002","","","https://www.freightnet.com/profile/104235.htm","No"
"ARM-G International Logistics, Inc","U201 The Manila Residences Tower 1 Building 2320, Taft Avenue, Malate , Manila, Philippines, 1003","","","https://www.freightnet.com/profile/100670.htm","No"
"Goldmines Transport Corporation","515 Quirino Avenue , Tambo, Paranaque City, Metro Manila, 1701","","","https://www.freightnet.com/profile/60774.htm","No"
"JTR International Cargo Services Inc.","unit 207a Velco bldg port area manila , unit 207a Velco bldg port area manila, Manila, n/a, n/a","","","https://www.freightnet.com/profile/118848.htm","No"
"CADANO CARGO TRANSPORT SERVICES INC","Unit 404 CYA Building, No. 282 EDSA Extension , Metro Manila, Philippines, 1301","","","https://www.freightnet.com/profile/57435.htm","No"
"TPF Forwarding Network (Philippines)","CARGO VILLAGE COMPLEX BLDG. A, CORNER MULTINATIONAL AND NINOY, PARANAQUE CITY, PHILIPPINES, 17000","","","https://www.freightnet.com/profile/117411.htm","No"
"TBB UNIVERSAL LOGISTICS, INC.","​Unit 1003 Cityland 10 Tower 1 H.V. dela Costa St., Salcedo Village Brgy. Bel Air , MAKATI CIYT, PHILIPPINES, 1226","","","https://www.freightnet.com/profile/116101.htm","No"
"ALEA FREIGHT FORWARDING CO.","Rm. 413 Downtown Center Bldg. 516 Quintin Paredes St. Binondo , Manila, Philippines, 1000","","","https://www.freightnet.com/profile/91710.htm","No"
"Sun East Asia Transport, Inc.","Block 1 Lot 68 Canaynay Ave. BF Martinville , Las Pinas, Philippines, 1740","","","https://www.freightnet.com/profile/100142.htm","No"
"MAJESTIC GROUP GLOBAL LOGISTICS INC","RM. 412 FEMII MAIN BLDG A. SORIANO AVE. INTRAMUROS MANILA , MANILA, PHILIPPINES, 1002","","","https://www.freightnet.com/profile/97824.htm","No"
"Spedizioni Freight & Cargo Services","205 Business Development Center , Baclaran, Philippines, 1700","","","https://www.freightnet.com/profile/114392.htm","No"
"G.Dimasuhid Express Cargo Forwarder","dumaguete city , negros oriental, philippines, 6200","","","https://www.freightnet.com/profile/113545.htm","No"
"I-CIRERA EXPRESS WORLDWIDE INC.","207 Speaker Perez St., corner Del Monte Avenue, Quezon City, Metro Manila, 1114","","","https://www.freightnet.com/profile/85454.htm","No"
"INTERFREIGHT CARGO EXPRESS, INC","2nd Floor, Gedcor Building, Irasan Street , San Dionisio, Paranaque City, Paranaque City, Philippines, 1700","","","https://www.freightnet.com/profile/112722.htm","No"
"Coast to Coast International Logistics","San miguel, Linao talisay City, cebu philippines , Cebu, Philippines, 6045","","","https://www.freightnet.com/profile/61185.htm","No"
"Redstone International Freight Forwarder Inc.","Room 315A, FUBC Building , Escolta, Manila, Philippines, 1006","","","https://www.freightnet.com/profile/112360.htm","No"
"Tagentir Pro Creation","Block 9 Lot 3 DECA BAYWALK , Dumlog Talisay City, Cebu, Talisay City, Cebu, 6045","","","https://www.freightnet.com/profile/112010.htm","No"
"Sea Star Express Corporation","6th floor Ramon Magsaysay Center 1680 Roxas Boulevard Manila Philippines , Manila, Philippines, 4002","","","https://www.freightnet.com/profile/7880.htm","No"
"High Lite forwarders express","habitat gate 1 tagbilaran city 6300 , antequera , bohol, Tagbilaran, Philippines, 6300","","","https://www.freightnet.com/profile/110941.htm","No"
"Xelent Logistics, Inc","Unit 17 Cargo Village , Ninoy Auino International Airport Rd. Cor. Multinational Village, Parañaque City, District I, 1700","","","https://www.freightnet.com/profile/14562.htm","No"
"LF Global Logistics Solutions, Inc.","Unit E2, G/F Echelon Tower , 2100 A. Mabini Street, Manila, Philippines, 1004","","","https://www.freightnet.com/profile/82483.htm","No"
"3526Freight Forwarding Corporation","311 MNA Bldg., Bonifacio Drive  Cor., 2nd  St., Port Area Manila ,Philippines , 311 MNA Bldg./, Bonifacio Drive Cor., 2nd St., Port, Area Manila , Philippines, City of Manila, philippines, 1018","","","https://www.freightnet.com/profile/52328.htm","No"
"NMPS Inc.","Ciudad Nuevo Subdivision , Naic, Csvite, Cavite City, Naic, 1410","","","https://www.freightnet.com/profile/109083.htm","No"
"A.T.E. Freight Phils., Inc.","Unit 3-B Broadlands Bldg. , P. Mayuga St. MIA Road, Paranaque City, Philippines, 1701","","","https://www.freightnet.com/profile/98654.htm","No"
"Cargo Dominant Worldwide Logistics, Inc.","Unit 304 Puso ng Maynila Bldg., 1046 A. Mabini St. , Ermita, Manila, 1000","","","https://www.freightnet.com/profile/107063.htm","No"
"Alli Cargo Transport","25 Remarville Ave. Pamplona II, Las Pinas City , Las Pinas City, Philippines, 1740","","","https://www.freightnet.com/profile/99252.htm","No"
"none","Paglaum Village blk, 17, Lot 27, Brgy. Mansilingan, Bacolod City, Negros Occidental , same, Bacolod City, Negros Occidental, Philippines, 6100","","","https://www.freightnet.com/profile/107023.htm","No"
"Frontier SupplyChain Inc.","Brgy. Loyola Heights, 317 Katipunan Ave. , Quezon City, Philippines, 1108","","","https://www.freightnet.com/profile/106270.htm","No"
"CP World Philippines, Cebu","Rm. 203-B 2nd Floor LDM Bldg. , M.J. Cuenco Corner Legazpi Street, Cebu, Philippines, 6000","","","https://www.freightnet.com/profile/106681.htm","No"
"VC Dumaug Cargo Forwarder","1242 Tag-ibo, Dalipuga , Iligan City, Lanao Del Norte, 9200","","","https://www.freightnet.com/profile/103741.htm","No"
"AEROWORLD LOGISTICS PHILS., INC.","Aeroworld Building, #1D Sampaguita Circle, Salvador Estate, Dr. A. Santos Avenue (Sucat Road) , Paranaque City, Philippines, 1700","","","https://www.freightnet.com/profile/83776.htm","No"
"Alliance Intl Moving & Logistics","19 Langka Street , Project 2, Quezon City, 1102","","","https://www.freightnet.com/profile/13504.htm","No"
"Acestar International Services Corporation","211 Quirino Ave, Tambo , Paranaque City, Manila, 1014,","","","https://www.freightnet.com/profile/12495.htm","No"
"RT2 LOGISTICS AND INTERNATIONAL TRADING INC.","B9 L2 KAUNLARAN VILLAGE 2 MOLINO 3 , BACOOR, CAVITE, 4102","","","https://www.freightnet.com/profile/50053.htm","No"
"Quail Trucking","# 19 Rizal , Lapaz, Iloilo City, Lapaz, 5000","","","https://www.freightnet.com/profile/17347.htm","No"
"JTR INTERNATIONAL CARGO SERVICES INC","UNIT 207A VELCO CENTRE BLDG , RS OCA COR AC DELGADO STS , PORT AREA, MANILA, PHILIPPINES, 10008","","","https://www.freightnet.com/profile/91105.htm","No"
"PTC AGENCY & TRANSPORT, INC.","3rd FLR. FIRST MARITIME PLACE , 7458 BAGTICAN ST., MAKATI CITY, PHILIPPINES, 1203","","","https://www.freightnet.com/profile/50359.htm","No"
"Xtreme Cargo Logistics Corporation","P&J Lim Building, Tiano-Kalambaguhan Sts. Cagayan de Oro City , Julio Pacana St., Catimco Compound, Puntod, Cagayan de Oro City, n/a, Cagayan de Oro City, 9000","","","https://www.freightnet.com/profile/103908.htm","No"
"Aniya freight forwarder","2 nd ave airview heights km10 sasa davao city , Davao city, Philippines, 8000","","","https://www.freightnet.com/profile/103595.htm","No"
"Housemaid","Al ain, UAE , Al shuaibah, Al ain, United arab emirates, 1182","","","https://www.freightnet.com/profile/103004.htm","No"
"BELFRAN IMPORT-EXPORT & CO.","Intramuros , Manila, Philippines, 1004","","","https://www.freightnet.com/profile/102460.htm","No"
"CHNGWENGPINGYANG LOGISTIC & INT'L FREIGHT FORWARDER CORP.","Room 402-A, 4th Flr, FEMII Annex Bldg., A. Soriano Ave., Intramuros, Manila , Metro Manila, Manila, 1002","","","https://www.freightnet.com/profile/50810.htm","No"
"Jexsan Logistics Philippines Inc.","No. 14 Unit 7 Sweet Pea Street Dona Manuela Subd. , Pamplona 3 Las Pinas City, Las Pinas, Philippines, 1740","","","https://www.freightnet.com/profile/100470.htm","No"
"Tap World Express Inc.","Sucat , Paranaque, Philippines, 1700","","","https://www.freightnet.com/profile/98824.htm","No"
"JTR International Cargo Services, Inc","unit 207A velco centre bldg. rs oca cor ac delgado st south harbour port area manila , manila, Philippines, 1002","","","https://www.freightnet.com/profile/98312.htm","No"
"JTR INTERNATIONAL CARGO SERVICES INC.","UNIT 207 VELCO Center, RS Oca corner AC Delgado Sts., South Harbor , Port Area Manila, Philippines, 1018","","","https://www.freightnet.com/profile/90889.htm","No"
"Antares Logistics, Inc.","1003B Alpha Grandview Condominium , 1716 M. H. Del Pilar St., Malate, Manila, Manila, Philippines, 1000","","","https://www.freightnet.com/profile/97233.htm","No"
"Jmc Cargo Forwarder","4062 S. De Guzman Street Don Galo Paranaque , Paranaque, Philippines, 1700","","","https://www.freightnet.com/profile/91028.htm","No"
"Widelink Port Solutions Inc.","27A P.B. Dionisio Bldg. D.A. Roces Ave., Quezon City , Quezon City, Quezon, 1103","","","https://www.freightnet.com/profile/97016.htm","No"
"GIGANTIC CARGO MOVERS","PONCIANO STREET , DAVAO CITY, PHILIPPINES, 8000","","","https://www.freightnet.com/profile/96977.htm","No"
"Road Sea Air Trans Logistics Incorporated","Rm 215 KRC Building Subangdaku Mandaue City 6014 , Cebu, Philippines, 6014","","","https://www.freightnet.com/profile/90731.htm","No"
"Syndicate Alan I Miss You","Makati City, Makati City, Makati City, Philippines, 1231","","","https://www.freightnet.com/profile/95147.htm","No"
"GOLDMINES TRANSPORT CORPORATION","193-C QUIRINO AVE,BACLARAN , PARANAQUE, PHILIPPINES, 1702","","","https://www.freightnet.com/profile/56579.htm","No"
"Toll-MacroAsia Philippines Inc","8th Floor 111 Paseo De Roxas Bldg , Paseo De Roxas Ave, Makati City, Metro Manila, 1228","","","https://www.freightnet.com/profile/20003.htm","No"
"AEROSEA Int'l Freight Forwarding Co.","Unit 2A Atelo Building 680 Anda St., Intramuros Manila 1002 Philippines , LTI Calamba Laguna, Philippines, Manila, Philippines, 1002","","","https://www.freightnet.com/profile/85216.htm","No"
"GATELINK CARGO INTERNATIONAL (PHILS.), INC.","4/F Burke Building, Escolta St., Binondo, Manila, Philippines , Manila, Philippines, 1002","","","https://www.freightnet.com/profile/45730.htm","No"
"Deep Ocean shipping and logistics","Senedo Building A.C. Cortes Street , Mandaue city, Philippines, 6014","","","https://www.freightnet.com/profile/95077.htm","No"
"YHK International Forwarder & Brokerage, Inc","65 Howmart Rd , Baesa, Quezon City, 1106","","","https://www.freightnet.com/profile/3519.htm","No"
"Brighten Freight International Inc","3F Malate Bayview Mansion , Adriatico Street, Malate, Manila, Philippines, 1004","","","https://www.freightnet.com/profile/94558.htm","No"
"Transmodal International Inc","2/F Palacio Grande Building, Gen. Luna Cor Anda Sts , Intramuros, Manila,","","","https://www.freightnet.com/profile/1817.htm","No"
"Cargo Liner Int'l Freight Inc.","2/Flr Luzco Bldg., W. Burke cor. Dasmarinas Binondo, Mla. , Binondo, Mla., Philippines, 1000","","","https://www.freightnet.com/profile/91542.htm","No"
"XELENT LOGISTICS, INC.","Parañaque , Parañaque, Philippines, 1708","","","https://www.freightnet.com/profile/91333.htm","No"
"Freight Brokers Inc.","Phase 1-C, Kaunlaran Village , Navotas City, Philippines, 1409","","","https://www.freightnet.com/profile/90875.htm","No"
"quick freight international","1006 owa bldg. muralla st. intramuros, manila , manila, manila city, 1006","","","https://www.freightnet.com/profile/90499.htm","No"
"ROYAL CARGO COMBINED LOGISTICS, INC.","Royal Cargo Building, Sta. Agueda Avenue, Pascor Drive , Parañaque City, Philippines, 1704","","","https://www.freightnet.com/profile/51917.htm","No"
"Royal Cargo Combined Logistics","Rcc Building, Sta Agueda Ave , Pascor Drive, 1704 Paranaque, Manila,","","","https://www.freightnet.com/profile/1953.htm","No"
"Reimo International Freight & Logicstics Inc.","Rm 451 Pasilla Delos Reyes Bldg., Juan Luna St., Binondo Manila, Philippines, 1600","","","https://www.freightnet.com/profile/87232.htm","No"
"High5 Logistics Freight Forwarding","#4 Kindness ST.Peace Valley Subd.Lahug,cebu City , Cebu City, Philippines, 6000","","","https://www.freightnet.com/profile/86495.htm","No"
"santiago exports","Quezon City , Jolly Town, Quezon City, 6408","","","https://www.freightnet.com/profile/86672.htm","No"
"Power Express Forwarder, Inc.","P. Remedio St. , Barangay Banilad, Mandaue City, Philippines, 6014","","","https://www.freightnet.com/profile/85527.htm","No"
"Natural Logistic Inc.","1103, Ermita Center Bldg, 1350 Roxas Boulevard , Ermita, Philippines, 1000","","","https://www.freightnet.com/profile/86149.htm","No"
"Manila Interglobal Logistics Incorporated","Unit 308 Sunrise Centre Bldg , Pablo Ocampo St. Malate, Manila, 1004","","","https://www.freightnet.com/profile/13932.htm","No"
"5 Systems Logistics Int","Rm.204 Cityland Condominium10 Toer II, 154 H.V. Dela Costa St , Salcedo Village, Makati City, 1209","","","https://www.freightnet.com/profile/11637.htm","No"
"YHK International Logistics Corp","48 Howmart Road , Baesa, Quezon City, Metro Manila, 1106","","","https://www.freightnet.com/profile/21567.htm","No"
"RP Logistics Phils Co","Rm. 206B Excelsior Hotel , 161 Roxas Blvd, Paranaque City, Baclaran, 1770","","","https://www.freightnet.com/profile/16104.htm","No"
"Lambert Williams Logistics Inc.","J1 Ninoy Aquino Ave , Paranaque, GMA, 1700","","","https://www.freightnet.com/profile/24290.htm","No"
"ACL Cargo Express","Blk 39 Lot 4 Phase II Genises St.  , Emily Homes Cabantian, Davao city, Davao city, Philippines, 8000","","","https://www.freightnet.com/profile/57333.htm","No"
"OUTBOX FORWARDING SERVICES","Lot 21 Blk 9, Canaynay avenue, BF MArinville Manuyo 2, Las Pinas City , Paranaque, Philippines, 1700","","","https://www.freightnet.com/profile/63236.htm","No"
"Spy NET Communication","#34 Kalawaan , Darangan, Binangonan, Rizal,","","","https://www.freightnet.com/profile/6335.htm","No"
"First Line Logistics Management Co.","Door 7 Rosal Building , Belen Road, Pampanga, Davao City, Davao del Sur, 8000","","","https://www.freightnet.com/profile/14415.htm","No"
"Pinoy Global Kargo Logistics, Inc.","KM.17 , West Service Road, Parañaque, Philippines, 1700","","","https://www.freightnet.com/profile/82574.htm","No"
"Good Hands Logistics International, Inc","8th Floor Ramon Magsaysay Center , 1680 Roxas Boulevard, Malate, Manila, 1004","","","https://www.freightnet.com/profile/10908.htm","No"
"GLOBALTRANS FREIGHT FORWARDING AND BROKERAGE CORPORATION","Room 2415, 24th Floor Cityland 10 Tower 1 Salcedo Village Makati City , Makati, Philippines,","","","https://www.freightnet.com/profile/55981.htm","No"
"Armg International Logistics, Incorporated","Unit 201 The Manila Residences Tower 1 Building 2320 Taft Avenue , Malate, Manila, 1004","","","https://www.freightnet.com/profile/82143.htm","No"
"ECG Express Transport","Suite 86-B Gerasmio Compound , T. Padilla Street, Cebu City, 6000","","","https://www.freightnet.com/profile/2594.htm","No"
"FIRST SMART INT'L. FORWARDING INC.","RM. 820 MBI BLDG., PLAZA STA. CRUZ , STA. CRUZ, MANILA, MANILA, MANILA, 1006","","","https://www.freightnet.com/profile/56760.htm","No"
"red surplus center","brgy. man-it, passi city , brgy man it, iloilo city, Philippines, 5037","","","https://www.freightnet.com/profile/64769.htm","No"
"Gaffco","Unit 18 153 Ed & Joes Arcade , Tambo, Paranaque, Philippines, 14008","","","https://www.freightnet.com/profile/4909.htm","No"
"Royal Cargo Combined Logistics, Inc.","Sta. Agueda Avenue, Pascor Drive , Paranaque City, Philippines, 1704","","","https://www.freightnet.com/profile/55507.htm","No"
"J-PAC LOGISTICS INC.","Finlandia St. Makati City , Makati, Philippines, 1006","","","https://www.freightnet.com/profile/63833.htm","No"
"I-Port Global Logistics Inc.","Suite 204 Ledesma Building General Luna cor Real Street , Intramuros, Manila, Philippines, 1002","","","https://www.freightnet.com/profile/62867.htm","No"
"GRM  INTERNATIONAL,INC.","UNIT  QR  COLUMBIA  COMPLEX  BUILDING,707 NINOY AQUINO  AVE., PARANAQUE CITY,PHILIPPINES , METRO MANILA, PHILIPPINES, 1700","","","https://www.freightnet.com/profile/60962.htm","No"
"oceantides express logistic","room 311 FUBC building 413 escolta st,. binondo manila , manila, philippines, 1740","","","https://www.freightnet.com/profile/62692.htm","No"
"JUNTI TRADE","12-C Times St. West Triangle , Quezon City, Philippines, 1002","","","https://www.freightnet.com/profile/43726.htm","No"
"OBC NVO CALL CENTER LTD. CO. An Oceanbridge Group","Indo China Drive  Northgate Cyberzone , FCC Filinvest Corporate City, Alabang, Philippines, 1770","","","https://www.freightnet.com/profile/50331.htm","No"
"Monark Worldwide","561 Meneses Bldg. Suite 203 Prsidents ave. , BF Homes, Paranaque, Metro Manila, 1700","","","https://www.freightnet.com/profile/22303.htm","No"
"Kingspeed International Freight Express","G/F TanggolBldg. 118-C St. Jude St. Hipodromo , Cebu City, Cebu, 6000","","","https://www.freightnet.com/profile/23025.htm","No"
"Meister Transport Inc","HHC 636 Victoria Cor. Basco Sts , Intramuros, Manila, 1002","","","https://www.freightnet.com/profile/9561.htm","No"
"ADUANA INTERNATIONAL FREIGHT FORWARDING SERVICES INC","SUITE 501 & 502 METROPOLITAN TOWER 1746 A MABINI ST MALATE MANILA PHILIPPINES , 2059 DR M CARREON ST STA ANA MANILA PHILIPPINES, MALATE, MANILA, 1004","","","https://www.freightnet.com/profile/58954.htm","No"
"Protop Logistics, Inc.","Rm. 200-A Regina Bldg , Escolta, Sta. Cruz, Manila, 1000","","","https://www.freightnet.com/profile/10230.htm","No"
"Pilot Cargo Chain Solution Inc.","Rm. 502 FUBC Bldg. Escolta St., Binondo, Manila, Manila, Philippines, 1006","","","https://www.freightnet.com/profile/58786.htm","No"
"SPRINGER  INTERNATIONAL INC.  an international  freight forwarders  and logistics company","Dragon Bldg.,Pascor Drive Sto.Nino Paranague City 1740 Philippines , same, Paranaque City, philippines, 1740","","","https://www.freightnet.com/profile/52283.htm","No"
"Worldlink Express Logistics","2882 Kaibigan Street, Karangalan Village , Manggahan Pasig, Pasig City, 1600","","","https://www.freightnet.com/profile/18034.htm","No"
"Cargo2Konek Logistics, Inc","3D Osmena Building, 1991 A. Mabini Street , Malate, Manila, ronald-c2k@hotmail.com, 1001","","","https://www.freightnet.com/profile/12418.htm","No"
"ACL Cargo Logistics, Inc","2nd floor, SBL Building , Gen. Maxilom Avenue, Ext, Cebu City, Cebu, 6000","","","https://www.freightnet.com/profile/17788.htm","No"
"Sea Dragon Shipping & Logistics, Inc.","448-E Regina Building, Escolta St., Binondo, Manila , Metro Manila, Philippines, 1106","","","https://www.freightnet.com/profile/51684.htm","No"
"Imex Cargo Solutions","G/F Venus Dea Bldg. , Panaganiban, Cebu City, Cebu City, Philippines, 6000","","","https://www.freightnet.com/profile/54173.htm","No"
"RAISE FREIGHT FORWARDING SERVICES","Rm 207 STP Bldg. Marquina St. cor. Dasmarinas St. Binondo, Manila , Manila, Philippines, 1006","","","https://www.freightnet.com/profile/55982.htm","No"
"genesis logistics global services incorporated","door 2 lee bldg. , hernaez st.ext., bacolod city, negros occidental, 6100","","","https://www.freightnet.com/profile/55525.htm","No"
"Royal Cargo Combined Logistics, Inc.","Royal Cargo Bldg , Sta. Agueda Ave., Pascor Drive, Parañaque City, Metro Manila, 1704","","","https://www.freightnet.com/profile/23160.htm","No"
"RV FREIGHT AND SERVICES","LAPU-LAPU CITY , CEBU, BABAG 1, PHILIPPINES, 6015","","","https://www.freightnet.com/profile/55352.htm","No"
"Fast-Tract Freight Phils Inc","Rm 330 Padilla Delos Reyes Bldg , Juan Luna St, Binondo, Manila, 1006","","","https://www.freightnet.com/profile/8706.htm","No"
"SEA TRANZ LOGISTIC, INC.","Rm. 611 Manufcturer's Bldg. Sta. Cruz Plaza, Sta. Cruz , Manila City, Philippines, 1003","","","https://www.freightnet.com/profile/54922.htm","No"
"San Antonio Freight Express","3rd Floor Romar Building , Dr. A. Santos Avenue, San Dionisio, Paranaque City, Metro Manila, 1700","","","https://www.freightnet.com/profile/8062.htm","No"
"CG International Freight Services Inc.","Room 510 Burke Bldg., cor. Burke & Escolta Sts., Binondo, Manila, Manila, Philippines, 1006","","","https://www.freightnet.com/profile/53987.htm","No"
"Royale Custom Cargo Inc","2nd Floor, RCC Bldg , 430 Dr. J Quintos St., Malate, Manila, Metro Manila, 1004","","","https://www.freightnet.com/profile/22671.htm","No"
"CP World Philippines, Inc","Room 1703 Antel Corporate Center, 121 Valero St., Salcedo Village, Makati City, Philippines, 1200","","","https://www.freightnet.com/profile/23961.htm","No"
"Urgent Cargo Express International Forwarder & Brokerage Inc","URGENT CARGO EXPRESS INTERNATIONAL ""WAREHOUSE"" Dr A Santos Avenue Sucat Road Parañaque City , METRO MANILA, Philippines, 1700","","","https://www.freightnet.com/profile/6574.htm","No"
"Rb Freight Int'l., Inc.","Bencar Building, 1098 Sanciangco Street, Otis, Paco , Manila, Philippines,","","","https://www.freightnet.com/profile/2383.htm","No"
"Cargo Max, Inc.","#36 Macopa St. Verdant Subdivision Las Pinas City , Manila,","","","https://www.freightnet.com/profile/4388.htm","No"
"Soriamont Steamship Agencies Inc.","3/F Miriam House , 151 Legazpi St., Legaspi Village, Makati City, Manila, 1229","","","https://www.freightnet.com/profile/22723.htm","No"
"ECFS INT'L FORWARDING INC.","RM 401, No. 335, T. Pinpin St. , Escolta, Binondo, Manila, 1006","","","https://www.freightnet.com/profile/48409.htm","No"
"ECFS Int'l Forwarding, Inc.","RM 401, No. 335, T. Pinpin St. , Escolta Binondo, Manila, Philippines, 1006","","","https://www.freightnet.com/profile/49231.htm","No"
"GateLink Cargo International (Phils.), Inc.","4/F Burke Building, Escolta St. Binondo, Manila, Philippines , n/a, n/a, Philippines, 1006","","","https://www.freightnet.com/profile/45815.htm","No"
"EXPERT EXPRESS CARGO MOVERS, INC","Mezz 3 YIC Building , 1002 UN Ave. cor. San Marcelino St., Manila, Philippines, 1007","","","https://www.freightnet.com/profile/47817.htm","No"
"Powerfreight Logistics Services, Inc","Unit 408 Puso ng Maynila Bldg. 1046 A. Mabini St.  , Cor. U.N. Ave. Ermita, Manila, 1000","","","https://www.freightnet.com/profile/24148.htm","No"
"Freight Dynamics, Inc.","Suite 4b, No. 1820 Leon Guinto St., Malate, Manila, Manila, Philippines,","","","https://www.freightnet.com/profile/455.htm","No"
"Jugro Transport Int'l Phils Corp","3818 Mascardo St. , Corner Pasong Tamo, Makati City, Philippines, 1204","","","https://www.freightnet.com/profile/817.htm","No"
"Icon Logistics, Inc.","Unit L4 Diovic Bldg. , Dr. A Santos Ave, Parañaque City, Metro Manila, 1700","","","https://www.freightnet.com/profile/829.htm","No"
"Smart Choice Freight Forwarder","Suite 301 Dona Eusebia Bldg , 0611 Quirino Ave, Paranaque City, Metro Manila,","","","https://www.freightnet.com/profile/1331.htm","No"
"Yatari Express Philippines, Inc.","Suite 415-417 Federation Center Building , Muelle De Binondo, Manila, Philippines, 1600","","","https://www.freightnet.com/profile/1739.htm","No"
"Pac-Atlantic Lines (Phils) Inc.","3/F, Ecj Building, Real & Arzobispo Streets, Intramuros , Manila, Philippines,","","","https://www.freightnet.com/profile/2381.htm","No"
"Sea Net Int'l Phils Inc","Suite 425 Regina Bldg. , #410 Calee Escolta, Binondo Manila, Philippines, 1006","","","https://www.freightnet.com/profile/2603.htm","No"
"Gc Legend Freight Forwarder Inc.","Rm. 209 Madrigal Bldg. Escolta, Binondo Manila, Philippines , Rm. 201 Madrigal Bldg., Escolta, Binondo Manila, Philippines, Manila, Philippines, 1006","","","https://www.freightnet.com/profile/2733.htm","No"
"Pcm Express System, Inc","Pcm House  , Patville Subd., Ayala Access Road, Mabolo, Cebu City, 6000","","","https://www.freightnet.com/profile/2844.htm","No"
"Dero Logistic Services Corp.","Rm.206 Lcd & Co. Union Bldg Bonifacio Dr. Port Area, Manila, Philippines , Manila, 1018","","","https://www.freightnet.com/profile/2853.htm","No"
"Madeson Express Services, Inc.","178 3rd B St., V. Rama Avenue , Cebu City, 6000","","","https://www.freightnet.com/profile/2870.htm","No"
"Global  Network  Freight  Phils.,  Inc.","Suite 300 Doña Felisa Syjuco Bldg. , Taft Avenue Corner Remedios Street, Malate, Manila, 1004","","","https://www.freightnet.com/profile/2932.htm","No"
"Mla World Transport, Inc.","Rm 601, Ipi Buendia Towers , Senator Gil Puyat Ave, Pasay City, Metro Manila, Manila, 1300","","","https://www.freightnet.com/profile/2970.htm","No"
"Aboitiz Orient Shipping Corp.","75577 Dela Rosa St., Near Cor. Pasong Tamo, Makati City , Makati, Philippines, 1200","","","https://www.freightnet.com/profile/3016.htm","No"
"Seafield Int'l Freight Svcs. Corp.","Rm307 Perla Mansion Bldg;carlos Palanca St;legaspi Village Makati City , Makati City, Philippines, 1229","","","https://www.freightnet.com/profile/3191.htm","No"
"Carrije Cargo, Inc","Anflocor Building  , 411 Quirino Avenue, Cor. Naia Road, Parañaque City, 1700","","","https://www.freightnet.com/profile/3300.htm","No"
"Troika Freight Intl Co","Room 304 Peterson Building , 352 T. Pinpin Street, Cor. Escolta, Binondo, Manila,","","","https://www.freightnet.com/profile/3741.htm","No"
"Aboitiz Projects Ts Corp","7577 Dela Rosa Street 4th Floor , Batungbacal Building, Makati City, Metro Manila,","","","https://www.freightnet.com/profile/3887.htm","No"
"Heritage Freight International, Inc","Rooms 402 & 403, 4th Floor, Madrigal Building , Calle Escolta, Binondo, Manila, 1006","","","https://www.freightnet.com/profile/3927.htm","No"
"Aerosea Worldwide Freight & Brokerage Services","Rm. 202, Gerzon's Bldg., 174 Wireless , Mandaue City, Cebu, 6014","","","https://www.freightnet.com/profile/4073.htm","No"
"Northern Logistics Unlimited System Inc","Rm. 307 Lbb 1 Building , 820 Remedios Street, Malate, Manila, 1004","","","https://www.freightnet.com/profile/4292.htm","No"
"King Solomon Freight Forwarding Inc","94 JP Rizal Ext , Maypajo, Caloocan City, 1410","","","https://www.freightnet.com/profile/4832.htm","No"
"Global Era Logistics, Inc.","Rm. 218b Regina Building , Escolta Street, Binondo, Manila, Manila, Philippines, 1006","","","https://www.freightnet.com/profile/5195.htm","No"
"Khs Express Corp.","No. 20 Palomaria St. Veterans Village Q.C. , No. 14 Nicasio St. Sn Rafael Village Balut, Tondo, Metro Manila, Philippines, 1105","","","https://www.freightnet.com/profile/5286.htm","No"
"New Century Link Freight Forwarding Services, Inc.","Rm 205 Martinez Building , Dasmarinas, Binondo, Metro Manila, Manila,","","","https://www.freightnet.com/profile/5366.htm","No"
"Frontliner Cargo Express, Inc.","2nd Floor Garcia Building , 169 Ml Quezon Street, Lower Bicutan, Taguig, Metro Manila, Philippines,","","","https://www.freightnet.com/profile/5423.htm","No"
"Bp Mata & Co Inc","873 Edsa Near Quezon Ave.,q.C. Philippines , Quezon City, Philippines, 1100","","","https://www.freightnet.com/profile/5574.htm","No"
"International Pacific Freight System, Inc.","Unit 4B, Osmena Bldg. , 1991 A. Mabini St., Malate, Manila,","","","https://www.freightnet.com/profile/5801.htm","No"
"Asian Wings Express Incorporated","Rm 306-D GGB Building , Pascor Drive, Sto Nino, Paranaque City,","","","https://www.freightnet.com/profile/5960.htm","No"
"World Prime Logistics Inc","Room 457 Regina Building , 410  Escolta Street  Binondo, Manila,","","","https://www.freightnet.com/profile/6744.htm","No"
"Rapid, Inc.","3rd Floor Citadel Bldg. , 637 Bonifacio Drive, Port Area, Manila,","","","https://www.freightnet.com/profile/7053.htm","No"
"Unitrade Express Cargo System","280 D Tupas Street , Barangay Sawang Calero, Cebu City,","","","https://www.freightnet.com/profile/7093.htm","No"
"Jemara International Freight Services Inc.","Suite 202-204 Ledesma Bldg. , Real cor. Gen.Luna Sts., Intramuros, Manila,","","","https://www.freightnet.com/profile/7123.htm","No"
"Wellcross Freight Group","1506-07 Cityland Herrera Tower, V.A. Rufino St , Salcedo Village, Makati City, Metro Manila, 1227","","","https://www.freightnet.com/profile/7338.htm","No"
"PRAETORIAN LOGISTICS","333A REGINA BLDG., ESCOLTA STREET , BINONDO, MANILA,","","","https://www.freightnet.com/profile/7549.htm","No"
"Soonest Freight Express Services","Rm. 420 Madrigal Bldg. No. 286 Escolta St. Binondo Manila , Manila, Binondo/Cebu,","","","https://www.freightnet.com/profile/7749.htm","No"
"EB Freight Route Transport","5/F MNA Bldg., 186 2nd Street cor. Bonifacio Drive, Port Area , Manila,","","","https://www.freightnet.com/profile/7881.htm","No"
"SHCEI Int'l Philippines","Rm.206 Pheonis Bldg. , Recoletos St. Intramuros, Manila, ,","","","https://www.freightnet.com/profile/7889.htm","No"
"ROI Customs Brokerage","Ground Floor, Champ Building, Bonifacio Drive,, Metro Manila,","","","https://www.freightnet.com/profile/7890.htm","No"
"Multi Access Freight-Links Intl","Rm 411 Padilla delos Reyes Bldg. , 232 Juan Luna St., Binondo,, Manila,","","","https://www.freightnet.com/profile/7935.htm","No"
"Taisaku International Logistics Inc","266H P  Ocampo Sr  Ave , San Antonio Village, Makati City, 1203","","","https://www.freightnet.com/profile/7990.htm","No"
"Pier Trooper Cargo Express","Unit 206-207 Salud Dizon Bldg , 1 # 5 Mia Road, Paranaque City,","","","https://www.freightnet.com/profile/8479.htm","No"
"Pac-Atlantic Lines (Phils.) Inc.","2F Pac-Atlantic Centre , 2917 Finlandia St., San Isidro, Makati City, Metro Manila, 1234","","","https://www.freightnet.com/profile/8662.htm","No"
"GLS Interfreight, Inc","7th floor, United Life Bldg , 837 Arnaiz Avenue, Makati City, Metro Manila, Luzon,","","","https://www.freightnet.com/profile/8690.htm","No"
"RML Express International Corporation","1695 Evangelista Street,, Bangkal, Makati City,","","","https://www.freightnet.com/profile/8799.htm","No"
"Interglobe Express Cargo Movers Inc.","Unit 401 Burke Bldg. W. Burke St. Escolta , Manila,Philippines,","","","https://www.freightnet.com/profile/8839.htm","No"
"HQ Freight Services Inc","Rm 423E 4th FL Nativdad Bldg T. Pinpin St Cor Calle Escolta , Binondo, 1001","","","https://www.freightnet.com/profile/9441.htm","No"
"Synergy Logistics Philippines Inc","HVG Arcade , Subangdaku, Mandaue City, Cebu, 6014","","","https://www.freightnet.com/profile/9520.htm","No"
"JCIB Express Cargo Movers Corp","Suite 525 Madrigal Building Escolta St , Binondo, Manila, Philippines, 1000","","","https://www.freightnet.com/profile/9719.htm","No"
"Seagate Cargo One Services, Inc","Suite 301, Dona Eusebia Bldg, 0611 Quirino Ave , San Dionisio, Paranaque City, 1700","","","https://www.freightnet.com/profile/10256.htm","No"
"5 Powers Transport Systems Corporation","252 Fresno Street , Pasay City, 1025","","","https://www.freightnet.com/profile/10457.htm","No"
"M.S. Freight Transport Int","Rm.324-A BOC Bldg , Manila, Intramuros Manila, 1002","","","https://www.freightnet.com/profile/10851.htm","No"
"Absolute Logistics Phils. Inc","4th Floor Champ Building , Anda Circle Port Area Manila, Manila, 1018","","","https://www.freightnet.com/profile/10932.htm","No"
"Brennan International Transport Services","Room 104 C & F Ramirez Building II , S B Cabahug St Centro, Mandaue City, Cebu, 6004","","","https://www.freightnet.com/profile/11200.htm","No"
"Freight Machine Logistics Management Services","Room 104 C & F Ramirez Building II S B Cabahug St , Centro, Mandaue City, Cebu, 6004","","","https://www.freightnet.com/profile/11201.htm","No"
"SCM Cargo Logistics Inc","RM.310 A Fub Escolta Street , Sta. Cruz, Manila, 1001","","","https://www.freightnet.com/profile/11294.htm","No"
"Tri-Eagle International Freight Forwarders Inc.","Suite 211 Burke Bldg., W.Burke St., Cor. Escolta, Sta. Cruz, Manila, Philippines, 1006","","","https://www.freightnet.com/profile/11304.htm","No"
"Beta Shipping Moss Philippines Inc","Unit 306 Vareb Mansion , 1679 A. Mabini Street Corner Malvar Street, Malate, 1004","","","https://www.freightnet.com/profile/11348.htm","No"
"Macu Intl Transport, Inc","2nd Flr. #50 DPI Bldg. Driod Street , Cubao, Quezon City, 1060","","","https://www.freightnet.com/profile/11359.htm","No"
"OceanAir Transport Services Inc","Unit 11/3rd Floor, MAGA Center , Paseo De Magallanes, Makati,","","","https://www.freightnet.com/profile/11399.htm","No"
"Love Box Forwarder","34  Minstrel St , Kingsville Court, Antipolo city, Rizal, 1870","","","https://www.freightnet.com/profile/11458.htm","No"
"Asian Wings Express, Incorporated","Room 306-D GGB Building , Pascor Drive, Sto. Niño, Parañaque City, 1742","","","https://www.freightnet.com/profile/11522.htm","No"
"Klydes Intl","Unit A Guzmar Building, Dr.Santos Avenue , Paranaque City, Manila, 1700","","","https://www.freightnet.com/profile/12117.htm","No"
"Kornet Express Inc","Rm 217 Miascor Cargo Center , Ninoy Aquino Ave, Paranaque City, 1700","","","https://www.freightnet.com/profile/12631.htm","No"
"Mark Davies International Corporation","Suite 1001 Federal Tower Condominium Dasmarinas St. , Binondo, Manila, 1006","","","https://www.freightnet.com/profile/13057.htm","No"
"First Pacific Container Lines, Inc.","Rm.314 FEMII Bldg , A. Soriano Street, Intramuros, Manila, 1002","","","https://www.freightnet.com/profile/13270.htm","No"
"Digital Freight International Services","Digital Bldg. # 26 , Gemini Street, Pamplona Dos, Las Piñas City, Metro Manila, 1740","","","https://www.freightnet.com/profile/13455.htm","No"
"AJ&J Cargo Movers, INC","1949 San Marcelino St , Malate, Manila, 1100","","","https://www.freightnet.com/profile/14202.htm","No"
"JARNE Logistics","Room 403 4th Floor Raha Sulayman Bldg. , Benavidez St., Legaspi Village, Makati City, Philippines, Makati, 1700","","","https://www.freightnet.com/profile/14313.htm","No"
"Pacific Express Logistics","Rm. 407 Burke Building , Manila, Metro Manila, 1006","","","https://www.freightnet.com/profile/14372.htm","No"
"Orient China Intl Freight Forwarders, Inc","Room 404, First United Building Corporation , No. 413 Escolta, Manila, 1006","","","https://www.freightnet.com/profile/16186.htm","No"
"Globalnet Express (Phils.)","North Reclamation Area , Cebu City, Cebu, 6000","","","https://www.freightnet.com/profile/17000.htm","No"
"Uni-Ship, Inc","3/F ECJ Building , Real Street, Intramuros, Manila, Metro Manila, 1002","","","https://www.freightnet.com/profile/17541.htm","No"
"XLogistics, Inc","Lot 8, Blk 4, North Reclamation Area , Subangdaku, Mandaue City, Cebu, 6014","","","https://www.freightnet.com/profile/17681.htm","No"
"Aduana Intl Freight Forwarding Services, Inc","744 Romualdez St , Ermita, Manila, 1000","","","https://www.freightnet.com/profile/18747.htm","No"
"MEL Container Lines","Unit 1 4 F Maga Center Paseo De Magallanes , Makati City, 60001","","","https://www.freightnet.com/profile/18979.htm","No"
"Celerity Forwarders Inc","1000  A. Mabini Street   , Ermita, Manila, 1000","","","https://www.freightnet.com/profile/19047.htm","No"
"Skylyre Int'l Logistics Inc.","2nd Floor Ecg Bldg. Multinational Avenue, Multinational Village, Parañaque City, Metro Manila, 1700","","","https://www.freightnet.com/profile/19384.htm","No"
"Kawamura Intl Freight, Inc","Suite 304 Gedcor Square Bldg., Ninoy Aquino Ave , Cor. Irasan St. San Dionisio, Paranaque City, Manila, 1700","","","https://www.freightnet.com/profile/19442.htm","No"
"Jarne Logistics Philippines, Inc","3rd Flr. Raha Sulayman Building , 108 Benavidez Street, Legaspi Village, Makati City, Manila, 1229","","","https://www.freightnet.com/profile/19874.htm","No"
"Portstar Container Line, Inc.","211-A Quirino Avenue , Brgy. Tambo, Paranaque City, National Capital Region, 1701","","","https://www.freightnet.com/profile/20052.htm","No"
"Starhub Trans-logistics Company","Unit 102 Jtic Bldg., No. 622 Shaw Blvd. Corner Samat St. , Mandaluyong, Metro Manila, 1550","","","https://www.freightnet.com/profile/20545.htm","No"
"Seaport International Freight Services, Inc.","Unit 501-I State Center Bldg #333 Juan Luna St. Binondo Manila, Philippines , Metro Manila, Manila City, Manila, 1000","","","https://www.freightnet.com/profile/20662.htm","No"
"Intertraffic Transport Corporation","650 Quirino Avenue , San Dionisio, Paranaque City, Manila, Metro Manila, 1702","","","https://www.freightnet.com/profile/21044.htm","No"
"Gbl International Logistics Phils., Inc.","Suite 302 Ermita Center, Arquiza Street , Ermita, Malate, Manila, Manila, Manila, 1004","","","https://www.freightnet.com/profile/21356.htm","No"
"Worklink Services, Inc.","Batangas St. San Isidro , Batangas St. San Isidro, Makati, Philippines, 1234","","","https://www.freightnet.com/profile/21503.htm","No"
"PHILI ORIENT WORLDWIDE EXPRESS","RM. 208 N&N CORTES ARCADE CORTES ST., MANDAUE CITY, CEBU PHILS. , #63 PINAGKAISAHAN, CHICAGO ST., CUBAO, QUEZON CITY, MANILA PHILS., CEBU CITY, PHILIPPINES/CEBU, 6014","","","https://www.freightnet.com/profile/21777.htm","No"
"Goldbridge Intl Freight Forwarders Inc","Lg02 Crispina Bldg , Quezone Avenue, Manila, 1006","","","https://www.freightnet.com/profile/21907.htm","No"
"Globallinks Express, Inc","4/F., Emerald Green Bldg., C.V. Starr Avenue , Pamplona, Las Piñas City, Metro Manila, 1740","","","https://www.freightnet.com/profile/22371.htm","No"
"Seaquest International Freight Forwarders, Inc.","1716 Ma. Guerrero St.  , Malate, Manila, 1004","","","https://www.freightnet.com/profile/22562.htm","No"
"Davis Global Cargo Express, Inc","Room 4 G/f Laiko Building , 372 Cabildo St. Intramuros, Manila, 1002","","","https://www.freightnet.com/profile/22740.htm","No"
"BLUE ORIENT LOGISTICS PHILS., INC.","2nd Floor MIACO Building Zabarte Rd.,Novaliches , Quezon City, Philippines, Quezon City, 1124","","","https://www.freightnet.com/profile/23179.htm","No"
"Shining Eagle Logistics Freight Inc,","Rm 211 Burke Building , Binondo, Manila, 1006","","","https://www.freightnet.com/profile/23400.htm","No"
"Philbase Express Freight Logistics Corp","Unit 3D CS Building #28 C.Jose Street , Malibay, Pasay City, Philippines, 1300","","","https://www.freightnet.com/profile/23574.htm","No"
"Atlantic Globe Movers, Inc.","7th Floor, Ramon Magsaysay Center , 1680 Dr. Quintos St. Roxas Boulevard, Manila, 1004","","","https://www.freightnet.com/profile/24106.htm","No"
"JOE WELL LOGISTIC SERVICES","560 SAN FRANCISCO ST. MANUYO LAS PINAS CITY  , LAS PINAS CITY, PHILIPPINES, 1744","","","https://www.freightnet.com/profile/24125.htm","No"
"Masterlink Cargo Service, Inc.","Unit 2 B-2 Jade Garden Manila , #574 H. Lopez Blvd. Street, Tondo, Manila, Metro Manila, 1400","","","https://www.freightnet.com/profile/24236.htm","No"
"FastSpeed Cargo Service Inc.","# 65-B Homestead Drive , Vista Verde Country Homes, Cainta Rizal, Metro Manila, 1600","","","https://www.freightnet.com/profile/44531.htm","No"
"MC GLOBAL FREIGHT SOLUTIONS INC","Rm 503 Burke Building Escolta St. Binondo Manila , Binondo, Philippnes, 1006","","","https://www.freightnet.com/profile/55098.htm","No"
"HARRIER BOX LINE INC","505 5th Floor King's Court 2 Bldg. #2129 Chino Roces Ave. Makati City, Philippines , Makati City, Metro Manila, 1233","","","https://www.freightnet.com/profile/58642.htm","No"
"Calnet Cargo Forwarder","Aniger Centre bldg. 5400 S. Osmeña hi way cor. Cailes st. brgy. Bangkal Makati City , Makati, Philippines, 63/02","","","https://www.freightnet.com/profile/59327.htm","No"
"Lalaine Logistics International Inc.","6 Dominic Savio , Betterliving Subd., Paranaque City, Philippines, 1711","","","https://www.freightnet.com/profile/63712.htm","No"
"HARBPORT FREIGHT FORWARDING","N3A5 Coastal Plaza Condominium , Fajardo St., Las Pinas City, Philippines, 1740","","","https://www.freightnet.com/profile/84455.htm","No"
"Unicargo International Forwarding","Rm. 100 Mercantile Insurance Bldg., Gen. Luna corner Beaterio Street , Intramuros, Manila, Philippines, 1002","","","https://www.freightnet.com/profile/93448.htm","No"
"Rapidtrans Logistics Inc.","Suite 603 Madrigal Building , No. 286 Escolta Street, Manila, Philippines, 1600","","","https://www.freightnet.com/profile/108414.htm","No"
"Blue Orient Logistics Philippines Inc.","North Fairview , Quezon City, Philippines, 1121","","","https://www.freightnet.com/profile/116800.htm","No"
"ESDY TRADING AND FORWARDING SERVICES","47 emerald st. bernabe subd. , Bernabe phase 3, Philippines, 1700","","","https://www.freightnet.com/profile/130501.htm","No"
"Import Dynamics","Unit A, Blk 3 Lot 3 A. Canaynay Ave. BF Martinville , Las Pinas City, Philippines, 1744","","","https://www.freightnet.com/profile/132579.htm","No"
"BICM GENESIS FREIGHT INTERNATIONAL INC","RM 121 SKYFREIGHT BLDG B, SKYFREIGHT CENTER, NINOY AQUINO AVE BRGY STO NINO , PARANAQUE CITY, PHILIPPINES, 1704","","","https://www.freightnet.com/profile/134063.htm","No"