"name","address","phone","website","profileUrl","isPremiumMember"
"Deslow Forwarder, Lda","Av. Santos e Castro , Terminal de Carga Aérea, Lisboa, Portugal, 1750-364","+351 210 507 896","https://www.deslowforwarder.com/","https://www.freightnet.com/profile/262330.htm","Yes"
"SHIP4LINK, TRANSITÁRIOS, UNIP. LDA","TRAVESSA DAS CRUZES DO MONTE, 46 R/C, MAIA, MAIA, 4470-169","+351960175610","http://www.ship4link.pt/","https://www.freightnet.com/profile/135176.htm","Yes"
"Vigonorte Cargo Lda","Rua Gonçalves Zarco 1129B Sala 415, Leca da Palmeira, PORTUGAL, 4450-685","+351221103870","http://www.vigonorte.pt/","https://www.freightnet.com/profile/162382.htm","Yes"
"Abreu Logistics","Rua Vasconcelos Costa, 236 , Av. Santa Iria, 1, Porto, Lisboa, 4470-640","","","https://www.freightnet.com/profile/259208.htm","No"
"JB CONSULTING - JOSE MANUEL BASTOS - CONSLT.CARGA UNIP.LDA","Rua  Barao Forrester  811 - box 09 , porto, porto, 4050-273","","","https://www.freightnet.com/profile/244818.htm","No"
"NVOXPRESS","VIA JOSÉ RÉGIO , 292, VILAR DO PINHEIRO, PORTO, 4485-860","","","https://www.freightnet.com/profile/106611.htm","No"
"Oceanlink Logistica,Lda","Rua Augusto Simões, nº 627 R/C , Maia, Porto, 4470-147","","","https://www.freightnet.com/profile/87118.htm","No"
"Bekker Logistica Lda","Rua do Olival - Centro Comercial Olival Parque Lj7 , Forte da Casa, Setubal, 2625-448","","","https://www.freightnet.com/profile/11582.htm","No"
"Oceanlog - Logistica & Navegação, Lda","Av.ª d. Afonso Henriques, n.º 1196  , 8.º, Sala 804, Matosinhos, Porto, 4450-012","","","https://www.freightnet.com/profile/21414.htm","No"
"HIPOGROUP - TRANSPORTS & LOGISTICS","Rua do Monte Grande, 865 , Armazém 5, Vila do Conde, Porto, 4485-255 Guilhabreu","","","https://www.freightnet.com/profile/221874.htm","No"
"Justlog - Ag Transitarios, Lda","Prct D Nuno Alvares Pereira, 20 2º BH , Matosinhos, Portugal, 4450 218","","","https://www.freightnet.com/profile/1975.htm","No"
"TSC, Lda","Avenida D. Afonso Henriques, 1196, sala 101 , Matosinhos, Portugal, 4450-012","","","https://www.freightnet.com/profile/146454.htm","No"
"AEROCARGA-TRANSITARIOS, LTD","RUA CIDADE DE BOLAMA, 18 A, ESC. , 39.1, Lisbon, Portugal, 1800-079","","","https://www.freightnet.com/profile/189794.htm","No"
"Seatime Transitarios","Avenida do Brasil, Nr.43-A, Lj.28 , Lisboa, Lisboa, 1700-062","","","https://www.freightnet.com/profile/175009.htm","No"
"Novairmov, SA","Rua Dom Marcos da Cruz  2029, 2º Esq. Sul , Matosinhos, Portugal, 4455-482","","","https://www.freightnet.com/profile/104127.htm","No"
"TP - Transitário Portugal","Rua São Roque da Lameira, 841 , Porto, Portugal, 4350-312","","","https://www.freightnet.com/profile/215999.htm","No"
"Exclusive Distance, Lda","Rua Carlos Alberto Morais, 122 , Ent. C - 15o Esquerdo, Matosinhos, Porto, 4450-349","","","https://www.freightnet.com/profile/205207.htm","No"
"Eurolis-Agentes transitários, Ldª","Rua Diogo do couto nº 1-9ºDtº , Lisbon, Lisbon, 1100-194","","","https://www.freightnet.com/profile/180667.htm","No"
"Olicargo Transitario, Lda","Apartado 4 • EC Santo Tirso ,  4784-909 • Santo Tirso • Portugal, Santo Tirso, portugal, 4784-909","","","https://www.freightnet.com/profile/21703.htm","No"
"AMF Transitarios,Lda","Estrada da Arrogela, fracção K , Quinta do Pinheiro, Alverca do Ribatejo, Vila Franca de Xira, 2615-000","","","https://www.freightnet.com/profile/45932.htm","No"
"MSCTRANS","Rua das Minhoteiras nº 119 , Maia, Porto, 4470-623","","","https://www.freightnet.com/profile/159021.htm","No"
"Grupo Transmad","Rua Alfredo Cunha 133, 2º andar , Matosinhos, Matosinhos, 4450-023","","","https://www.freightnet.com/profile/134321.htm","No"
"RANGEL Logistics South Africa","The Refinery Business Park , Cnr North Reef and George Allen Roads, Wilbart - Germiston, Gauteng, 1401","","","https://www.freightnet.com/profile/175032.htm","No"
"JTM-JOIN THE MOMENT TRANSITARIOS,S.A","Rua Antero Quental,nrº221 - 2nd floor , Edifício Hermes, Oporto, Oporto, 4455-586","","","https://www.freightnet.com/profile/133881.htm","No"
"Braga Alves, Lda","Tirtife - Terminal Tir, EN 109/07, Lg. Moinhos , Edf. Administrativo, 1.Andar, Aveiro, Portugal, 3810-150","","","https://www.freightnet.com/profile/163567.htm","No"
"Joaquim Ribeiro","Travessa de Avilhó,nº 87 , Matosinhos, Custóias, Porto, Portugal, 4000","","","https://www.freightnet.com/profile/161692.htm","No"
"ABC Cargo Transitários","Rua do Covão,  8 , Meirinhas, Leiria, 3105-236 Meirinhas","","","https://www.freightnet.com/profile/96897.htm","No"
"SGTANDITRANS TRANSPORT AND LOGISTICS","Rua Diogo do Couto, n? 1 - 4? dto , Lisboa, Lisboa, 1100-194 Lisboa","","","https://www.freightnet.com/profile/154908.htm","No"
"Oceanlog - Logistica & Navegação, Lda","Rua Central das Barrosas, n.º 858 - R/C , Z.I. Terronhas, Valongo, Porto, 4585-902","","","https://www.freightnet.com/profile/23037.htm","No"
"TTI - Tait Transportes Iberica, Lda","Rua C, Edificio 124, Piso 3, Gab. 2 e 3 , Lisboa, Lisboa, 1700-008","","","https://www.freightnet.com/profile/151697.htm","No"
"TTI-TAIT TRANSPORTES IBERICA LDA","RUA DIOGO DO COUTO NR.1 7ºFRT , 1100-194 LISBOA, LISBON, PORTUGAL, 1100-194","","","https://www.freightnet.com/profile/99100.htm","No"
"alrservice.net","Largo Joao de Deus nº12 , almeirm, portugal, 2080-044","","","https://www.freightnet.com/profile/98486.htm","No"
"OT & T Cargo","Rua de Xabregas 2, 404/405 , Lisbon, 1900-440","","","https://www.freightnet.com/profile/18529.htm","No"
"E.C.E - Transitários, Lda","Rua da Estrada Lote 2  , Maia, Portugal, 4470-600","","","https://www.freightnet.com/profile/136928.htm","No"
"BMK CARGO","Rua Dr. Lopes Batista, nº5 - 1º Esq. , Cartaxo, Portugal, 2070-049","","","https://www.freightnet.com/profile/105297.htm","No"
"JB CONSULTING -  LDA","Rua  Barão Forrester , nr: 811 - Loja  09 , Porto, Porto, 4050-273","","","https://www.freightnet.com/profile/120381.htm","No"
"AirSeaXpress Co","R. Estrada Lote 6 A , Crestins, Moreira da Maia, Porto, 4470-600","","","https://www.freightnet.com/profile/18885.htm","No"
"Totalplan Planeamento de Carga e Logistica Lda","Rua Miguel Torga, 47 , Urbanização Villa Serena, Pinhal Novo, Setubal, 2955-094","","","https://www.freightnet.com/profile/51982.htm","No"
"STEAMSHIP, FREIGHT & BROKERING AGENTS","Tv. Álvaro Castelões, 79 - 3º SL1 , Leixões - Matosinhos, Portugal, 4450-044","","","https://www.freightnet.com/profile/55491.htm","No"
"David Platt Transport International","Apartado 271 , Luz, Lagos, Lagos, 8600  929","","","https://www.freightnet.com/profile/105651.htm","No"
"Marca - Transitários, SA","Trav. Campo Da Telheira,89 , Vila Nova da Telha, Maia, Portugal, 4470","","","https://www.freightnet.com/profile/4484.htm","No"
"Egifilbest, lda","Pct. Mario Sá Carneiro, 128, 2 dt , Senhora da Hora, Portugal, 4460-367","","","https://www.freightnet.com/profile/97653.htm","No"
"BEKKER LOGISTICA","RUA DA IND. ED BULIS , BARREIRO, PORTUGAL, 2830-237","","","https://www.freightnet.com/profile/64727.htm","No"
"Consulcargo Lda","ZALSINES, Edif. Logístico A9 , Escritório 3.06.02, Sines, Portugal, 7520-203","","","https://www.freightnet.com/profile/93751.htm","No"
"Arnaud Logis S A","Lugar de Carvalhas - Rua da Estrada , Custoias, Oporto, 4460-000","","","https://www.freightnet.com/profile/9774.htm","No"
"Eurolis Agentes Transitarios, Lda","Rua Diogo Do Couto 1-9 Dto , Lisboa, Lisboa, 1100","","","https://www.freightnet.com/profile/103.htm","No"
"MTM-Machado Trading & Logistics","Rua Alfredo Cunha, 378 , Matosinhos, Porto, 4450","","","https://www.freightnet.com/profile/13394.htm","No"
"Totalplan Porto Lda.","Av Mario Brito, Edificio Freixieiro, 4170 -Sala 101 , Perafita - Matosinhos, Porto, 4455-491 Perafita","","","https://www.freightnet.com/profile/4625.htm","No"
"Stave, Lda.","Quinta do Simão - Esgueira , Aparatdo 748, Aveiro, Portugal, 3801-801","","","https://www.freightnet.com/profile/48854.htm","No"
"Answertoday, Lda","Av. D. Afonso Henriques, 872  , 4º Andar - Sala 42, Matosinhos, Porto, 4450-010","","","https://www.freightnet.com/profile/23678.htm","No"
"Garland Transitos","ZI Maia,sector VIII , 310 Gemunde, Porto, 4470","","","https://www.freightnet.com/profile/882.htm","No"
"Tfs","E.N. 118 , Salvaterra De Magos, 2120-066 SALVATERRA DE MAGOS","","","https://www.freightnet.com/profile/1381.htm","No"
"Bax Global","Rua C - Edifício 124 Gab. 9 , Aeroporto De Lisboa, Lisboa, Lisboa, 1749-038 LISBOA","","","https://www.freightnet.com/profile/1444.htm","No"
"Iberica Logistica","Rua Bento Gonçalves,lote32-2a,venda Do Alcaide , Palmela, Palmela, Lisbon, 2950","","","https://www.freightnet.com/profile/2479.htm","No"
"Mundestra(Porto)-Cons.Fret.E Trânsitos, Lda","Rua Vilar Do Senhor - Arm. 11 , Porto, Vila Nova Da Telha, 4470","","","https://www.freightnet.com/profile/3083.htm","No"
"Logicargo - Logistica E Transporte, Lda","Rua Sebastião Da Gama, Lote 27 - 1º Dt , Outeiro-Polima, S. Domingos De Rana, Lisboa, 2785-008","","","https://www.freightnet.com/profile/3433.htm","No"
"Katrilog, Lda","Av. Brasil N.º 1 - 6º  Andar S. 9 , Lisbon, 1749 -  008 Lisbon","","","https://www.freightnet.com/profile/3443.htm","No"
"Logiservices","Rua Dr. Estevao Da Gama , Porto, 4100","","","https://www.freightnet.com/profile/10379.htm","No"
"Porlogis - Transitos e Logistica, Lda","Ruada Telheira,142 , Perafita, Matosinhos, 4455-561","","","https://www.freightnet.com/profile/18252.htm","No"
"Sea World - Transitarios, Lda.","Av 24 Julho , No.130 - 1st Floor, Lisbon, 1350-346","","","https://www.freightnet.com/profile/19355.htm","No"
"Savino Del Bene Portuguesa","lda Rua de Cidres 1644 , 2 Andar (Ed. Sobritos), Freixieiro, Perafita, 4455-442","","","https://www.freightnet.com/profile/19595.htm","No"
"A.J. Goncalves De Moraes Lda","Rue Escar Da Silva, 1833 , Leba Da Palmeira, 4450-761","","","https://www.freightnet.com/profile/19817.htm","No"
"Luis Lacerda (Europa) Transitarios,Lda.","R.Prof.Oliveira Andrade,420-A , Moreira (Maia), Portugal, 4470-634","","","https://www.freightnet.com/profile/48819.htm","No"