"name","address","phone","website","profileUrl","isPremiumMember"
"Fast Fietz Moving","9810 Old Lockhart Rd , Austin, Texas, 78747","","","https://www.freightnet.com/profile/265447.htm","No"
"Mod Movers","401 Sky Park Way, Suite A , Monterey, California, 93940","","","https://www.freightnet.com/profile/176655.htm","No"
"Best US Moving Inc","1076 B, Park Rd , Blandon, PA, 19510","","","https://www.freightnet.com/profile/250700.htm","No"
"Big Man's Moving Company","100 Ashley Dr S #600 , Tampa, Florida, 33602","","","https://www.freightnet.com/profile/250950.htm","No"
"Family Affair Moving","1335 N Santiago St Unit C , Santa Ana, California, 92701","","","https://www.freightnet.com/profile/183946.htm","No"
"Beltway Movers Rockville MD","14819 Southlawn Ln , Rockville, Maryland, 20850","","","https://www.freightnet.com/profile/207602.htm","No"
"Anywhere Anytime Moving and Storage","603 Avocado Street , Sebring, FL, 33870","","","https://www.freightnet.com/profile/261837.htm","No"
"Ready 2 Roll Moving","10930 Loveland Madeira , Rd #1g, Loveland, Ohio, 45140","","","https://www.freightnet.com/profile/256807.htm","No"
"Best US Moving Inc","‎  , ‎, ‎ New Jersey, ‎","","","https://www.freightnet.com/profile/252805.htm","No"
"A to Z Moving & Storage, Inc.","41 Chapin Street , West Springfield, Massachusetts, 01089","","","https://www.freightnet.com/profile/260528.htm","No"
"All Around Moving & Storage","14715 5 M Center Dr , Romulus, MI, 48174","","","https://www.freightnet.com/profile/258949.htm","No"
"Eagle Star Moving","4205 W Burbank Blvd #101 , Burbank, California, 91505","","","https://www.freightnet.com/profile/258076.htm","No"
"BR Moving","1609 N Delaware Ave , Philadelphia, PA, 19125","","","https://www.freightnet.com/profile/257712.htm","No"
"Van Express Moving & Storage","1 Emerson Ave , Jersey City, New Jersey / Hudson County, 07306","","","https://www.freightnet.com/profile/257320.htm","No"
"International Sea & Air Shipping","4800 West Side Avenue , North Bergen, New Jersey, 07047","","","https://www.freightnet.com/profile/257067.htm","No"
"International Sea & Air Shipping","115 Meacham Avenue , Elmont, NY, 11003","","","https://www.freightnet.com/profile/250288.htm","No"
"Transparent International Movers","141 Flushing Ave #1007 , Brooklyn, New York, 11101","","","https://www.freightnet.com/profile/174596.htm","No"
"SPYDER Moving and Storage Oxford","1539 University Avenue , Oxford, Mississippi, 38655","","","https://www.freightnet.com/profile/168916.htm","No"
"Birdseye Transport & Logistics","1616 N Florida Mango suite A6 , West Palm Beach, Florida, 33409","","","https://www.freightnet.com/profile/255780.htm","No"
"On The Move Moving Company","4050 Enterprise Way Suite 180 , Flowery Branch, Hall County, 30542","","","https://www.freightnet.com/profile/253615.htm","No"
"The Orlando Moving","701 Easy Ave , Orlando, Florida, 32805","","","https://www.freightnet.com/profile/253576.htm","No"
"COWS Mobile Storage","325 Rand Yard Rd  , Sanford, Florida, 32771","","","https://www.freightnet.com/profile/163346.htm","No"
"A2B Moving and Storage Maryland","9950 Business Pkwy  , #100b, Lanham, Maryland, 20706","","","https://www.freightnet.com/profile/253218.htm","No"
"Columbine Moving & Storage","930 Chambers Ave , Eagle, CO, 81631","","","https://www.freightnet.com/profile/253076.htm","No"
"Columbine Moving & Storage","411 Aspen Airport Business Center , Aspen, CO, 81611","","","https://www.freightnet.com/profile/253009.htm","No"
"Helix Moving and Storage Maryland","8425 Helgerman Ct , Gaithersburg, MD, 20877","","","https://www.freightnet.com/profile/214645.htm","No"
"Van Express Moving & Storage","1275 Bloomfield Ave  , Unit 45, Fairfield, New Jersey, 07004","","","https://www.freightnet.com/profile/175530.htm","No"
"Lippincott Van Lines","222 Universal Dr #8 , North Haven, Connecticut, 06473","","","https://www.freightnet.com/profile/249551.htm","No"
"MoveSafe Relocation","811 Lucerne Ave  , Lake Worth Beach, Florida, 33460","","","https://www.freightnet.com/profile/249859.htm","No"
"Collegian Movers Inc.","482 Naugatuck Ave , Milford, CT, 06460","","","https://www.freightnet.com/profile/249723.htm","No"
"Dielman Moving & Storage","8730 Big Bend Blvd. Suite F3 , Webster Groves, Missouri, 63119","","","https://www.freightnet.com/profile/249535.htm","No"
"Coastal Van Lines","1622 91st Ct , Vero Beach, Florida, 32966","","","https://www.freightnet.com/profile/249463.htm","No"
"Hansen Bros. Moving & Storage","2902 Lincoln Way , Lynnwood, Washington, 98087","","","https://www.freightnet.com/profile/248071.htm","No"
"Hansen Bros. Moving & Storage","6860 Coal Creek Pkwy SE , Newcastle, Washington, 98059","","","https://www.freightnet.com/profile/248091.htm","No"
"AmeriSafe Moving Services","2500 Quantum Lakes Dr Suite 105 , Boynton Beach, Florida, 33426","","","https://www.freightnet.com/profile/196357.htm","No"
"Divine Moving and Storage","550 Barry Street , Bronx, New York, 10474","","","https://www.freightnet.com/profile/247591.htm","No"
"Royalty Moving & Storage Seattle","23815 SE 260th St , Maple Valley, Washington, 98038","","","https://www.freightnet.com/profile/239858.htm","No"
"Royal Moving & Storage Portland","7625 NE Martin Luther King Jr Blvd , Portland, Oregon, 97211","","","https://www.freightnet.com/profile/233683.htm","No"
"Portabox Storage Seattle","10750 Aurora Ave N Suite A , Seattle, Washington, 98133","","","https://www.freightnet.com/profile/244627.htm","No"
"Portabox Storage Salt Lake City","450 E Wentworth Ave , Salt Lake City, Utah, 84115","","","https://www.freightnet.com/profile/244635.htm","No"
"Portabox Storage Newcastle","6868 Coal Creek Pkwy SE , Newcastle, Washington, 98059","","","https://www.freightnet.com/profile/244548.htm","No"
"Helix Moving and Storage Northern Virginia","4400 Andes Drive , Fairfax, Virginia, 22030","","","https://www.freightnet.com/profile/218836.htm","No"
"Lippincott Van Lines","171 Rowley Street , Winsted, CT, 06098","","","https://www.freightnet.com/profile/238047.htm","No"
"Interstate Moving | Relocation | Logistics","5801 Rolling Road , Springfield, VA, 22152","","","https://www.freightnet.com/profile/237804.htm","No"
"Logicstics","2929 Arch St, #1700 , Philadelphia, Pennsylvania, 19104","","","https://www.freightnet.com/profile/237560.htm","No"
"Choice Relocation","6023 Farrington Ave , Alexandria, Virginia, 22304","","","https://www.freightnet.com/profile/237367.htm","No"
"Royal Moving & Storage","189 3rd St #116 , Oakland, CA, 94607","","","https://www.freightnet.com/profile/235841.htm","No"
"Homegrown Moving and Storage","1701 Wadsworth Blvd , Lakewood, Colorado, 80214","","","https://www.freightnet.com/profile/174340.htm","No"
"SF Moving","64 Winfield St  , San Francisco, California, 94110","","","https://www.freightnet.com/profile/227038.htm","No"
"Big Man's Moving Company","4860 E Bay Dr , Clearwater, Fl, 33764","","","https://www.freightnet.com/profile/176071.htm","No"
"Zippy Shell","12200 Baltimore Ave unit d , Beltsville, Maryland, 20705","","","https://www.freightnet.com/profile/222095.htm","No"
"Bravo Moving","275 W Lexington Dr , Glendale, California, 91203","","","https://www.freightnet.com/profile/221715.htm","No"
"Excalibur Moving and Storage","640C Lofstrand Ln , Rockville, Maryland, 20850","","","https://www.freightnet.com/profile/181456.htm","No"
"Mod Movers","8880 Forest Road , Gilroy, CA, 95020","","","https://www.freightnet.com/profile/221254.htm","No"
"A2B Moving and Storage","6021 Farrington Ave , Alexandria, Virginia, 22304","","","https://www.freightnet.com/profile/208134.htm","No"
"Pack & Go Movers","498 Nepperhan Ave , Yonkers, New York, 10701","","","https://www.freightnet.com/profile/219567.htm","No"
"Movers Not Shakers","177 Dwight St  , #2R, Brooklyn, NY, 11231","","","https://www.freightnet.com/profile/218854.htm","No"
"Miami Movers for Less","169 E Flagler St ste 910 , Miami, FL, 33131","","","https://www.freightnet.com/profile/218100.htm","No"
"NJ Moving Services - Optimum Moving","90 Dayton Ave , Passaic, New Jersey, 07055","","","https://www.freightnet.com/profile/140119.htm","No"
"Preferred Movers MA","71 E Main St , Merrimac, Massachusetts, 01860","","","https://www.freightnet.com/profile/217940.htm","No"
"The Gentleman Mover","128 Archbishop Dr  , Conshohocken, PA, 19428","","","https://www.freightnet.com/profile/217763.htm","No"
"Here & Now Movers","8013 Queenair Dr , Gaithersburg, Maryland, 20879","","","https://www.freightnet.com/profile/217003.htm","No"
"Spyder Moving and Storage Hattiesburg","602 Adeline St , Hattiesburg, MS, 39401","","","https://www.freightnet.com/profile/216226.htm","No"
"Affordable Reliable Moving Company","125 Columbia suite C , Aliso Viejo, CA, 92656","","","https://www.freightnet.com/profile/216165.htm","No"
"Eagle Van Lines Moving & Storage","35 Fayette Ave , Jersey City, NJ, 07306","","","https://www.freightnet.com/profile/211905.htm","No"
"Royal Moving & Storage","4102 Melrose Ave , Los Angeles, CA, 90029","","","https://www.freightnet.com/profile/216124.htm","No"
"24/7 Logistic Services","1722 Sheridan St #381 , Hollywood, Florida, 33020","","","https://www.freightnet.com/profile/215269.htm","No"
"Heavenly Moving and Storage","9311 N FM 620 Suite 300 , Austin, Texas, 78726","","","https://www.freightnet.com/profile/215042.htm","No"
"Teddy Moving and Storage","25-79 45th St , Long Island City, New York, 11103","","","https://www.freightnet.com/profile/214857.htm","No"
"Miami Movers For Less","17854 NE 5 Ave , Miami, Florida, 33162","","","https://www.freightnet.com/profile/161193.htm","No"
"Hansen's Moving and Storage","3501 N. Sillect Ave, Suite A , Bakersfield, CA, 93308","","","https://www.freightnet.com/profile/213899.htm","No"
"Strong-Ass Movers","600 Rodeo Dr , #11, Erlanger, Kentucky, 41018","","","https://www.freightnet.com/profile/213665.htm","No"
"Worldwide Moving Systems","3410 Rockefeller Ct , Waldorf, MD, 20602","","","https://www.freightnet.com/profile/213368.htm","No"
"Safari Movers Atlanta","6190 Regency Pkwy NW Suite 316 , Norcross, GA, 30071","","","https://www.freightnet.com/profile/211880.htm","No"
"U. Santini Moving & Storage Brooklyn, New York","239 15th Street , Brooklyn, NY, 11215","","","https://www.freightnet.com/profile/158989.htm","No"
"City Movers Miami","100 S Biscayne Blvd #3170 , Miami, Florida, 33131","","","https://www.freightnet.com/profile/207010.htm","No"
"City Movers Hallandale Beach","1068 NW 1st Ct , Hallandale Beach, Florida, 33009","","","https://www.freightnet.com/profile/207178.htm","No"
"Pro Movers Miami","475 Brickell Ave , Miami, Florida, 33131","","","https://www.freightnet.com/profile/161546.htm","No"
"Big Heart Moving Company","7304 Shepton Park  , Fairview, Tennessee, 37062","","","https://www.freightnet.com/profile/187727.htm","No"
"Pro-Move Logistics","7608 Crouch Ct , Santa Fe, New Mexico, 87507","","","https://www.freightnet.com/profile/176878.htm","No"
"Supreme Movers","10105 Fallon Farm Rd #103 , Charlotte, North Caroline, 28278","","","https://www.freightnet.com/profile/201539.htm","No"
"Fairfax Transfer and Storage","6021 Farrington Ave , Alexandria, Virginia, 22304","","","https://www.freightnet.com/profile/196965.htm","No"
"Next Stop Movers","3450 Bush St Ste 080 , Raleigh, NC, 27609","","","https://www.freightnet.com/profile/196237.htm","No"
"Gibraltar Van Lines","909 Newark Turnpike , Kearny, NJ, 07032","","","https://www.freightnet.com/profile/167660.htm","No"
"Slattery Moving & Storage","148 Maple Ave , Haverstraw, New York, 10927","","","https://www.freightnet.com/profile/188229.htm","No"
"Los Angeles Transfer and Storage","2500-2665 Williamson Pl Suite 100 , DuPont, WA, 98327","","","https://www.freightnet.com/profile/187995.htm","No"
"Park Moving and Storage","802 41st St N , Birmingham, Alabama, 35212","","","https://www.freightnet.com/profile/186910.htm","No"
"Triple 7 Movers Las Vegas","4480 Calimessa St , Las Vegas, Nevada, 89115","","","https://www.freightnet.com/profile/166646.htm","No"
"Los Angeles Transfer and Storage","3899 Jackson St Suite 8 , Denver, Colorado, 80205","","","https://www.freightnet.com/profile/184706.htm","No"
"Manhattan Movers NYC","843 Lexington Ave #4F , New York, New York, 10065","","","https://www.freightnet.com/profile/159517.htm","No"
"Go Movers","37496 Sequoia Rd  , Fremont, California, 94536","","","https://www.freightnet.com/profile/183243.htm","No"
"Preferred Movers NH","35 Cedar Rd , North Hampton, New Hampshire, 03862","","","https://www.freightnet.com/profile/166944.htm","No"
"Zenith Moving NYC","767 Lexington Ave Suite 300 , New York, NY, 10065","","","https://www.freightnet.com/profile/182186.htm","No"
"Movage Moving + Storage","202 W 88th St , New York, New York, 10024","","","https://www.freightnet.com/profile/175182.htm","No"
"Evolution Moving Company San Antonio","5462 Chestnut View Dr , San Antonio, Texas, 78247","","","https://www.freightnet.com/profile/180709.htm","No"
"Superior Moving & Storage","5101 Unruh Ave , Philadelphia, Pennsylvania, 19135","","","https://www.freightnet.com/profile/179441.htm","No"
"Zippy Shell Columbus","1299 Boltonfield St , Columbus, OH,USA, 43228","","","https://www.freightnet.com/profile/163179.htm","No"
"Professional Moving & Storage","3620 Thomas Ct , Lawrence, Kansas, 66046","","","https://www.freightnet.com/profile/178700.htm","No"
"Superior Moving & Storage","177 S Centre St # 200G , Merchantville, NJ, 08109","","","https://www.freightnet.com/profile/177928.htm","No"
"All Season Movers NJ","12 Breiderhoft Rd , Kearny, NJ, 07032","","","https://www.freightnet.com/profile/177748.htm","No"
"Evolution Moving Company Fort Worth","2805 Sandage Ave , Fort Worth, TX, 76109","","","https://www.freightnet.com/profile/167125.htm","No"
"Allstate Moving and Storage Maryland","822 Guilford Ave  , Baltimore, MD, 21202","","","https://www.freightnet.com/profile/163530.htm","No"
"Zippy Shell Northern Virginia","22860 Ladbrook Dr , #140, Sterling, Virginia, 20166","","","https://www.freightnet.com/profile/175644.htm","No"
"State to State Move","1085 98th St #6 , Bay Harbor Islands, FL, 33154","","","https://www.freightnet.com/profile/176824.htm","No"
"Movers 101","88 9th street , Brooklyn, New York, 11215","","","https://www.freightnet.com/profile/174172.htm","No"
"City Movers Boca Raton","4400 N Federal Hwy , #53, Boca Raton, Florida, 33431","","","https://www.freightnet.com/profile/175493.htm","No"
"Purple Heart Moving Group","3107 Hallandale Beach Blvd Ste 7 , Hallandale Beach, Florida, 33009","","","https://www.freightnet.com/profile/160209.htm","No"
"Dynamic Movers Clifton NJ","Barnsdale Rd , Clifton, New Jersey, 07013","","","https://www.freightnet.com/profile/174036.htm","No"
"Good Neighbors Moving Company Los Angeles","4361 Valley Blvd  , #011, Los Angeles, CA, 90032","","","https://www.freightnet.com/profile/173534.htm","No"
"Hansen Bros. Moving & Storage","10750 Aurora Ave N , Seattle, Washington, 98133","","","https://www.freightnet.com/profile/173074.htm","No"
"Whatever It Takes Moving","915 Lavergne Lane , La Vergne, Tennessee, 37086","","","https://www.freightnet.com/profile/171306.htm","No"
"DA Moving NYC","111-10 76th Road , Forest Hills, New York, 11375","","","https://www.freightnet.com/profile/162773.htm","No"
"Evolution Moving Company New Braunfels","143 River Star Dr , New Braunfels, Texas, USA, 78132","","","https://www.freightnet.com/profile/167673.htm","No"
"Brooklyn Movers New York","2100 Westbury Ct , Brooklyn, New York, 11225","","","https://www.freightnet.com/profile/159491.htm","No"
"Wailea Movers Inc","1215 South Kihei Road Suite o #742 , Kihei, Hawaii, 96753","","","https://www.freightnet.com/profile/166967.htm","No"
"JP Urban Moving","266 St Marks Ave  , 3 floor, Brooklyn, New York, 11238","","","https://www.freightnet.com/profile/166365.htm","No"
"Moving Kings Van Lines","1979 10th Ave N , Lake Worth, FL, 33461","","","https://www.freightnet.com/profile/160882.htm","No"
"Carmack Moving & Storage Virginia","45055 Underwood Ln Suite 140 , Sterling, Virginia, 20166","","","https://www.freightnet.com/profile/161633.htm","No"
"Wolley Movers Chicago","1040 N Cicero Ave , Chicago, Illinois, 60651","","","https://www.freightnet.com/profile/162194.htm","No"
"Move On","315 10th Ave N Suite 107 , Nashville, Tennessee, 37203","","","https://www.freightnet.com/profile/161899.htm","No"
"Best Cross Country Movers","400 North Ashley Drive Suite 2600 , Tampa, Florida, 33602","","","https://www.freightnet.com/profile/161694.htm","No"
"Movin Murdy","1126 3rd Street , North Versailles, Pennsylvania, 15137","","","https://www.freightnet.com/profile/161131.htm","No"
"Dynamic Movers NYC","447 Broadway , New York City, NY, 10013","","","https://www.freightnet.com/profile/161132.htm","No"
"Moving Buddies Tucson AZ","5502 E 25th St , Tucson, Arizona, 85711","","","https://www.freightnet.com/profile/161177.htm","No"
"Heart Moving Manhattan NYC","305 E 105th St , New York, NY, 10029","","","https://www.freightnet.com/profile/160418.htm","No"
"Affordable Packing, LLC","1840 E 12th St , Mishawaka, Indianapolis, 46544","","","https://www.freightnet.com/profile/160361.htm","No"
"Moving Beverly Hills","9920 Robbins Dr , Beverly Hills, CA, 90212","","","https://www.freightnet.com/profile/159526.htm","No"
"College Moving Deals	College Moving Deals","4617 Mersington Ave , Kansas City, Usa/Jackson, 64130","","","https://www.freightnet.com/profile/159514.htm","No"
"10 Top Movers","3566 Good Hope St , Houston, TX, 77021","","","https://www.freightnet.com/profile/159472.htm","No"
"All American Moves","1107 N St NW , Washington, DC, 20005","","","https://www.freightnet.com/profile/159387.htm","No"
"Ample Moving NJ","9 Linden Ave , Jersey City, NJ, 07305","","","https://www.freightnet.com/profile/159382.htm","No"
"Big Apple Movers NYC","83 3rd Ave , Brooklyn, NY / USA, 11217","","","https://www.freightnet.com/profile/158970.htm","No"
"Capital City Movers NYC","333 E 109th St , New York City, New York, 10029","","","https://www.freightnet.com/profile/158916.htm","No"
"Premium Q Moving and Storage","20 Sycamore Ave , Medford, Massachusetts, 02155","","","https://www.freightnet.com/profile/158800.htm","No"
"Moving Kings NC","911 Fields Dr , Sanford, NC, 27330","","","https://www.freightnet.com/profile/158663.htm","No"
"City Moving And Storage","7101 143rd Ave NW , Ramsey, MN/Anoka County, 55303","","","https://www.freightnet.com/profile/158603.htm","No"
"Dumbo Moving and Storage NYC","15 N Oxford St , Brooklyn, New York, 11205","","","https://www.freightnet.com/profile/153580.htm","No"
"Logistics by S&G, LLC","2851 NE 183st , Suite 2003, AVENTURA, Fl., 33160 USA","","","https://www.freightnet.com/profile/240.htm","No"
"Affordable Moving & Storage","107 Tindall Road , Middletown, New Jersey, 07748","","","https://www.freightnet.com/profile/138215.htm","No"
"Dumbo Moving and Storage NYC","15 N OXFORD ST , Brooklyn, New York, 11205","","","https://www.freightnet.com/profile/133473.htm","No"
"Meyer's Moving and Storage Inc","370 Concord Ave , Bronx, New York, NY,","","","https://www.freightnet.com/profile/9190.htm","No"
"Schumacher Cargo Logistics","550 W. 135th St. , Gardena, California, 90248","","","https://www.freightnet.com/profile/89732.htm","No"
"Global Relogistics","16499 NE 19th Ave , Suite 102, N. Miami, Florida, FL, 33162","","","https://www.freightnet.com/profile/10561.htm","No"
"StarCity Moving","123 Town Square Place #654 , Jersey City, NJ, 07310","","","https://www.freightnet.com/profile/53958.htm","No"
"plycon van lines","4240 west 190th street , torrance, ca, 90504","","","https://www.freightnet.com/profile/55042.htm","No"
"All American Moving & Storage","21616 Nordhoff Street , Chatsworth, California, CA, 91311","","","https://www.freightnet.com/profile/9183.htm","No"
"Valley Relocation & Storage","4020 Nelson Avenue , # 200, Concord, California, CA, 94520","","","https://www.freightnet.com/profile/3970.htm","No"
"Allcargo Movers Inc","200 Middlesex-Essex Turnpike , Suite 200, Iselin, New Jersey, NJ,","","","https://www.freightnet.com/profile/6150.htm","No"
"Xpress Movers & Storage","12874 San Fernando Rd , Unit C, Sylmar, California, CA,","","","https://www.freightnet.com/profile/8857.htm","No"
"Golden Eagle Moving Services, Inc","1450 North Benson Avenue , Upland, California, CA, 91786","","","https://www.freightnet.com/profile/9193.htm","No"
"Able Carriers","PO Box 22997 , Newark, New Jersey, NJ, 07101","","","https://www.freightnet.com/profile/11106.htm","No"
"Sefco Export Management Company, Inc.","1 Ascan Avenue , Suite PH-74, Forest Hills Gardens, New York, NY, 11375","","","https://www.freightnet.com/profile/13274.htm","No"
"Quality North American Moving & Storage","523 Commack Road , Deer Park, New York, NY, 11729","","","https://www.freightnet.com/profile/18296.htm","No"