"name","address","phone","website","profileUrl","isPremiumMember"
"DIGILOGISTIXand FREIGHT LLC","5648 KUMQUAT RD  ,   WEST PALM BCH, FL   33413, United States, FL   33413","+1 561-872-5277","http://digilogistixandfreights.com/","https://www.freightnet.com/profile/254910.htm","Yes"
"Rocket-Freight LLC","5205 allen street, Unit D, houston, texas, 77007","7135947496","http://www.rocket-freight.com/","https://www.freightnet.com/profile/203448.htm","Yes"
"Marlin Shipping","181 S Franklin Ave Suite 103, Valley Stream, New York, 11581-1101","+1 (516) 760‑6076","http://nabeel@marlin-shipping.com/","https://www.freightnet.com/profile/255945.htm","Yes"
"Immensity Logistics LLC","1207 Delaware Ave. Suite #820, Wilmington, DE, 19806, Wilmington, Delaware, 19806","5015006679","","https://www.freightnet.com/profile/260535.htm","Yes"
"BNDZ TRANSPORTARTION LLC","6620 EAST 32ND ST, YUMA, AZ, 85365","7604423601","","https://www.freightnet.com/profile/258458.htm","Yes"
"D & T Express LLC","1301 Madoff , Naperville, United States, 60565","513-557-1663","","https://www.freightnet.com/profile/262867.htm","Yes"
"Eli Express Transportation LLC","90 Glenda Trace, #140, Newnan, GA, 30265","3053182291","","https://www.freightnet.com/profile/263549.htm","Yes"
"Red Rocket Logistics, LLC","410 E. Taylor St., Ste. R, Griffin, GA, 30223","4705070730","http://www.redrocketlogistics.com/","https://www.freightnet.com/profile/261055.htm","Yes"
"Spencer Vision Logistics Group LLC","328 S BROOKSIDE AVE, Freeport, NY 11520, Freeport, NY, 11520","5164698059","https://www.spencervisionlogistics.com/","https://www.freightnet.com/profile/256908.htm","Yes"
"M & C TRANSPORTATION AND LOGISTICS LLC","88 Prospect St , Passaic, NJ, 07055","9293910529","","https://www.freightnet.com/profile/258411.htm","Yes"
"MLM Transport","260 Seven Farms Drive , Suite B, Charleston, SC, 29492","6014330523","https://mlmtrans.com/","https://www.freightnet.com/profile/259623.htm","Yes"
"ETERNITY LOGISTICS SOLUTIONS LLC","175,Broadhollow Rd, Suite 110, Melville, NY 11747, Melville, New York, 11747","","","https://www.freightnet.com/profile/261773.htm","No"
"Freight Center","34125 US Highway 19 North , suite 300, Palm Harbor, Florida, 34684","","","https://www.freightnet.com/profile/265417.htm","No"
"Cargo convoy","Pennsylvania Ave , Upper Darby, USA, 19082","","","https://www.freightnet.com/profile/256295.htm","No"
"LIPSEY LOGISTICS WORLDWIDE","PO BOX 384 , Chattanooga, TN, 37411","","","https://www.freightnet.com/profile/232537.htm","No"
"STELLAR SHIPPING FORWARDING LLC","7901 4TH STREET NORTH, STE 300 , ST. PETERSBURG,FL, 33702, St. Petersburg, FL, 33702","","","https://www.freightnet.com/profile/265902.htm","No"
"STELLAR SHIPPING FORWARDING LLC","7901 4TH STREET NORTH, STE 300 , ST. PETERSBURG,FL, 33702, St. Petersburg, FL, 33702","","","https://www.freightnet.com/profile/265901.htm","No"
"AMB Logistic","101 W Big Beaver Road Suite1400 , Troy, Michigan, 48084","","","https://www.freightnet.com/profile/257422.htm","No"
"Connecting The World Transport LLC","3924 ROANOKE RD , LAGRANGE, GA, 30240","","","https://www.freightnet.com/profile/250872.htm","No"
"Red Lab Logistics","487 KING STREET SUITE 201 , CHARLESTON, SC, 29403","","","https://www.freightnet.com/profile/265412.htm","No"
"Adroit Logistics LLC","901 N Market ST ,  Suite#100, wilmington, DE, 19801","","","https://www.freightnet.com/profile/262660.htm","No"
"LAX Freight","153 W Rosecrans Ave , Gardena, California, 90248-1829","","","https://www.freightnet.com/profile/265226.htm","No"
"Olive Freight Management","239 AVENEL STREET, SUITE 11 AVENEL, NJ 07001 USA , AVENEL, NJ 07001 USA, 07001","","","https://www.freightnet.com/profile/264997.htm","No"
"Solvoj LLC","159 Eastern Way , Rutherford, New Jersey, 07070","","","https://www.freightnet.com/profile/264996.htm","No"
"Waste Walkers Dispatch, LLC","P.O. Box 9242 , Springfield, mo, 65801","","","https://www.freightnet.com/profile/264954.htm","No"
"Double A logistics","8361 Pinot Grigio St Roseville CA, 95747 ,  8036 linden lime ct Citrus Heights Ca 95610, Roseville, U.S.A, 95747","","","https://www.freightnet.com/profile/264854.htm","No"
"Global Grid Logistics","5708 Kenyon trail Noblesville, IN 46062 , Noblesville, Indiana, 46062","","","https://www.freightnet.com/profile/263587.htm","No"
"24-7 Express Solutions","1851 Southern Road , Kansas City, Kansas, 64120","","","https://www.freightnet.com/profile/264702.htm","No"
"247 shipping","3738 Judson , Land O Lakes, Florida, 34638","","","https://www.freightnet.com/profile/262211.htm","No"
"AP Freight Inc","4460 W Shaw Ave #620 , Fresno, CA, 93722","","","https://www.freightnet.com/profile/263258.htm","No"
"Sky Fly Trucking LLC","1900  , Polaris Suit q, Columbus, OH, 43240","","","https://www.freightnet.com/profile/264060.htm","No"
"EverRoute Dispatch","208 OAKFIELD DR, STE #222 , Brandon, Florida, 33511","","","https://www.freightnet.com/profile/264088.htm","No"
"Shine Logitstics LLC","1250 Broadway , New York, NY - New York, 10001","","","https://www.freightnet.com/profile/264046.htm","No"
"Expressit","P.O. Box 68453 , Seattle, WA, 98168","","","https://www.freightnet.com/profile/260591.htm","No"
"Well Cargo LLC","17628 Alburtis Avenue, Unit 10        , Artesia, California, 90701","","","https://www.freightnet.com/profile/263249.htm","No"
"Day lord Xpress","731 W 7th ST, Joplin, MO, 64801, Joplin, Missouri, 64801","","","https://www.freightnet.com/profile/263294.htm","No"
"Bold Auto Transport LLC","325 North St. Paul Street Suite 3100 , Dallas, Texas, 75201","","","https://www.freightnet.com/profile/263839.htm","No"
"G1313 Logistics","555 BroadHollow Rd., Suite 305, Melville, 11747 , Melville, New York, 11747","","","https://www.freightnet.com/profile/263582.htm","No"
"Land Air & Sea Logistics Int LLC","1108 E MAIN ST STE 906 #2639 , RICHMOND, Virginia, 23219","","","https://www.freightnet.com/profile/228777.htm","No"
"Adroit Logistics","Dover, Delaware 19901 , Dover, Delaware, 19901","","","https://www.freightnet.com/profile/258993.htm","No"
"JK Dispatch Inc","37 Ash St , Valley Stream, NY, 11580","","","https://www.freightnet.com/profile/262994.htm","No"
"Vann International, Inc.","1215 N Military Hwy 717 , Suite 717, Norfolk, VA, 23502","","","https://www.freightnet.com/profile/60395.htm","No"
"DSG Transport LLC","13726 107TH AVE CT E , PUYALLUP, WA, 98374","","","https://www.freightnet.com/profile/261328.htm","No"
"Land, Air & Sea Logistics","Henrico, VA , Henrico, VA, 23294","","","https://www.freightnet.com/profile/262491.htm","No"
"99 Trucking INC","94 clay street , PRINCETON, nj, 08542","","","https://www.freightnet.com/profile/262253.htm","No"
"Ghost Trucking Inc","2443 Rajkovich way, Stockton, CA 95212 , Stockton, CA, 95212","","","https://www.freightnet.com/profile/262445.htm","No"
"american logistics group","syosset , newyork, new york, united states os america, 11747","","","https://www.freightnet.com/profile/253780.htm","No"
"K Mccoy Enterprises","578 YORKSHIRE TER , LEWISVILLE, TX, 75067","","","https://www.freightnet.com/profile/262181.htm","No"
"GT SOLUTIONS TX INC","2801 Sumac Lane , Rowlett, texas, 75089","","","https://www.freightnet.com/profile/232462.htm","No"
"Express Way Logistics","1818 SW 1st Ave, Apt 1010, Miami, FL , Miami FL, United States of America, 33129","","","https://www.freightnet.com/profile/261974.htm","No"
"SKY FLY TRUCKING LLC","1900 , POLARIS PARKWAY, COLUMBUS, OHIO, 43240","","","https://www.freightnet.com/profile/259998.htm","No"
"American Logistics Group","PO box 28685, New York , New York, Usa, 10087","","","https://www.freightnet.com/profile/261516.htm","No"
"Amb Logistic","101 W Big Beaver Rd Suite 1400,, Troy, MI, 48084","","","https://www.freightnet.com/profile/252561.htm","No"
"American Logistics Group, Inc","68 S  , SERVICE RD 100, Melville, New York, 11747","","","https://www.freightnet.com/profile/255997.htm","No"
"SP Logistics","27002 115th PL SE , Kent, WA, 98030","","","https://www.freightnet.com/profile/260176.htm","No"
"HR freightway inc","Des plaines , DES PLAINES, IL, 60016","","","https://www.freightnet.com/profile/251282.htm","No"
"Sky Fly Trucking LLC","7497 Overland Trl , Delaware, OH, 43015","","","https://www.freightnet.com/profile/200076.htm","No"
"First Connect Worldwide","24 Commerce dr#434 , Newark, Nj USA, 07102","","","https://www.freightnet.com/profile/258273.htm","No"
"SHAIVISM SHIPPING LLC","3365 RIDGE FAIR DRIVE , CUMMING GA, Cumming, Georgia, 30040","","","https://www.freightnet.com/profile/246419.htm","No"
"SEN MART INTERNATIONAL","129-09 26TH AVE SUITE 305 , COLLEGE POINT, NY, 11354","","","https://www.freightnet.com/profile/258968.htm","No"
"Mcilwain Transport, LLC","305 Live Oak Loop , Ellabell, GA, 31308-9509","","","https://www.freightnet.com/profile/191936.htm","No"
"Gstar Logistics","200 Broad Hollow Road Suite 207 , Melville, NY - New York, 11747","","","https://www.freightnet.com/profile/260794.htm","No"
"KOpf Logistics group","2311, Toledo Road, Elkhart,, Indiana, IN, 46516","","","https://www.freightnet.com/profile/260539.htm","No"
"Immortal Trucking, Inc.","1551 N. Broadway Ave , Stockton, CA, 95205","","","https://www.freightnet.com/profile/260495.htm","No"
"Sky Fly Trucking, LLC","1900 Polaris Parkway, Suite 450, Columbus, OH 43240, Columbus, Ohio, 43240","","","https://www.freightnet.com/profile/257482.htm","No"
"First Connect Worldwide","Newark, NJ , Newark, NJ, 07102","","","https://www.freightnet.com/profile/259197.htm","No"
"D-Export Global LLC","​301 Mansfield Ln , greer, SC, 29650","","","https://www.freightnet.com/profile/257141.htm","No"
"Freight Logistics LLC","P00 W Hickman Rd, Unit 506, Waukee, IA  , waukee, Iowa, 50263","","","https://www.freightnet.com/profile/256263.htm","No"
"Sugar VR Inc","#99 Wall street , NY, NY USA, 10005","","","https://www.freightnet.com/profile/257229.htm","No"
"Best Bay Logistics","125 S Wacker Dr , Chicago, IL, 60606","","","https://www.freightnet.com/profile/244866.htm","No"
"Georgia Freight Forwarding Logistics","458 Buster Brown rd , Jackson, Georgia, 30233","","","https://www.freightnet.com/profile/250578.htm","No"
"Chicago Logistics Carrier","1155 w Normantown Rd  , Apt 2309, Romeoville, IL, 60446","","","https://www.freightnet.com/profile/258690.htm","No"
"Daylord Xpress logistics","731 W 7th St, Joplin, MO 64801, USA , Joplin, MO, 64801","","","https://www.freightnet.com/profile/257994.htm","No"
"JRS Freight Services Inc","555 Rogue Ave , Stayton, OR, 97383","","","https://www.freightnet.com/profile/109075.htm","No"
"Cargo Convoy","7119 Pennsylvania Ave , Upper Darby Township, Upper Darby Township, USA, 19082","","","https://www.freightnet.com/profile/258112.htm","No"
"Trust and Speed Logistics LLC","4970 Canal Drive , Lake Worth, Florida, 33463","","","https://www.freightnet.com/profile/229113.htm","No"
"Vab Logistics INC","30 N Gould ST STE 4235, Sheridan. WY - 82801, Sheridan, WY, 82801","","","https://www.freightnet.com/profile/229796.htm","No"
"BSG LOGISTICS","10715 SILVER SHIELD WAY , TOMBALL, TEXAS / USA, 77354","","","https://www.freightnet.com/profile/252766.htm","No"
"Trust And Speed Logistics","4970 CANAL DR , Lake Worth, Florida, United States, 33463","","","https://www.freightnet.com/profile/256035.htm","No"
"Lizzy logistics llc","5517 Brookdale Drive North , Brooklyn Park, MN, 55443","","","https://www.freightnet.com/profile/257158.htm","No"
"Blue Sky Logistics #1 LLC","2759 Delk Road Suite 1194 , MARIETTA, GA, 30067","","","https://www.freightnet.com/profile/240530.htm","No"
"MO Trucking Inc.","140 South 4th Street , Bay Shore, New York, 11706","","","https://www.freightnet.com/profile/256376.htm","No"
"S & S Brokerage Inc.","120 S Wood Ave #408 , Iselin, NJ United States, 08830","","","https://www.freightnet.com/profile/250072.htm","No"
"Cargo Convoy","7119 Pennsylvania ave,, Upper Darby, Pennsylvania, 19082","","","https://www.freightnet.com/profile/256505.htm","No"
"KINGSMAN FREIGHT AND LOGISTIC LLC","5235 N MAYFIELD AVE , SAN BERNARDINO, CA, 92407","","","https://www.freightnet.com/profile/244421.htm","No"
"RANOKX LOGISTICS INC","17708 MURPHY PARKWAY , LATHROP, CALIFORNIA USA, 95330","","","https://www.freightnet.com/profile/256045.htm","No"
"Trust and speed Logistics LLC","4970 CANAL, DR LAKE WORTH, FL  , LAKE WORTH, FL, 33463","","","https://www.freightnet.com/profile/246227.htm","No"
"JHUTTY TRANZ INC","1889 DEER SPRING CT , FAIRFIELD, CA, 94534","","","https://www.freightnet.com/profile/254764.htm","No"
"SKY FLY TRUCKING LLC","1900 Polaris Parkway Suite 450 , columbus, ohio, 43240","","","https://www.freightnet.com/profile/255987.htm","No"
"JBC trucking","113 Magnolia Dr, Apt 509 Franklin,TN 37064 , franklin, tn, 37064","","","https://www.freightnet.com/profile/255579.htm","No"
"Canary Yellow Logistics","9655 granite ridge drive STE 200 , San Diego, California, 92123","","","https://www.freightnet.com/profile/253533.htm","No"
"PME Trucking","1 Eves Dr , Ste 111, MARLTON, NJ, 08053","","","https://www.freightnet.com/profile/255279.htm","No"
"Vineyard Brokerage","450 E , 96th street, Indianapolis, USA, 46240","","","https://www.freightnet.com/profile/254787.htm","No"
"JDC NOW LLC","7933 Burdell Drive , Columbia, SC, 29205","","","https://www.freightnet.com/profile/238219.htm","No"
"Ant Mound Logistics","20 McCormick Cv , Brandon, MS, 39042","","","https://www.freightnet.com/profile/161591.htm","No"
"SHAIVISM SHIPPING LLC","3365 RIDGEFAIR DRIVE , CUMMING, GA - Georgia, 30040","","","https://www.freightnet.com/profile/247183.htm","No"
"Hatchway Trade Group Inc.","1712 Pioneer Ave , Suite 1766, Cheyenne, WY, 82001","","","https://www.freightnet.com/profile/246384.htm","No"
"mkb logistics llc","807 S PACIFIC AVE YUMA, AZ 85365 , S Pacific Ave, Yuma, 85365","","","https://www.freightnet.com/profile/246466.htm","No"
"manswell logistics llc","5317 indian hill rd , orlando, florida, 32808","","","https://www.freightnet.com/profile/213903.htm","No"
"Kline group inc","3095 FINNIAN WAY APT 201, DUBLIN, CA , Dublin, California, 94568","","","https://www.freightnet.com/profile/227176.htm","No"
"Cargo Convoy, Inc.","7119 Pennsylvania Ave , Upper Darby, PA, 19082","","","https://www.freightnet.com/profile/253236.htm","No"
"BSG LOGISTICS","10715 Silver Shield Way Tomball, TX 77375 , Tomball, TEXAS, 77375","","","https://www.freightnet.com/profile/252771.htm","No"
"Moon Logistics Services LLC","105 Vulcan Road  , Ste 221-1070, Birmingham, Alabama, 35209","","","https://www.freightnet.com/profile/249897.htm","No"
"Sky Fly Trucking LLC","1900 Polaris Parkway, Suite 450 Columbus, OH 43240 , Columbus, OH - Ohio, 43240","","","https://www.freightnet.com/profile/252161.htm","No"
"WeAre1 Logistics LLC","120 Twin Lakes Dr. , Fairfiled, OH, 45014","","","https://www.freightnet.com/profile/252641.htm","No"
"Sustainable Express, LLC","13720 SE Knight St , Portland, Oregon, 97236","","","https://www.freightnet.com/profile/252511.htm","No"
"Single Point Logistics","9810 FM 1960 Bypass Road W , Suite 205, HUMBLE, United States, 77338","","","https://www.freightnet.com/profile/215971.htm","No"
"Best Interloop LLC","7757 POPPY BLVD , California city, CA, 93505","","","https://www.freightnet.com/profile/245007.htm","No"
"EASY PEASY TRUCKING COMPANY","1755 NORTH BROWN ROAD SUITE 200,OFFICE #267 , LAWRENCEVILLE, GA - Georgia, 30043","","","https://www.freightnet.com/profile/250325.htm","No"
"Proud logistics LLC","2262 commerce Place  , Hayward, CA, 94545","","","https://www.freightnet.com/profile/222707.htm","No"
"cz logistic inc","usa , islien, usa, 08","","","https://www.freightnet.com/profile/249574.htm","No"
"Immensity Logistics LLC","1207 Delaware , Wilmington, DE, 19806","","","https://www.freightnet.com/profile/247743.htm","No"
"Trade logistics LLC","222 N. Locust st , Inglewood, california, 91302","","","https://www.freightnet.com/profile/243027.htm","No"
"AMB Logistic","55 East Long Lake Rd , Suite no. 457, Troy, MI, 48085-4738","","","https://www.freightnet.com/profile/221058.htm","No"
"Xmiles","WY , 30 N Gould St # 35779, Sheridan, WY 82801, Sheridan, WY, 82801","","","https://www.freightnet.com/profile/249001.htm","No"
"Sky Fly Trucking","1900 Polaris PKWY Suite 450 , Columbus, OHIO, 43240","","","https://www.freightnet.com/profile/248024.htm","No"
"Highplaces Logistics LLC","1880 S Diary Ashford Road  , Houston, Texas, 77077","","","https://www.freightnet.com/profile/247858.htm","No"
"Load Express Logistics Inc","613 Richmond Road , East Meadow, NY, 11554","","","https://www.freightnet.com/profile/247986.htm","No"
"Mulder Brothers Brokerage","1936 Transport Lane , Holland, MI, 49423","","","https://www.freightnet.com/profile/247855.htm","No"
"American Logistics Team","68S Service NY Road, suite 100 , Melville NY, New York, 11747","","","https://www.freightnet.com/profile/247781.htm","No"
"Trust and Speed Logistics LLC","4970 , canal dr , lake worth , Florida, Florida/USA, 33463","","","https://www.freightnet.com/profile/246191.htm","No"
"D&J Transportation","1220 S 3rd St , Laramie, WY, 82070","","","https://www.freightnet.com/profile/246188.htm","No"
"American Logistics Group","68s Service  , NY RD, Melville, New York, 11747","","","https://www.freightnet.com/profile/206115.htm","No"
"Ron's Trucking Corp","53 Torre Pl , Yonkers, NY, 10703","","","https://www.freightnet.com/profile/202203.htm","No"
"Landstar Systems","2933 S HARVARD AVE , Independence, MO, 64052","","","https://www.freightnet.com/profile/229228.htm","No"
"TRUCK TRACK LOGISTICS","30 N Gould St Ste R Sheridan, WY 82801 , 30 N Gould St Ste R Sheridan, WY 8280, Sheridan, WY, USA, 82801","","","https://www.freightnet.com/profile/247171.htm","No"
"American Logistics group.","Melville NY , Melville NY, NY, 11747","","","https://www.freightnet.com/profile/230998.htm","No"
"Mid Lane Carriers","1320 E Lomita Blvd , wilmington, ca, 90744","","","https://www.freightnet.com/profile/235276.htm","No"
"sky fly trucking","1951 Hamburg Turnpike Lackawanna, NY 14218 USA , Lackawanna, NY, 14218","","","https://www.freightnet.com/profile/228255.htm","No"
"SHASTA TRANS","10786 Indian Head Industrial Highway  , STE 1007, St louis, MO, 63132","","","https://www.freightnet.com/profile/246351.htm","No"
"Landstar Ranger","10948 St Route 212 NE  , Bolivar, ohio, 44612","","","https://www.freightnet.com/profile/222906.htm","No"
"Smiles Motors LLC","2646 Highway Ave , Suite LL107, Highland, Indiana, 46322","","","https://www.freightnet.com/profile/239660.htm","No"
"Integrity Freight","848 S 4400 W Salt Lake City,UT  , 848 S 4400 W Salt Lake City,UT, Salt Lake City, Utah, 84104","","","https://www.freightnet.com/profile/235475.htm","No"
"Walpole Inc","2825 21st Ave N,, Birmingham, AL, 35234","","","https://www.freightnet.com/profile/201712.htm","No"
"Total Quality Logistics","PO Box 799 , Milford, OH, 45150","","","https://www.freightnet.com/profile/245520.htm","No"
"Neema Express LLC","221 FORREST AVE , SAVANNAH, GA, 31404","","","https://www.freightnet.com/profile/245623.htm","No"
"ICJ Logistics, LLC","440 Louisiana Street , Suite 900, Houston, TX, 77002","","","https://www.freightnet.com/profile/241112.htm","No"
"Sky Fly Trucking",",1900 Polaris Parkway Suite 450 Columbus, OH 43240 , Columbus, Columbus, 43240","","","https://www.freightnet.com/profile/232612.htm","No"
"freight logistics LLC","500 W. Hickman RD # 506 , Waukee, IA. 50263, Waukee, Iowa, 50263","","","https://www.freightnet.com/profile/216584.htm","No"
"CARTAGENAWAY75 LLC","2585 Brittany Park Lane , Ellenwood, GA, 30294","","","https://www.freightnet.com/profile/228693.htm","No"
"Long Road Transportation","22043 68th Ave S , Kent, wa, 98032","","","https://www.freightnet.com/profile/244303.htm","No"
"TOYA LOGISTICS","PO BOX 3242 , Zephyrhills, FL, 33539","","","https://www.freightnet.com/profile/243258.htm","No"
"Routeking","RD Perth Amboy , NJ 08861,NJ 08861, NJ, 08861","","","https://www.freightnet.com/profile/243109.htm","No"
"Vertiv Logistics","300 E GLENN AVE , MODESTO, California, 95358","","","https://www.freightnet.com/profile/210172.htm","No"
"American Logistics Group","68 S Service Rd,, Melville, New York, 11747","","","https://www.freightnet.com/profile/241059.htm","No"
"AP Frieght  Inc","4460 Shaw Ave Fresno, CA 93722 , Fresno, CA, 93722","","","https://www.freightnet.com/profile/235032.htm","No"
"Matlack Leasing, LLC","24 Waterway Ave #350 , The Woodlands, Houston, TX, 77380","","","https://www.freightnet.com/profile/187866.htm","No"
"maverick logistics llc","Fresno, CA, USA 93720 , Fresno, usa, 93720","","","https://www.freightnet.com/profile/239714.htm","No"
"PPR LOGISTICS","19A COTTERS LANE , New jersey, USA, 60473","","","https://www.freightnet.com/profile/223557.htm","No"
"American Group","25 S Arizona Pl Ste 300 , Chandler, AZ, 85225","","","https://www.freightnet.com/profile/138816.htm","No"
"Trifecta Logistics LLC","100 7th Street Suite 104 , 104, Portsmouth, VA, 23704","","","https://www.freightnet.com/profile/230343.htm","No"
"The Conner Administration, LLC","P.O. Box 2057 , Harvey, Louisiana, 70059","","","https://www.freightnet.com/profile/223291.htm","No"
"Sky fly trucking","1900 Polaris parkway suite  450 Columbus, OH 43240 , 450 Columbus, OH 43240, Columbus, OH, 43240","","","https://www.freightnet.com/profile/228438.htm","No"
"NAV Logistics Inc","13803 Arroyo Grande Dr , Cypress, Texas, 77433","","","https://www.freightnet.com/profile/236525.htm","No"
"Big Boss Haulers LLC","1911 Brady Dr , DAlton, GA, 30720","","","https://www.freightnet.com/profile/229232.htm","No"
"Trust and Speed Logistics LLC","4970 CANAL DR, LAKE WORTH, FL 33463 , LAKE WORTH, FL, 33463","","","https://www.freightnet.com/profile/234755.htm","No"
"Total Source Logistics Inc dba TSL","160 Essex Avenue East , Avenel, NJ, 07001","","","https://www.freightnet.com/profile/230994.htm","No"
"ALB Logistics LLC","7425 Snow Ridge Dr , Fort Worth, TX, 76133","","","https://www.freightnet.com/profile/233003.htm","No"
"Eternity Solutions LLC","PO Box 979 Deer Park, 308 West 10th St, Deer Park, NY 11729 , Deer Park, New York USA, 11729","","","https://www.freightnet.com/profile/225643.htm","No"
"Transcend Logistics LLC","13001 E Temple Ave , City of Industry, CA, 91746","","","https://www.freightnet.com/profile/227048.htm","No"
"Marietta Transfer Company","PO Box 36 , Marietta, Ohio, 45750","","","https://www.freightnet.com/profile/231919.htm","No"
"Eternity Logistics","Deer Park,, New york, NY, 11729","","","https://www.freightnet.com/profile/231109.htm","No"
"Harper Deliveries, LLC","1155 S Power Rd , ste 114, MB 343, Mesa, ARIZONA, 85205","","","https://www.freightnet.com/profile/212487.htm","No"
"Ready Freight Transport INC.","7330 Valmont Street , TUJUNGA, CA, 91042","","","https://www.freightnet.com/profile/230710.htm","No"
"TYJO Logistics","1605 turtle point drive , desoto, TX, 75115","","","https://www.freightnet.com/profile/230820.htm","No"
"Vista logistics llc","Calfornia  , Mederious, Calfornia, 95382","","","https://www.freightnet.com/profile/229532.htm","No"
"S & S BROKERAGE INC","120 South Wood Ave Suite # 408 , ISELIN, NJ, 08830","","","https://www.freightnet.com/profile/229613.htm","No"
"Millenium solutions","1560 Wall Street Ste 304, 1560 Wall Street Ste 304, Naperville, USA, 60563","","","https://www.freightnet.com/profile/229154.htm","No"
"Sky Fly Trucking","1900 POLARIS PARKWAY SUITE 450 , NA, COLUMBUS, Ohio, 43240","","","https://www.freightnet.com/profile/228264.htm","No"
"DEXTERSON PEEK LLC","3585 BULLOCH LAKE RD , LOGANVILLE, GEORGIA, 30052","","","https://www.freightnet.com/profile/228553.htm","No"
"Gulick Freight Service Logistics, Inc","8614 NE 55th Avenue , Building B, Vancouver, WA, 98665","","","https://www.freightnet.com/profile/228616.htm","No"
"Eternity solutions","308 , West deer Park, New york, united states, 11729","","","https://www.freightnet.com/profile/227053.htm","No"
"Truck Dispatch 10-4","7208 W State St, Wauwatosa, WI 53213, United States , Wisconsin, Milwaukee, 53213","","","https://www.freightnet.com/profile/224785.htm","No"
"Core Trucking Co of Texas","1200 McCabe Road , La Porte, Texas, 77571","","","https://www.freightnet.com/profile/225051.htm","No"
"Moon Trucking LLC","11410 MORNINGVIEW , Southgate, MI, 48195","","","https://www.freightnet.com/profile/224328.htm","No"
"Ace Drayage","10 Hanger Court , Savannah, Georgia, 31408","","","https://www.freightnet.com/profile/144897.htm","No"
"Tatum trucking llc","262 N 7th St , Newark, NJ, 07107","","","https://www.freightnet.com/profile/212762.htm","No"
"MegaCorp Logistics","7800 Belfort Parkway , Jacksonville, FL, 32256","","","https://www.freightnet.com/profile/213186.htm","No"
"Route king logistics","137 S Broadway Ave, Suite 3, Albert Lea ,MN 5600 , albert lea, minne, 5600","","","https://www.freightnet.com/profile/220313.htm","No"
"Black Intrpriz Logiztics LLC","700 Smith St.smb 61070, smb#34498 , Houston, Texas, 77002","","","https://www.freightnet.com/profile/219838.htm","No"
"UNITED FREIGHT GROUP","Ridgeway lane, Tuckerton NJ  , New Jersey, U.S.A, 08087","","","https://www.freightnet.com/profile/218955.htm","No"
"Coltens","750 Frelinghuysen Ave , Newark, NJ, 07114","","","https://www.freightnet.com/profile/205422.htm","No"
"Capitol Trucking","5656 cedar ridge  , Dallas, Tx, 75236","","","https://www.freightnet.com/profile/212125.htm","No"
"S&S Brokerage, Inc.","120 Wood Avenue South, Suite 605 , Iselin, New Jersey, 08830","","","https://www.freightnet.com/profile/218332.htm","No"
"Total Quality Logistics","880 Montclair Road , Suite 425, Birmingham, AL, 35213","","","https://www.freightnet.com/profile/218025.htm","No"
"JJCLogisticsLLC","P.O. Box 7301 , Wilmington, NC, 28(06","","","https://www.freightnet.com/profile/213715.htm","No"
"AMB Logistic","Michigan , Troy, Michigan, 48313","","","https://www.freightnet.com/profile/216743.htm","No"
"SUPER NOYA LOGISTICS LLC","1307 DANBERRY DR , FREDERICK, md, 21703","","","https://www.freightnet.com/profile/214775.htm","No"
"J.ANDERS TRANSPORTATIONS, LLC","726 Lowndes Hill Road Suite E , Greenville, South Carolina, 29607","","","https://www.freightnet.com/profile/216202.htm","No"
"American Logistics Group","68 S Service NY Rd. , Suite 100,, Melville, NY, 11747","","","https://www.freightnet.com/profile/206068.htm","No"
"LNIXON HOLDINGS LLC","12502 Campsite Trl , Cypress, TX, 77429","","","https://www.freightnet.com/profile/214471.htm","No"
"JB alexander & company","1440 W TAYLOR ST , unit 90, CHICAGO, IL, 60607","","","https://www.freightnet.com/profile/213462.htm","No"
"Budd Van Lines","24 School House Rd , Somerset, New Jersey, 08873","","","https://www.freightnet.com/profile/213217.htm","No"
"Road Dawg Dispatch & Logistics LLC","3010 essex road , cleveland heights, OH, 44118","","","https://www.freightnet.com/profile/212547.htm","No"
"State2State Logistics LLC","324 Easter Street  , Columbia, South Carolina, 29203","","","https://www.freightnet.com/profile/212127.htm","No"
"Vineyard Brokerage","9438 PARK MERIDIAN DRIVE INDIANAPOLIS, IN 46260 , INDIANAPOLIS, Indiana, 46260","","","https://www.freightnet.com/profile/211577.htm","No"
"Lum Dispatch Service LLC","1810 Congressional Village Dr, Suite 1102, Middletown, Delaware, 19709","","","https://www.freightnet.com/profile/193468.htm","No"
"Prime Inc","2740 N Mayfair , Springfield, Mo/ Usa, 65808","","","https://www.freightnet.com/profile/205558.htm","No"
"Octopus Moving: Local Moving Services in Boston","376 Washington st Boston , Boston, MA, 02135","","","https://www.freightnet.com/profile/204330.htm","No"
"L J RAMIREZ TRUCKING LLC","572 MAR CIRCLE , ALAMO, Texas, 78516","","","https://www.freightnet.com/profile/200303.htm","No"
"American Logistics Group Inc","PO Box 4 , Syosset, NY, 11791","","","https://www.freightnet.com/profile/196766.htm","No"
"MaxForce Delivery Service","5320 W Sunset Ave , Suite 141, Springdale, AR, 72762","","","https://www.freightnet.com/profile/194638.htm","No"
"Cowtown Express","7050 Jack Newell Blvd S. , Fort Worth, TX, 76118","","","https://www.freightnet.com/profile/192393.htm","No"
"LUM TRUCKING","1810 Congressional Village Dr , Suite 1102, Middletown, Delaware, 19709","","","https://www.freightnet.com/profile/193343.htm","No"
"East West Auto Transport","303 Wyman Street , Suite 300, Waltham, MA, 02451","","","https://www.freightnet.com/profile/171703.htm","No"
"BSG Logistics - Landstar Agent","25219 Kuykendahl Rd Ste 290 , The Woodlands, Texas / USA, 77375","","","https://www.freightnet.com/profile/158759.htm","No"
"DGL Export Inc","8505c Nw 68th St , Doral, Doral, 33166","","","https://www.freightnet.com/profile/166423.htm","No"
"Landstar DFL","210 Greenwood Lane , Athens, GA, 30605","","","https://www.freightnet.com/profile/131796.htm","No"
"National Flatbed, LLC","202 Church ST SE , STE 203, Leesburg, VA, 20175","","","https://www.freightnet.com/profile/170899.htm","No"
"Rivera trucking","5300 NE Cully blve , Portland, Oregon, 97218","","","https://www.freightnet.com/profile/171604.htm","No"
"West Container Solutions Transport, LLC","9431 1/2 Ramona St. , Bellflower, CA, 90706","","","https://www.freightnet.com/profile/170112.htm","No"
"Rite-Way Transport","11180 blasius road , ste b, jacksonville, fl, 32226","","","https://www.freightnet.com/profile/169657.htm","No"
"GLO Warehousing and Transportation, LLC.","5301 Polk ST , Houston, Texas, 77023","","","https://www.freightnet.com/profile/169787.htm","No"
"Noza Logistics","2510 W 21st Ln , Yuma, Arizona, 85364","","","https://www.freightnet.com/profile/168993.htm","No"
"Quickload","5680 NW 32nd Ave , Miami, Florida, 33142","","","https://www.freightnet.com/profile/167963.htm","No"
"Total Car Shipping","2500 Hollywood Boulevard #210 , Hollywood, FL, 33020","","","https://www.freightnet.com/profile/89230.htm","No"
"US CityLink Corporation","1601 S Union Ave. Main Bldg , BAKERSFIELD, California, 93307","","","https://www.freightnet.com/profile/157915.htm","No"
"Proud 2 Haul Inc","30 Maciorowski Rd , Parlin, New Jersey, NJ, 08859","","","https://www.freightnet.com/profile/23536.htm","No"
"Voyage Logistics Inc","510 Summer Acres ct , Rosenberg, TX, 77469","","","https://www.freightnet.com/profile/162158.htm","No"
"TQL","820 FORREST POINT  , CHARLOTTE, NORTH CAROLINA, 28273","","","https://www.freightnet.com/profile/161405.htm","No"
"Redline Trans LLC","1852 W.11th ST# 517 Tracy, CA 95376 , Tracy, California, 5","","","https://www.freightnet.com/profile/160718.htm","No"
"Coast Transport Inc","Willard , Northridge, Los Angeles, 91325","","","https://www.freightnet.com/profile/156522.htm","No"
"CARGO SOLUTION EXPRESS","14587 Valley Blvd , FONTANA, CALIFORNIA, 92335","","","https://www.freightnet.com/profile/158005.htm","No"
"Total Quality Logistics","1855 Griffin Rd , Dania Beach, FL, 33004","","","https://www.freightnet.com/profile/157404.htm","No"
"Landstar PKH Agency","7190 Forest Hill Dr , Frankston, TX, 75763","","","https://www.freightnet.com/profile/152264.htm","No"
"Major League Trucking & Warehouse Dist.","5767 E IMPERIAL HWY , SOUTH GATE, CA, 90280-4655","","","https://www.freightnet.com/profile/154562.htm","No"
"Hawkeye logistics Corporation LLH Group LLC","11565 Destination Dr , 4115, Broomfield, CO, 80021","","","https://www.freightnet.com/profile/142876.htm","No"
"BR Williams Trucking, Inc.","2339 Hwy 21 South , Oxford, AL, 36203","","","https://www.freightnet.com/profile/153315.htm","No"
"FreightCenter.com","34125 US 19 North , Suite 300, Palm Harbor, Florida, 34684","","","https://www.freightnet.com/profile/62097.htm","No"
"N-Motion Transport","5555 MORNINGSIDE DR. , Houston, TX, 77005","","","https://www.freightnet.com/profile/151229.htm","No"
"Link lines Inc.","2819 w Clinton ave #364 , Fresno, Ca, 93722","","","https://www.freightnet.com/profile/148857.htm","No"
"TRANSTAR TRUCKING INC","4446 NW 74 AVE , Miami, FL, 33166","","","https://www.freightnet.com/profile/148196.htm","No"
"SKY INTERNATIONAL US INC","161-15, ROCKAWAY BLVD. , SUITE # 110, JAMAICA, NY, 11419","","","https://www.freightnet.com/profile/147504.htm","No"
"A1 McGuire Trucking Service","751 koehler ave , suite 4, ronkonkoma, new york, 11779","","","https://www.freightnet.com/profile/146286.htm","No"
"McGuire Trucking Service LLC","751 koehler ave , Ronkonkoma, New York, NY, 11779","","","https://www.freightnet.com/profile/10621.htm","No"
"JetEx Logistics","4405 Reese Dr , Irving, Texas, 75063","","","https://www.freightnet.com/profile/144084.htm","No"
"VB Concord LLC","1821 Parkline Dr. apt. 31 , Pittsburgh, PA, 15227","","","https://www.freightnet.com/profile/143902.htm","No"
"Blue Water Trucking","14889 33 Mile Road , Bruce Twp, Mi, 48065","","","https://www.freightnet.com/profile/142351.htm","No"
"National Express Auto Transport","7950 NW 53rd Street #337 , Miami, FL, 33166","","","https://www.freightnet.com/profile/138779.htm","No"
"Magic wheels transport","309 main st , Garden City, GA, 31408","","","https://www.freightnet.com/profile/137854.htm","No"
"Hansen Specialized","4895 olde towne pkwy suite 101 , marietta, GA, 30068","","","https://www.freightnet.com/profile/138776.htm","No"
"Mkc Group Corporation","3220 Sanders Rd. , suite 1F, Northbrook, Illinois, 60062-7146","","","https://www.freightnet.com/profile/136304.htm","No"
"Midwest Express LLC","3627 FOREST DALE DR , Apt/Suite, Saint Louis, MO, 63125","","","https://www.freightnet.com/profile/131794.htm","No"
"MKC GROUP CORPORATION","3220 SANDERS RD. SUITE 1F , NORTHBROOK, IL, 60062","","","https://www.freightnet.com/profile/136188.htm","No"
"GARCIA TRANSPORT","539 CORONADO AVE  SUITE # 1 , LONG BEACH, CA, 90814","","","https://www.freightnet.com/profile/129333.htm","No"
"Roadrunner Specialized","1007 Industrial Drive , SAUK RAPIDS, MN, 56379","","","https://www.freightnet.com/profile/130772.htm","No"
"Freeman Logistics","11517 N. Broadway Ext Unit B , Oklahoma City, OK, 73114","","","https://www.freightnet.com/profile/128179.htm","No"
"Guardian Freight","610 N. 1st St , #5-410, Hamilton, MT, 59840","","","https://www.freightnet.com/profile/128459.htm","No"
"Go Go Transport, LLC","266 Alfred Street , Savannah, Georgia, 31408","","","https://www.freightnet.com/profile/127797.htm","No"
"Next Exit Logistics","1510 N Hampton Rd #200 , DeSoto, TX, 75115","","","https://www.freightnet.com/profile/106805.htm","No"
"Jlink Transportation","105-11568 Eburne Way , Richmond, BC, V6V0A7","","","https://www.freightnet.com/profile/112507.htm","No"
"Freight Monster","312 Oertli Ln , Hamilton, MT, 59840","","","https://www.freightnet.com/profile/112454.htm","No"
"TQL","p.o. box 799 , cincinnati, oh, 45150","","","https://www.freightnet.com/profile/58992.htm","No"
"Mode Transportation","P.O. Box 4067 , Downey, CA, 90745","","","https://www.freightnet.com/profile/108849.htm","No"
"Orbital Transport","5202 Enterprise Blvd, # B , Toledo, OH, 43612","","","https://www.freightnet.com/profile/104731.htm","No"
"A1 Transport","538 E 17th Circle , La Center, Washington, 98629","","","https://www.freightnet.com/profile/104750.htm","No"
"Kenco Transportation","2001 Riverside Dr , Chattanooga, TN, 37406","","","https://www.freightnet.com/profile/96205.htm","No"
"BCQ TRANS","43 SOUTH BROAD STREET , NORWICH, NY, 13815","","","https://www.freightnet.com/profile/103404.htm","No"
"Total Quality Logistics","8777 purdue rd , Indianapolis, in, 46268","","","https://www.freightnet.com/profile/102523.htm","No"
"ITS Brokerage","1750 Ralston Way , Sparks, NV, 89434","","","https://www.freightnet.com/profile/102250.htm","No"
"LTA","14331 SW 120 ST Suite 203 , Miami, florida, 33186","","","https://www.freightnet.com/profile/101877.htm","No"
"Montway Auto Transport","4740 N. Cumberland Ave , 393, Chicago, IL, 60656","","","https://www.freightnet.com/profile/52901.htm","No"
"Proexpress LLC","401 N 37th Dr Ste 103 , Phoenix, Arizona, 85009","","","https://www.freightnet.com/profile/98822.htm","No"
"BKK Transport and Brokerage","1 s 299 Ingersoll Lane , Villa Park, Illinois, 60181","","","https://www.freightnet.com/profile/95967.htm","No"
"N-Motion Freight","5555 Morningside #211 , Houston, texas, 77005","","","https://www.freightnet.com/profile/87754.htm","No"
"NOEL LOGISTICS","1033 NOEL AV , WHEELING, ILLINOIS, 60090","","","https://www.freightnet.com/profile/96505.htm","No"
"Total Quality Logistics","4289 Ivy point BLVD , Cincinnati, OH, 45203","","","https://www.freightnet.com/profile/96569.htm","No"
"Freightshipping.com","616 Lincoln Ave , St. Paul, MN, 55105","","","https://www.freightnet.com/profile/92053.htm","No"
"ProAce Moving and Storage","122 Gold Kettle Drive , Gaithersburg, Maryland, 20878","","","https://www.freightnet.com/profile/6831.htm","No"
"CRST INTERNATIONAL INC","10 MEDALIST COURT , BRENTWOOD, TENNESSEE, 37027","","","https://www.freightnet.com/profile/88791.htm","No"
"USACAN Logistics","PO Box 132172 , Spring, TX, 77393","","","https://www.freightnet.com/profile/85898.htm","No"
"H-O-C-E Trucking","8 Palomino Lane , Carson, California, CA, 90745","","","https://www.freightnet.com/profile/19131.htm","No"
"BAT Logistics","10701 South 72nd Street , papillion, ne, 68046","","","https://www.freightnet.com/profile/64814.htm","No"
"A Plus Expediting and Logistics","1931 Neva Dr. , Dayton, OH, 45414","","","https://www.freightnet.com/profile/64400.htm","No"
"Trans-National Services, Inc.","3385 Hall Circle , Suite D, Duluth, GA, 30096","","","https://www.freightnet.com/profile/57023.htm","No"
"Over The Road Logistics","626 vine street , Cincinnati, Ohio, 45202","","","https://www.freightnet.com/profile/60911.htm","No"
"Spider Ship","5526 W 13400 S # 431 , Herriman, UT, 84065","","","https://www.freightnet.com/profile/50925.htm","No"
"Force Transport & Logistics","6320 Hiatus Road , Tamarac, Florida, 33321","","","https://www.freightnet.com/profile/58393.htm","No"
"IC Logistics","4253 N Kedvale , Chicago, IL, 60641","","","https://www.freightnet.com/profile/55345.htm","No"
"Chain Express, Corp.","9300 NW 58th Street, Suite 203 , Miami, Florida, 33178","","","https://www.freightnet.com/profile/58282.htm","No"
"Worldwide logistic LLC","321 Route 440 South , Jersey City, NJ, 07305","","","https://www.freightnet.com/profile/57392.htm","No"
"STS Freight Services Inc.","128 EASTERN AVE , Chelsea, MA, 02150","","","https://www.freightnet.com/profile/55456.htm","No"
"Renegade USA","3073 S. Chase Ave., Suite 310 , Milwaukee, Wisconsin, WI, 53207","","","https://www.freightnet.com/profile/23642.htm","No"
"Wingline Trucking, Inc.","5529 Dial Drive , Granite City, IL, 62040","","","https://www.freightnet.com/profile/52236.htm","No"
"AGK Express, Inc","P.O.Box 662 , Elk Grove Village, il, 60009","","","https://www.freightnet.com/profile/52671.htm","No"
"Roadrunner Transportation","Specialized Transport Agent , 925 S 1st St, St Cloud, MN, 56301","","","https://www.freightnet.com/profile/52060.htm","No"
"UNITED INTERMODAL LLC","3333 BOWERS AVE STE 130 , SANTA CLARA, CA, 95054","","","https://www.freightnet.com/profile/51216.htm","No"
"Lighten The Load","1395 E Irving Park Rd , Itasca, Illinois, IL, 60143","","","https://www.freightnet.com/profile/22073.htm","No"
"Quaker Transport Inc.","110 Godley Road , Port Wentworth, Georgia, GA, 31407","","","https://www.freightnet.com/profile/21168.htm","No"
"Maya Freight Systems","122 South Grant Street , San Mateo, California, CA, 94401","","","https://www.freightnet.com/profile/20566.htm","No"
"Complete Transport System","Cargo Bldg 68 Bay 3 , John F Kennedy Int'l Airport, Jamaica, New York, NY, 11430","","","https://www.freightnet.com/profile/18939.htm","No"
"Choptank Transport","n/a , Preston, MD, 21655","","","https://www.freightnet.com/profile/49341.htm","No"
"Landstar Ranger, Inc","42 West 37 St , Bayonne, New Jersey, NJ, 07002","","","https://www.freightnet.com/profile/16371.htm","No"
"Halo Transport","PO Box 4274 , Timonium, Maryland, MD, 21094","","","https://www.freightnet.com/profile/16929.htm","No"
"B&M Transportation Services","625 77th way s , Birmingham, Alabama, 35206","","","https://www.freightnet.com/profile/50062.htm","No"
"AllAmericanHauling","522 6th ave N.E. , Sidney, Montana, MT, 59270","","","https://www.freightnet.com/profile/17487.htm","No"
"Dynasty Carriers LLC","569 Cass , Grand Rapids, Michigan, MI, M.I.","","","https://www.freightnet.com/profile/17585.htm","No"
"Hanson Logistics","2900 South State Street , St. Joseph, Michigan, MI, 49085","","","https://www.freightnet.com/profile/17607.htm","No"
"Landstar Ligon Inc","1206 Laskin Rd , Suite 101, Virginia Beach, Virginia, VA, 23451","","","https://www.freightnet.com/profile/18018.htm","No"
"Phoenix Transport","1302 Bunton St , Houston, Texas, TX, 77009","","","https://www.freightnet.com/profile/18286.htm","No"
"Texim Transportation","355 Creek Manor Way , Suwanee, Georgia, GA, 30024","","","https://www.freightnet.com/profile/18521.htm","No"
"American Xpress Inc","PO Box 33585 , Palm Beach Garden, Florida, FL, 33420","","","https://www.freightnet.com/profile/18584.htm","No"
"ROL Transport Inc","1418 NW 82 Avenue , Miami, Florida, FL, 33126","","","https://www.freightnet.com/profile/19042.htm","No"
"LDH Corporation","Hwy 25 , Port Wentworth, Georgia, GA, 31407","","","https://www.freightnet.com/profile/19302.htm","No"
"Carroll Trucking Inc","6300 Tidewater Dr , Norfolk, Virginia, VA, 23509","","","https://www.freightnet.com/profile/19601.htm","No"
"Interstate Freight Connect Inc.","4301 Valley Boulevard , Suite B-1, Los Angeles, California, CA, 90032","","","https://www.freightnet.com/profile/19687.htm","No"
"ADP Trucking Enterprises, Inc.","14100 SW 256 St. Unit 3 , Miami, Florida, FL, 33032","","","https://www.freightnet.com/profile/20397.htm","No"
"Masters Transportation & Moving Services","49 Vassar Street , Dorchester, Massachusetts, MA, 02121","","","https://www.freightnet.com/profile/20539.htm","No"
"Pioneer Transfer","2034 S Saint Aubin St , Sioux City, Iowa, IA, 55106","","","https://www.freightnet.com/profile/20562.htm","No"
"Five Star Express","250 E Fork Dr. , Houston, Texas, TX, 77328","","","https://www.freightnet.com/profile/20592.htm","No"
"David M. Birney Sr. Moving","904 Frenchtown Rd , Elkton, Maryland, MD, 21921","","","https://www.freightnet.com/profile/20981.htm","No"
"Ashland Express","PO Box 91 , Ashland, Ohio, OH, 44805","","","https://www.freightnet.com/profile/21250.htm","No"
"MKS Services, LLC","1710 e Grant St ste 1 , Phoenix, Arizona, AZ, 85034","","","https://www.freightnet.com/profile/21389.htm","No"
"KMA Trucking, LLC","123 Spencer Road North , Onalaska, Washington, WA, 98570","","","https://www.freightnet.com/profile/21563.htm","No"
"Matson America Transportation Services","PO Box 381 , Osceola, Indiana, IN, 46561","","","https://www.freightnet.com/profile/21628.htm","No"
"GILCO Trucking","790 Biscuit Hill Road , Garden City, Georgia, GA, 31408","","","https://www.freightnet.com/profile/21784.htm","No"
"Central Jersey Services","7857 w sample road , suite 157, Coral Springs, Florida, FL, 33065","","","https://www.freightnet.com/profile/21886.htm","No"
"Exodus Logistics LLC","4920 Niagara Rd Suite 116 , College Park, Maryland, MD, 20740","","","https://www.freightnet.com/profile/23118.htm","No"
"USA Logistics","P O Box 1015 , 1801 Technology Dr., Chesterton, Indiana, IN, 46304","","","https://www.freightnet.com/profile/23396.htm","No"
"314 Expediting","PO Box 120011 , Grand Rapids, Michigan, MI, 49528","","","https://www.freightnet.com/profile/23610.htm","No"
"Fast Messenger & Cargo Corp.","1680 NW 82nd Avenue , Doral, FL, 33126","","","https://www.freightnet.com/profile/23714.htm","No"
"Jameson Logistics","PO Box 1439 , Elfers, Florida, FL, 34680","","","https://www.freightnet.com/profile/24089.htm","No"
"Ally Logistics","1001 76th St SW Suite A , Byron Center, MI, 49315","","","https://www.freightnet.com/profile/110703.htm","No"
"Free trucking Rates","1056 Michigan , Long Beach, California, 90280","","","https://www.freightnet.com/profile/59860.htm","No"
"StarCity Moving","123 Town Square Place , Jersey City, New Jersey, 07302","","","https://www.freightnet.com/profile/61381.htm","No"
"Truckrefrigerated.com","312 oertli lane , hamilton, mt, 59840","","","https://www.freightnet.com/profile/65544.htm","No"
"Equipment Transport Quote","312 Oertli Ln. , PO Box 1648, Hamilton, Montana, 59840","","","https://www.freightnet.com/profile/65545.htm","No"
"HeavyHaulingQuote","312 Oertli Lane , Hamilton, MT, 59840","","","https://www.freightnet.com/profile/65550.htm","No"
"Zipp Express & Logistics","575 Airport Road , Bldg A Suite 100, Gallatin, TN, 37066","","","https://www.freightnet.com/profile/81399.htm","No"
"KEI Transportation LLC.","PO Box 811 , Pooler, GA, 31322","","","https://www.freightnet.com/profile/82358.htm","No"
"Specialty Auto Transport Logistics","3934 North West 72 Drive , Coral Spirngs, FL, 33065","","","https://www.freightnet.com/profile/88420.htm","No"
"RHINO TRANSPORT","27 REFTON RD , WILLOW STREET, PA, 17584","","","https://www.freightnet.com/profile/90722.htm","No"
"Optimum Alliance","14 McKissick Creek Road Ste 1401 , Bentonville, AR, 72712","","","https://www.freightnet.com/profile/94130.htm","No"
"Freight Specialist","6941 SW 196th Ave. Suite# 29 , Pembroke Pines, Florida, 33332","","","https://www.freightnet.com/profile/94935.htm","No"
"SuperLoads FBC, Inc","4155 E Jewell Ave , Ste 610, Denver, Colorodo, 80222","","","https://www.freightnet.com/profile/97913.htm","No"
"allegiant freight solutions llc","4223 liron ave , #102, fort myer, fl, 33916","","","https://www.freightnet.com/profile/100376.htm","No"
"Wallace trucking llc","p.o box 220 , abbeville, alabama, 36310","","","https://www.freightnet.com/profile/105909.htm","No"
"GoGo Transport LLC","105 Holiday Dr , Savannah, Georgia, 31419","","","https://www.freightnet.com/profile/107347.htm","No"
"M. Young Freight Systems","3128 Hubbard rd , Landover, MD, 20785","","","https://www.freightnet.com/profile/113730.htm","No"
"Smart Transport Inc","2222 W 79 Street , Hialeah, FL, 33016","","","https://www.freightnet.com/profile/114746.htm","No"
"Hargun Freight Lines","3900 horner st # 128 , union city, ca, 94587","","","https://www.freightnet.com/profile/120347.htm","No"
"JLS Nationwide Services, Inc","3385 Hall Circle , Suite D, Duluth, GA, 30096","","","https://www.freightnet.com/profile/120602.htm","No"