"name","address","phone","website","profileUrl","isPremiumMember"
"Triton Logistix Limited","10 Eternity House, 21-24 Hickman Avenue, London, England, E4 9GA","+44 208 050 6121","https://tritonlogistix.com/","https://www.freightnet.com/profile/212568.htm","Yes"
"TG Logistics Ltd","Suite 3a, JYW House, Bridge Road, Haywards Heath, West Sussex, RH16 1UA","+44 (0)1444 417675","http://www.tglogistics.co.uk/","https://www.freightnet.com/profile/143353.htm","Yes"
"Technologistics Solutions Ltd","184, Churchbury, Eltham, London, SE9 5JA","07946765143","http://www.tlogistics-solutions.com/","https://www.freightnet.com/profile/156296.htm","Yes"
"YAIR GLOBAL LTD","1, Methuen Close, Springbourne road, Bournemouth, Dorset, BH8 8NA","+447435459248","","https://www.freightnet.com/profile/114447.htm","Yes"
"Rose Freight Logistics","unit 82a James Carter Road, Bury ST edmunds, Surrey, IP28 7DE","+447375080790","","https://www.freightnet.com/profile/263488.htm","Yes"
"DC TRANSPORT YORKSHIRE LIMITED","Network House, Stubs Beck Lane, Cleckheaton, West Yorkshire, BD194TT","+441138878459","https://www.seaporthub.co.uk/","https://www.freightnet.com/profile/177530.htm","Yes"
"ARCA TRADE GROUP LTD","UNIT 9 PEMBROKE BUSINESS CENTRE, PAYCOCKE ROAD, BASILDON, ESSEX, SS14 3HX","07862024212","http://www.arcatrade.co.uk/request-a-quotation","https://www.freightnet.com/profile/254539.htm","Yes"
"Aver Logistics Ltd","Great House Farm, Chenies, United Kingdom, WD3 6EP","+441494509700","https://averlogistics.co.uk/","https://www.freightnet.com/profile/257975.htm","Yes"
"Cargo Move Consultant","Highfield, The Street, King's Lynn, Norfolk, PE33 9JN","+44(0)1760 444149","","https://www.freightnet.com/profile/616.htm","Yes"
"AceExpress Cargo Ltd","182-184 High Street North, Office 4743, LONDON, London, E6 2JA","02034321723","http://www.aceexpresscargo.co.uk/","https://www.freightnet.com/profile/254934.htm","Yes"
"Lombard Shipping & Forwarding Ltd","Lombard Centre, Link Road, Huyton Business Park, Liverpool, Merseyside, L36 6AP","+44 (0)1514493535","http://www.lsfuk.com/","https://www.freightnet.com/profile/12968.htm","Yes"
"Gentoo Freight LLP","27 Old Gloucester St, London, Greater London, WC1N 3AX","07907164795","http://www.gentoofreight.co.uk/","https://www.freightnet.com/profile/157379.htm","Yes"
"Universe Logistics","Unit 3B, Falcon Way, Feltham, Middlesex, UK, TW14 0UQ","+442030049397","http://www.unvs.co.uk/","https://www.freightnet.com/profile/160495.htm","Yes"
"FLYSHIP LOGISTICS LTD","Kemp House 152 - 160, City Road, London, Greater London, EC1V 2NX","+44(0)2081444381","http://www.flyshiplogistics.co.uk/","https://www.freightnet.com/profile/180862.htm","Yes"
"NKR FREIGHT LTD","UNIT 3, COBDEN HOUSE, COBDEN STREET, LEICESTER, Leicestershire, LE1 2LB","+44 (0) 3301131297","http://www.nkrfreight.com/","https://www.freightnet.com/profile/136264.htm","Yes"
"UK Shipping & Logistics Ltd","vista Centre, 50 Salisbury Road, hounslow, London Heathrow, TW4 6HG","02030869161","http://www.uklogistics.net/","https://www.freightnet.com/profile/231874.htm","Yes"
"ABC Cargo Uk","Unit C4 Heathrow Corporate Park, Green Lane, Hounslow, UK -, Hounslow, TW4 6ER","+44 73888 00000","https://abccargo.uk/","https://www.freightnet.com/profile/254483.htm","Yes"
"AFIX KONECT GLOBAL LTD.","LLANTWIT ROAD, STARTUP STIWDIO, PONTYPRIDD, MID GLAMORGAN, CF37 1DL","+447442850526","https://www.afixglobal.com/","https://www.freightnet.com/profile/254800.htm","Yes"
"Dialog Freight (UK) Ltd","53 High Street, Laurencekirk, Kindcardineshire, AB30 1BH","+44 (0) 7425092835","","https://www.freightnet.com/profile/196175.htm","Yes"
"Alinnza Trading London Limited","Manchester Business Park, 3000 Aviator Way, Manchester, Manchester, M22 5TG","+44 (0) 20 8004 7744","http://www.alinnza.com/","https://www.freightnet.com/profile/154958.htm","Yes"
"RST LOGISTICS CONSULTANCY","2 Laurel Gardens, Aldershot, Hampshire, GU11 3TQ","07535358221","","https://www.freightnet.com/profile/255679.htm","Yes"
"Airo Sail Ltd","The Cresent, 1 King Street, Office No. 4, Charnwood Suite, Leicester, Leicestershire, LE1 6RX","0116 216 8949","http://www.airosail.com/","https://www.freightnet.com/profile/254432.htm","Yes"
"fikisha global logistics company limited","T1, New Forest Estate, 230 Hurn Road, Matchams, Ringwood, Hampshire, BH24 2BT","07508377502","","https://www.freightnet.com/profile/252024.htm","Yes"
"SCANWELL LOGISTICS (LHR) LTD","SCANWELL HOUSE, UNIT 13, CENTRAL PARK ESTATE, HOUNSLOW, MIDDLESEX., TW4 5DJ","+44 208 572 6946","http://www.scanwelluk.com/","https://www.freightnet.com/profile/62806.htm","Yes"
"Maxline Global Logistics UK Ltd.","24 City Road, London, London, EC1V 2NX","+44 7585622022","https://www.maxlineglobal.co.uk/","https://www.freightnet.com/profile/256993.htm","Yes"
"OPEX MANCHESTER LIMITED","Jactin House, 24 Hood Street, Manchester, Greater Manchester, M4 6WX","+447404040940","","https://www.freightnet.com/profile/258500.htm","Yes"
"NR Global Logistics Ltd","12, Hartsdown Road, Margate, N/A, CT9 5QT","0044 (0) 7841 978278","","https://www.freightnet.com/profile/236939.htm","Yes"
"MERIT FREIGHT SYSTEMS UK LIMITED","5 PARKGATE ROAD , WEST TIMPERLEY ,, ALTRINCHAM, Choose your province, WA14 5UU","07852130266","https://www.meritfrt.co.uk/","https://www.freightnet.com/profile/235198.htm","Yes"
"Pyramid Logistics Vietnam Co Ltd","DH5 Sky Center, 5B Pho Quang, Ward 2, Tan Binh District, Ho Chi Minh City, Ho Chi Minh City, 736515","+842862704766","http://www.pyramidlogisticsvn.com/","https://www.freightnet.com/profile/253988.htm","Yes"
"Merlin Oscar Freight Services Ltd","37 SOLENT GRANGE, NEW LANE, MILFORD ON SEA, HAMPSHIRE, SO41 0UQ","07850989214","","https://www.freightnet.com/profile/241719.htm","Yes"
"Astraline Logistics Limited","Unit 4, 39 Farthing Grove, Netherfield, Milton Keynes, Buckinghamshire, MK6 4JH","07521787777","https://astralinelogistics.com/","https://www.freightnet.com/profile/166694.htm","Yes"
"Gudog Pet Suppliers","51 Eastcheap, City of London, London, London, London, EC3M 1DT","+353860864445","","https://www.freightnet.com/profile/253973.htm","Yes"
"AL-NASHMI FREIGHT LTD","47-49 Park Royal Road , Premier Business Center, LONDON, GB, NW10 7LQ","","","https://www.freightnet.com/profile/249796.htm","No"
"Wight Global Logistics","Osborne Stable Block  , East Cowes, Isle of wight, PO32 6JU","","","https://www.freightnet.com/profile/166339.htm","No"
"Klanorian Freight Forwarders","887 Springfield Road , Glasgow, Lanarkshire, G31 4HZ","","","https://www.freightnet.com/profile/162041.htm","No"
"Andrexa Global Logistics Ltd","4B Wonodi Crescent  , Off Stadium Road, Port Harcourt, Nigeria, 2000501","","","https://www.freightnet.com/profile/252167.htm","No"
"AD Cargo Limited","Unit 48, BizSpace Wembley. 284 Water Road , London, Brent, HA0 1HX","","","https://www.freightnet.com/profile/257783.htm","No"
"Despatch Point Limited","Unit 2 Moniton Estate , West Ham Lane, Basingstoke, Hampshire, RG22 6NQ","","","https://www.freightnet.com/profile/138560.htm","No"
"Maskura Logistics","Guangzhou, Shenzhen, YIWU, China , Covent Garden, London, England, Covent Garden, London, WC2H 9JQ","","","https://www.freightnet.com/profile/256851.htm","No"
"Freight House Logistics Ltd","Unit 9, Romans Business Park , East Street, Farnham, Surrey, GU9 7SX","","","https://www.freightnet.com/profile/145889.htm","No"
"SENDA LTD","47 Harvester Way , Northampton, United Kindom, NN4 8JZ","","","https://www.freightnet.com/profile/264564.htm","No"
"GFS Express and Logistics Limited","Swain Business Park  , Thorney Mill Road, Iver, Heathrow Airport London, SL0 9AQ","","","https://www.freightnet.com/profile/143837.htm","No"
"DFL INTERNATIONAL LOGISTICS UK LIMITED","400 Thames Valley park , Reading, United Kingdom, RG6 1PT","","","https://www.freightnet.com/profile/264173.htm","No"
"Mercium Ltd","6-8 Great Eastern Street , London, London, EC2A 3NT","","","https://www.freightnet.com/profile/263768.htm","No"
"WADOYE EXPRESS LIMITED","TEMPLAR HOUSE  1, SUMMIT CENTER   , SKYPORT DRIVE, HARMONDSWORTH, LONDON, UB7 OLJ","","","https://www.freightnet.com/profile/64382.htm","No"
"SMLX freight","86-90 , Paul Street London, London, London, EC2A 4NE","","","https://www.freightnet.com/profile/261429.htm","No"
"Rjj Freight Ltd","Rjj House , Haven Exchange South, Felixstowe, Suffolk, IP11 2QE","","","https://www.freightnet.com/profile/64224.htm","No"
"City Cargo Services LTD","Unit 15 West Link Business Park Guide Street Salford Manchester M50 1DE  , Salford, Manchester, M50 1DE","","","https://www.freightnet.com/profile/262448.htm","No"
"VANTAGE CARGO","Unit1, Room 2 , Listerhills Science Park, Bradford, West Yorkshire, BD7 1HR","","","https://www.freightnet.com/profile/54468.htm","No"
"Goodfreight","West Road, Ipswich  Suffolk.  IP3 9FJ  United Kingdom , Suffolk, United Kingdom, IP3 9FJ","","","https://www.freightnet.com/profile/260418.htm","No"
"K&L Freight Ltd","16 Cheshire Ave , Lostock Gralam, Northwich, Cheshire, CW9 7UA","","","https://www.freightnet.com/profile/260532.htm","No"
"Atharva Shipping UK Ltd","2nd Floor College House 17 King Edwards Road, RUISLIP, London,UNITED KINGDOM , London, United Kingdom, HA47AE","","","https://www.freightnet.com/profile/261361.htm","No"
"Airborne Freight International","Airborne freight international , 3rd Floor - 86-90 Paul Street, London, Greater London, EC2A 4NE","","","https://www.freightnet.com/profile/261390.htm","No"
"ALLCARGO EXPRESS","UNIT 5 JOHNSON IND EST , SILVERDALE ROAD, hayes, UNITED KINGDOM, UB33BA","","","https://www.freightnet.com/profile/166913.htm","No"
"AIR MARINE LTD","1 Bath Road , Crane House, Hayes, Heathrow, TW6 2AA","","","https://www.freightnet.com/profile/259683.htm","No"
"Power Forwarding Ltd","Office 12 Bentalls Shopping Centre , Maldon, Essex, CM9 4GD","","","https://www.freightnet.com/profile/57874.htm","No"
"Last Minute Parcel","549 Stratford Road , Sparkhill, Birmingham, West Midlands, B11 4LP","","","https://www.freightnet.com/profile/113527.htm","No"
"James Cargo Services","James Cargo Services Ltd, Unit 4, Heathrow Logistics Park, Bedfont Road, Feltham, TW14 8EE, UK , Unit 4, Heathrow Logistics Park, Select a city, Feltham, TW14 8EE","","","https://www.freightnet.com/profile/252836.htm","No"
"MarMir Solutions","3 Oswald Close , BEDFORD, BEDFORDSHIRE, MK402PS","","","https://www.freightnet.com/profile/250790.htm","No"
"CPT TRANSPORT LTD","Unit 3 Ashton Lodge Farm, Hartwell Road, Ashton , Northampton, Northamptonshire, NN7 2JT","","","https://www.freightnet.com/profile/258526.htm","No"
"UBX Cargo Solutions Ltd","Unit 9, Abenglen Industrial Estate , Betam Rd, Hayes, United Kingdom, UB3 1SS","","","https://www.freightnet.com/profile/257143.htm","No"
"KLANORIANS UK LTD","887 Springfield Road Lanarkshire , Glasgow, United Kingdom, G31 4HZ","","","https://www.freightnet.com/profile/258564.htm","No"
"Nik Shipping & logistics ltd","248 Bethnal Green Road London E2 0AA United Kingdom , london, london, 248","","","https://www.freightnet.com/profile/257293.htm","No"
"ERL DELIVERIES LTD","14 ELVINGTON ROAD , HIGHTOWN, Liverpool, 9AN, L38","","","https://www.freightnet.com/profile/256883.htm","No"
"KIVS International Ltd","65 , Bedford Avenue, Hayes, Middlesex, UB4 0DS","","","https://www.freightnet.com/profile/154883.htm","No"
"GLOBAL FREIGHT SERVICES","Salford , Manchester, Manchester, Manchester, m501rf","","","https://www.freightnet.com/profile/238612.htm","No"
"Raja Trade","27,Carnegie House,The Hub , Milton keynes, Milton Keynes, Buckinghamshire, MK9 2DA","","","https://www.freightnet.com/profile/254275.htm","No"
"Enkel Project Logistics Ltd.","16 Upper Woburn Place , London, London, WC1H 0AF","","","https://www.freightnet.com/profile/251128.htm","No"
"Buan Enterprises Limited","9 Chapel Place, London  , London, London, EC2A 3DQ","","","https://www.freightnet.com/profile/238338.htm","No"
"Mercium UK","18 Freebournes Rd , Witham, United Kingdom, CM8 3DX","","","https://www.freightnet.com/profile/254148.htm","No"
"ECC Freight Forwarding Limited","PO BOX 536 , St Helens, UK, WA10 9NB","","","https://www.freightnet.com/profile/248217.htm","No"
"Netcargo International","Willoughby Road , Bracknell, Berkshire, RG12 8FB","","","https://www.freightnet.com/profile/92976.htm","No"
"Speedy Global Cargo","289 Kennington Lane , Kennington, London, Greater London, SE11 5QY","","","https://www.freightnet.com/profile/253540.htm","No"
"DIAMOND WORLDWIDE LTD","SUITE 6, EVELYN GROVE , SOUTHALL, MIDDLESEX, UB1 2BW","","","https://www.freightnet.com/profile/172983.htm","No"
"Sure Man Venture t/a Cargonaija","Cargonaija Big Yellow Storage  , Unit 1, 1000 North Circular Road, London, Brent, NW2 7JP","","","https://www.freightnet.com/profile/146196.htm","No"
"Freight Meter LTD","Unit 19 Heston Industrial Mall, Heston , Heston, Hounslow, TW5 0LD","","","https://www.freightnet.com/profile/237164.htm","No"
"Arab Cargo Company Ltd","261-267 Lillie Road  , Fulham, Fulham, London, SW6 7LL","","","https://www.freightnet.com/profile/151515.htm","No"
"365 Logistics UK Ltd","3000 Aviator Way , Manchester, Cheshire, M22 5TG","","","https://www.freightnet.com/profile/235804.htm","No"
"bjohn Logistics Limited","Unit2  , CROWN YARD, GOUDHURST, United Kingdom, TN172QZ","","","https://www.freightnet.com/profile/91115.htm","No"
"WFS International Limited","Unit 15 Hatfield Regis Grange Estate , Hatfield Broad Oak, Bishops Stortford, Hertfordshire, CM22 7JZ","","","https://www.freightnet.com/profile/139390.htm","No"
"Uniserve - Sea Freight & European Road Freight","London Mega Terminal, Thurrock Park Way , Tilbury, -, RM18 7HD","","","https://www.freightnet.com/profile/247248.htm","No"
"AGI Global Logistics","Windmill House , Henfield Rd, Bristol, Avon, BS36 2FE","","","https://www.freightnet.com/profile/246915.htm","No"
"Clarion Shipping and Logistics UK Ltd","Unit 1, Purfleet Trade Parc , Purfleet, Perthshire, RM19 1TB","","","https://www.freightnet.com/profile/245700.htm","No"
"network freight management","Horton Road , THE MILL, stanwell moor, surrey, tw19 6bj","","","https://www.freightnet.com/profile/163126.htm","No"
"UniAir (Uniserve) - Air Freight Services from the UK","Central House, 606 Central Way, North Feltham Trading Estate , Feltham, England, TW14 0RX","","","https://www.freightnet.com/profile/244969.htm","No"
"Uproot Technologies","Regus House Atterbury ,  Fairbourne Drive, Milton Keynes, United Kingdom, MK10 9RG","","","https://www.freightnet.com/profile/230330.htm","No"
"Holland & Stockford Ltd","Dicken Dale , Crookmullen, Wigmore, Herefordshire, HR6 9UQ","","","https://www.freightnet.com/profile/108674.htm","No"
"GFS - Global Freight Solutions","Horizon West Canal View Road , Newbury, Berkshire, RG14 5XF","","","https://www.freightnet.com/profile/242754.htm","No"
"Freight International","Dinghurst Road , Churchill, Bristol, BS25 5PJ","","","https://www.freightnet.com/profile/198588.htm","No"
"De-MED Logistics Intl Ltd","105, Molineaux Road , Sheffield, Sheffield, South Yorkshire, S50LA","","","https://www.freightnet.com/profile/231592.htm","No"
"PSM LOGISTICS LTD","1 HILFIELD RESERVOIR COTTAGE , HILFIELD LANE, Watford, MIDDLESEX, WD25 8DA","","","https://www.freightnet.com/profile/155368.htm","No"
"Pinnocks Freight Limited","71-75 Shelton Street , London, London, WC2H 9JQ","","","https://www.freightnet.com/profile/211732.htm","No"
"IFS Limited","Suite 7D Orwell House , Ferry Lane, Felixstowe, Suffolk, Suffolk, IP11 3QU","","","https://www.freightnet.com/profile/170259.htm","No"
"Unique Freight Services Ltd","18 , Cornwall Road, Bingley, Activated, BD16 4RN","","","https://www.freightnet.com/profile/21913.htm","No"
"NS Cargo Ltd","Suite 5,  Oak Business Park  , Oak Lane, Barnsley, Yorkshire, S71 1HT","","","https://www.freightnet.com/profile/232982.htm","No"
"Coral Logistics Ltd","RIVERSIDE BUSINESS CENTRE, FORT ROAD , TILBURY, ESSEX, RM18 7ND","","","https://www.freightnet.com/profile/231928.htm","No"
"Sunbury Warehousing & Logistics Ltd","Unit A3 Dolphin Estate Windmill Road , Sunbury on Thames, Surry, TW16 7HL","","","https://www.freightnet.com/profile/153355.htm","No"
"Worldwide Logistics Group UK (UK WWL LTD)","unit 16 thames gateway park , dagenham, London, GREAT BRITAIN, RM9 6FB","","","https://www.freightnet.com/profile/161426.htm","No"
"uk shipping and logistics ltd","145 Beavers Lane,, hounslow, Middlesex, tw4 6hg","","","https://www.freightnet.com/profile/149173.htm","No"
"Anon Services","116 Oxford street , Hull, Yorkshire, HU20QP","","","https://www.freightnet.com/profile/110747.htm","No"
"DLEM-GROUP","71-75 Shelton Street , Covent Garden, London, 10 or less, WC2H 9JQ","","","https://www.freightnet.com/profile/176139.htm","No"
"Werdna Freight Services Ltd",", 96 Severn Road, Ipswich, Suffolk, IP3 0PT","","","https://www.freightnet.com/profile/9315.htm","No"
"Clarity Cargo","Unit 2a/2b , Ridgeway Distribution Centre, Iver, Buckinghamshire, SL0 9JQ","","","https://www.freightnet.com/profile/228440.htm","No"
"Gidov logistics","Wrotham  , Bromley, Kent, TN15 7DA","","","https://www.freightnet.com/profile/189323.htm","No"
"BRIGHTSUN FREIGHT LIMITED","14 Hanworth Road | Hounslow | Middx| TW3 1UA|UK| Cargo Direct line : Tel: +44 (0) 20 8819 1123  , Hounslow, UNITED KINGDOM, TW3 1UA","","","https://www.freightnet.com/profile/227075.htm","No"
"Global Service Link","152 - 160 , City Road, London, England, EC1V 2NX","","","https://www.freightnet.com/profile/228409.htm","No"
"J&T International Logistics UK Ltd","Suite 33, Churchill House, 137 Brent St , Hendon, London, NW4 4DJ","","","https://www.freightnet.com/profile/222983.htm","No"
"Arvelta Logistics","Unit 3 Capricorn street  , Manchester, Manchester/ United Kingdom, 100001","","","https://www.freightnet.com/profile/226363.htm","No"
"SJS Freight","507 Trelawny House  , Dock Road, Port Of Felixstowe, Suffolk, IP113GG","","","https://www.freightnet.com/profile/53766.htm","No"
"YEDAIAH UK LOGISTICS GROUP LTD","Kemp House 160 City Road  , London, London, EC1V 2NX","","","https://www.freightnet.com/profile/207614.htm","No"
"Craga Freight Forwarding ltd","office 1, 70 St James Way, Sidcup, Greater Kent, DA14 5HF","","","https://www.freightnet.com/profile/221202.htm","No"
"Global Freight Logistics Ltd","Astra House, Southfields Business Park , Christy Way, Basildon, Essex, SS15 6TQ","","","https://www.freightnet.com/profile/222228.htm","No"
"Mason's Logistics Services","137 Panorama  , Park Street, Ashford, Kent, TN24 8EU","","","https://www.freightnet.com/profile/220916.htm","No"
"RAS cargo International","Charter Building , Charter Place, LONDON, Middlesex, UB8 1JG","","","https://www.freightnet.com/profile/115320.htm","No"
"AIR-CITY.CO.UK LTD","UNIT 69 STANSTED CRESCENT , HAVANT, portsmouth, hampshire, PO9 5NL","","","https://www.freightnet.com/profile/82872.htm","No"
"Sussex Freight Services Ltd","59 Marion Road , Crawley, West Sussex, RH10 6QQ","","","https://www.freightnet.com/profile/213074.htm","No"
"The blue sky parts Ltd","Suite #D243247 , 68 Tanners Drive, Blakelands, MK, MK14 5BP","","","https://www.freightnet.com/profile/209593.htm","No"
"Atlas Freight Services Ltd","41 High Street , Swanley, Kent, BR8 8AE","","","https://www.freightnet.com/profile/22477.htm","No"
"Athus Ltd","6 High Street , Slough, Slough, Berkshire,","","","https://www.freightnet.com/profile/186145.htm","No"
"Pronto Logistics","Bibury Road , Hall Green, Birmingham, West Midlands, B28 0HG","","","https://www.freightnet.com/profile/156776.htm","No"
"Cor Logistics Ltd","12 Gwendale  , Maidenhead, Berkshire, SL6 6SH","","","https://www.freightnet.com/profile/169299.htm","No"
"KK Storage & Distribution Ltd","Unit 6, Britannia Industrial Estate , Poyle Road, Colnbrook, Berkshire, SL3 0BH","","","https://www.freightnet.com/profile/184954.htm","No"
"Yasa Global Shipping Ltd","197 Amberley Street , Bradford, West Yorkshire, BD3 8QS","","","https://www.freightnet.com/profile/179147.htm","No"
"Andalus Cargo Limited","85 , Great Portland Street, London, Greater London, W1W7LT","","","https://www.freightnet.com/profile/189510.htm","No"
"UK GLOBAL LOGISTICS LTD","OFFICE 6 DEPHNA HOUSE , 26 CHASE ROAD, LONDON, United Kingdom, NW106QN","","","https://www.freightnet.com/profile/190926.htm","No"
"Claridon Group Ltd","Claridon House , London Road, Stanford-le-Hope, Essex, SS17 0JU","","","https://www.freightnet.com/profile/114310.htm","No"
"Hezelinks","167-169 Great Portland street, 5th Floor, London,, London, London, W1W 5PF","","","https://www.freightnet.com/profile/188938.htm","No"
"International Vehicle Shipping Services","27 Old Gloucester Street , London, London, WC1N 3AX","","","https://www.freightnet.com/profile/146288.htm","No"
"Allseas Global Logistics","Maple House , Sandbrook Way, Rochdale, Greater Manchester, OL11 1LQ","","","https://www.freightnet.com/profile/9731.htm","No"
"Jeavons Eurotir Ltd","Unit 4, Seeleys Park, Seeleys Road , Tyseley, Birmingham, B11 2LR","","","https://www.freightnet.com/profile/185346.htm","No"
"Eclipse Worldwide Freight Forwarding","Pentagon Park , Barn Way, Lodge Farm, Northampton, Northamptonshire, NN5 7UW","","","https://www.freightnet.com/profile/23305.htm","No"
"Eagle Relocations and Logistics Limited","Unit 9 Millfield, Croxley Business Park , Watford, Hertfordshire, WD18 8YX","","","https://www.freightnet.com/profile/167548.htm","No"
"SDD EXPRESS LIMITED","167 First Floor Offices, Brent Rd , Brent Park Ind, Estate, Southall, London, middlesex, UB2 5LJ","","","https://www.freightnet.com/profile/185078.htm","No"
"SISU EXPRESS LIMITED","WINCHAM HOUSE , GREENFIELD FARM TRADING ESTATE, CONGLETON, CHESHIRE, CW12 4TR","","","https://www.freightnet.com/profile/168174.htm","No"
"Jetstream Logistics Ltd","Unit 12, Coln Industrial Estate , Old Bath Road, Slough, Berkshire, SL3 0NJ","","","https://www.freightnet.com/profile/3500.htm","No"
"Yasa Global shipping Ltd","197 Amberley Street , Bradford, Yorkshire, BD3 8QS","","","https://www.freightnet.com/profile/179052.htm","No"
"Universe Logistics","Templar House , The Summit Centre, Harmondsworth (LHR), Middlesex, UB7 0LJ","","","https://www.freightnet.com/profile/167410.htm","No"
"Atlas Freight Connect  Ltd","1 Nestle Avenue  , Hayes london, Middlesex, UB34UZ","","","https://www.freightnet.com/profile/176343.htm","No"
"Unsworth","3 Lemna Road , , London, E11 1JL","","","https://www.freightnet.com/profile/17346.htm","No"
"Ferguson Logistics Management Ltd","Unit 3 The Springfield Ctr , Greenwell Road, Aberdeen, Aberdeenshire, AB12 3AX","","","https://www.freightnet.com/profile/162316.htm","No"
"A-B-Z Transport Service","95 Firs Close , Mitcham, Surrey, CR41AX","","","https://www.freightnet.com/profile/60823.htm","No"
"Boast International Ltd","Suite 211, York House , York Road, Felixstowe, Suffolk, IP117SS","","","https://www.freightnet.com/profile/100597.htm","No"
"PREMIER FREIGHT SERVICES LTD","YEWDALE HOUSE , HONYWOOD ROAD, BASILDON, ESSEX, SS14 3DS","","","https://www.freightnet.com/profile/113092.htm","No"
"Cross Trades and Logistics Limited","22 Oswyn Close , Bury St Edmunds, Suffolk, IP32 7DP","","","https://www.freightnet.com/profile/93608.htm","No"
"Milky Way Logistics Ltd","30 ST MARY AXE , London, London, EC3A 8BF","","","https://www.freightnet.com/profile/170350.htm","No"
"Cargo Commercial Ltd","211 Station Road , Harrow, London, HA1 2TP","","","https://www.freightnet.com/profile/163318.htm","No"
"Jag-Ufs (Intl) Ltd","Unit 3 , Felthambrook Industrial Centre, Feltham, Greater London, TW13 7DU","","","https://www.freightnet.com/profile/3476.htm","No"
"Corten Logistics","23-28 Penn Street , London, London, N1 5DL","","","https://www.freightnet.com/profile/89063.htm","No"
"UK world cargo","12 high street , London, London, B17 4lk","","","https://www.freightnet.com/profile/168162.htm","No"
"Sunbury Warehousing and Logistics Ltd","Unit A3 Dolphin Estate , Windmill Road, Sunbury On Thames, Hampshire, TW16 7HE","","","https://www.freightnet.com/profile/154384.htm","No"
"Cargo Forwarding Services","Ground Floor, Unit 1, Invicta Park , Sandpit Road, Dartford, Kent, DA1 5BU","","","https://www.freightnet.com/profile/52139.htm","No"
"Interspan Freight Solutions Ltd","Unit J Ashburton Point , Wheel Forge Way, Trafford Park, Manchester, M17 1EH","","","https://www.freightnet.com/profile/53651.htm","No"
"Uniexpress Limited","6 Prince Court, Bradford Business Park , Bradford Business Park, Bradford, West Yorkshire, BD1 4SJ","","","https://www.freightnet.com/profile/154135.htm","No"
"Quality Freight Services Ltd","Suite E, Priestley House , Elland Road, Leeds, West Yorkshire, LS11 8BU","","","https://www.freightnet.com/profile/163017.htm","No"
"Ewt logistics","71 woodmans rise , Droitwich, droitwich, Worcestershire, wr99ep","","","https://www.freightnet.com/profile/53854.htm","No"
"Seagull Logistics UK Ltd","Crown House , Park Royal, London, London, NW10 7PN","","","https://www.freightnet.com/profile/156222.htm","No"
"Kholone Logistics","14 CUNNINGHAM HOUSE , PUMP HOUSE CRESCENT, BRENTFORD, Middlesex, TW8 0FY","","","https://www.freightnet.com/profile/158276.htm","No"
"SAVANNAH FREIGHT SERVICES LTD","6 SKELMERSDALE WALK , Bewbush; CRAWLEY, West Sussex, RH11 6EP","","","https://www.freightnet.com/profile/112513.htm","No"
"Seairo Shipping Ltd","DBH Business Centre , 105 Boundary Street, Liverpool, Liverpool, L5 9YJ","","","https://www.freightnet.com/profile/16449.htm","No"
"PBS International Freight Ltd","Charlwood Road , Lowfield Heath, Crawley, West Sussex, RH11 0PT","","","https://www.freightnet.com/profile/144366.htm","No"
"UK Maxspeed Logistics Co., Ltd","UNIT 11,POLYGON BUSINESS CENTRE,BLACKTHORNE ROAD  , Colnbrook, SLOUGH, SL3 0QT","","","https://www.freightnet.com/profile/157578.htm","No"
"Global Freight Management LTD / JETS4PETS","KMH HOUSE , MARKET SQUARE, LEEDS, WEST YORKSHIRE, LS19 7PP","","","https://www.freightnet.com/profile/127416.htm","No"
"Allways International Freight Forwarding Ltd","Saxon House, Upminster Trading Park , Warley Street, Upminster, London, RM14 3PJ","","","https://www.freightnet.com/profile/4973.htm","No"
"KLANORIAN'S Freight Forwarders","38-Kingston Street , Glasgow, Scotland, G5 8BP","","","https://www.freightnet.com/profile/134709.htm","No"
"Esselle Logistics","8 Queen Mary's Drive , New Haw, New Haw, Surrey, KT15 3TT","","","https://www.freightnet.com/profile/156899.htm","No"
"US Freight Europe Ltd","145 Beavers Lane , Hounslow, London, TW4 6HG","","","https://www.freightnet.com/profile/9848.htm","No"
"UNIEXPRESS LTD","6 PRINCE COURT , BRADFORD BUSINESS PARK, BRADFORD, WEST YORKSHIRE, BD1 4SJ","","","https://www.freightnet.com/profile/156449.htm","No"
"Unique Forwarding Ltd","Unique House , 147 High Street, Billericay, Essex, CM12 9AB","","","https://www.freightnet.com/profile/117576.htm","No"
"Uniexpress Limited","6 prince court  , kingsgate, bradford, wes yorkshire, BD1 4SJ","","","https://www.freightnet.com/profile/155589.htm","No"
"CARGO WORLD LOGISTICS","UNIT 70 ATLANTIC BUSINESS CENTRE , ATLANTIC STREET, ALTRINCHAM, GREATER MANCHESTER, WA14 5NQ","","","https://www.freightnet.com/profile/154726.htm","No"
"HNB TRADE LTD","79 COLLEGE ROAD , HARROW, Middlesex, HA1 1BD","","","https://www.freightnet.com/profile/135904.htm","No"
"Rosewood Trucking Ltd","Unit 7 Seddon Place , Stanley Industrial Estate, Skelmersdale, Lancashire, WN8 9NS","","","https://www.freightnet.com/profile/150400.htm","No"
"All World Cargo Limited","Swan House, Suite 4 , 54 Station Lane, Hornchurch, Essex, RM12 6NB","","","https://www.freightnet.com/profile/63082.htm","No"
"Regent Shipping Agencies Ltd","Suite 16, Harbour House , Coldharbour Lane, Rainham, Essex, RM139YA","","","https://www.freightnet.com/profile/153476.htm","No"
"Sancoshipping ltd","2 , Alvista avenue, Taplow, South bucks, Sl60pg","","","https://www.freightnet.com/profile/153304.htm","No"
"ACCESS LOGISTICS LTD","2 Lords Court , Cricketers Way, Basildon, Essex, SS13 1SS","","","https://www.freightnet.com/profile/153124.htm","No"
"Telenet Global Logistics","Unit 3B Ridgeway Distribution Centre , The Ridgeway, Iver, Bucks, SL0 9JQ","","","https://www.freightnet.com/profile/149705.htm","No"
"Gemini Freight Management","Woodlands, 79 High Street, Greenhithe, United Kingdom , Greenhithe, United Kingdom, DA9 9RD","","","https://www.freightnet.com/profile/151719.htm","No"
"Sumer cargo ltd","Office 1&2 the vale , London, United Kingdom, W37qs","","","https://www.freightnet.com/profile/150588.htm","No"
"FREIGHTAIR LTD","1 Mylord Crescent, Camperdown Industrial Estate , Newcastle upon Tyne, Newcastle Upon Tyne, NE12 5UJ","","","https://www.freightnet.com/profile/150257.htm","No"
"Go2 Freight Ltd","25 Bromley Crescent , Ruislip, Middlesex, HA4 6PQ","","","https://www.freightnet.com/profile/141764.htm","No"
"KMB Shipping","2nd Floor West Wing , Castlemill, Tipton, West Midlands, DY4 7UF","","","https://www.freightnet.com/profile/83781.htm","No"
"Euroswift Worldwide Logistics Ltd","Unit 71,Basepoint 70-72 The Havens , Ransomes Europark, Ipswich, Suffolk, IP3 9BF","","","https://www.freightnet.com/profile/147388.htm","No"
"Deico","Lime street , London, Greater London, SE20 8QR","","","https://www.freightnet.com/profile/147126.htm","No"
"Turnstone Worldwide  Logistics","Unit 20 , Trident Industrial Estate ,  Blackthorne Road, Poyle, Berkshire, SL3 0AX","","","https://www.freightnet.com/profile/147058.htm","No"
"Graylaw Freight Group","Graylaw House , Gillibrands Road, Skelmersdale, Lancashire, WN8 9TA","","","https://www.freightnet.com/profile/146611.htm","No"
"West Indies Freight Ltd","Unit 2 Algor Wharf , 42 River Road, Barking, Essex, IG11 0DW","","","https://www.freightnet.com/profile/136419.htm","No"
"Ceramic Logistics Ltd","Unit 1, 11 Stathe Road , Burrowbridge, Taunton, Somerset, TA7 0RY","","","https://www.freightnet.com/profile/119415.htm","No"
"us freight europe","145 beavers lane , hounslow, middlesex, tw4 6hg","","","https://www.freightnet.com/profile/145626.htm","No"
"Goldstar Transport Ltd","Navigation House , Tilbury Freeport, Tilbury, Essex, RM18 7EH","","","https://www.freightnet.com/profile/132960.htm","No"
"Pramukh Logistics Ltd","35 Beresford Avenue , Wembley, UK, HA0 1NU","","","https://www.freightnet.com/profile/134552.htm","No"
"Carlton Freight Limited","61 Bridgewater Street , Liverpool, MERSEYSIDE, L1 0AY","","","https://www.freightnet.com/profile/144179.htm","No"
"W E Deane Ltd","Lyon Business Park , River Road, Barking, Essex,","","","https://www.freightnet.com/profile/8844.htm","No"
"CTI Commodities Trading & Investments Ltd","10 Orange Street , London, NA, WC2H 7DQ","","","https://www.freightnet.com/profile/143738.htm","No"
"The Efficicient Freight Company Ltd","50 St Leonards Road , Bexhill on Sea, East Sussex, TN40 2JB","","","https://www.freightnet.com/profile/143615.htm","No"
"GLOBAL PROJECTS & HEAVY LIFT LTD","13 CASTLE STREET, 1ST FLOOR , DOVER, UNITED KINGDOM, CT16 1PT","","","https://www.freightnet.com/profile/142840.htm","No"
"Ellcworth Logistics","Ashbourne Road , Noak Hill, Romford, Essex, RM3 7YT","","","https://www.freightnet.com/profile/98675.htm","No"
"Zambezi Freight Services Ltd","Unit 16, Pegasus Court , North Lane, Aldershot, Hampshire, GU12 4QP","","","https://www.freightnet.com/profile/23530.htm","No"
"Advie Logistics Ltd","80 Westmead Road , Sutton, Surrey, SM1 4JF","","","https://www.freightnet.com/profile/102634.htm","No"
"Car Shipping Made Simple","2nd Floor Carlton House , 101 New London Road, Chelmsford, Essex, CM2 0PP","","","https://www.freightnet.com/profile/141033.htm","No"
"Grange Shipping Ltd","Ordnance House , 1, Garrison Lane, Felixstowe, Suffolk, IP11 7SH","","","https://www.freightnet.com/profile/7919.htm","No"
"Frederick Miller Transport","Shackleford  , Guildford, Surrey, Gu86ad","","","https://www.freightnet.com/profile/136734.htm","No"
"Panda International","265 , Acton, London, W37RS","","","https://www.freightnet.com/profile/140341.htm","No"
"Premium Logistics","63 Bathurst Street , Freetown, Sierra Leone, Freetown","","","https://www.freightnet.com/profile/138405.htm","No"
"XPO Global Forwarding UK Limited","Unit 14  Mercury Park, Mercury Way , Trafford Park, Manchester, Lancashire, M41 7LY","","","https://www.freightnet.com/profile/137714.htm","No"
"Anglo-Turkish Int Ltd","UNIT P , TYSON COURTYARD, CORBY, Northamptonshire, NN18 8AZ","","","https://www.freightnet.com/profile/6540.htm","No"
"Jet International Transport Ltd","Unit 7, X2 Centre , Eastern Permeter Road, Hatton Cross, Heathrow Airport, Middlesex, TW6 2GE","","","https://www.freightnet.com/profile/54138.htm","No"
"European Freight limited","Colnbrook Cargo Centre , Colnbrook, Slough, SL3 0NW","","","https://www.freightnet.com/profile/93529.htm","No"
"VOL","Vanuatu , Port Vila, SHEFA, 0","","","https://www.freightnet.com/profile/137966.htm","No"
"Serengeti Freight Forwarders LTD","Unit 7a Tilbury Industrial Complex , Tilbury Freeport, Tilbury, Essex, RM18 7HB","","","https://www.freightnet.com/profile/109866.htm","No"
"Forward Freight and Commerce Ltd","111 Eton Road , Ilford, Essex, IG1 2UF","","","https://www.freightnet.com/profile/137282.htm","No"
"Global load limited","Access House , 1 Nestles Avenue, Hayes, Middlesex, UB3 4UZ","","","https://www.freightnet.com/profile/112753.htm","No"
"MINI PROJECT SHIPPING (UK) LTD","parkshot house 5 kew road , richmond, richmond, united kingdom, tw9 2pr","","","https://www.freightnet.com/profile/135390.htm","No"
"Duale's LTD","32 Warple Way , London, UK, W3 ORX","","","https://www.freightnet.com/profile/98815.htm","No"
"First Base Freight Ltd","Unit B , Llanhilleth Industrial Estate, Abertillery, Blaenau Gwent, NP13 2RX","","","https://www.freightnet.com/profile/119126.htm","No"
"Excel Shipping Limited","Excel House , 1 Hornminister Glen, Hornchurch, Essex, RM11 3XL","","","https://www.freightnet.com/profile/611.htm","No"
"Smiths Freight Solutions Ltd","27 Kiln Lane , Hope, Wrexham, Flintshire,","","","https://www.freightnet.com/profile/8366.htm","No"
"GOLDCROSS (TRAVEL & CARGO) LTD.","10A SUTTON COURT ROAD , SUTTON COURT ROAD, UXBRIDGE, MIDDLESEX, UB10 9HP","","","https://www.freightnet.com/profile/112335.htm","No"
"FORMULA GOSS INTERNATIONAL Ltd","Unit 3 The Manton Centre , Manton Lane, Bedford, MK41 7PX","","","https://www.freightnet.com/profile/120669.htm","No"
"world cargo international","55a PRINCESS STREET , LUTON, beds, LU1 5AT","","","https://www.freightnet.com/profile/86733.htm","No"
"GLOBAL TRADE LOGISTICS LIMITED","122 PORTLAND CRESCENT , STANMORE, MIDDLESEX, HA7 1NA","","","https://www.freightnet.com/profile/55197.htm","No"
"Ascope Shipping Services LTD","Suite 22 Commerce House, 62 Paragon Street. , Hull, East Yorkshire, HU1 3PW","","","https://www.freightnet.com/profile/111485.htm","No"
"AM Global Logistics Ltd.","2 nd. Floor , 40 Victoria Way, Charlton, London, M5 3EZ","","","https://www.freightnet.com/profile/5842.htm","No"
"Velta International","29 Eastways , Witham, Essex, CM8 3YQ","","","https://www.freightnet.com/profile/131132.htm","No"
"Formula Goss International","Unit 11 Blackthorne Crescent Blackthorne Road, Colnbrook Berkshire , SL3 0QR , Berkshire, United Kingdom, SL3 0QR","","","https://www.freightnet.com/profile/130936.htm","No"
"Cargo Lord Ltd","Unit 3 , 3 Langton Road, Birmingham, West midland, B8 3Dg","","","https://www.freightnet.com/profile/113653.htm","No"
"LTS Distribution Ltd","46 Tilton Road , Bordesley Green, Birmingham, West Midlands, B9 4PP","","","https://www.freightnet.com/profile/128918.htm","No"
"Despatch Point Limited","Unit 2 Moniton Estate , West Ham Lane, Basingstoke, Hampshire, RG22 6NQ","","","https://www.freightnet.com/profile/6548.htm","No"
"Alexian Freight Services Ltd","301 Forgeside House , Cardiff Bay Business Centre, Cardiff, Vale of Glamorgan, CF24 5FA","","","https://www.freightnet.com/profile/8315.htm","No"
"GLOBAL SHIPPING LINE LTD","Fairview Industrial Park, Marsh Way, Rainham , london, London, 00923","","","https://www.freightnet.com/profile/129708.htm","No"
"Worldwide Business Connections Ltd","315 Barking Road , London, Great london, E13 8EE","","","https://www.freightnet.com/profile/55005.htm","No"
"Globetrotters (GB) Ltd","Globetrotters Suite, Vista Centre , 50 Salisbury Road, Hounslow, Middlesex TW4 6JQ, TW4 6JQ","","","https://www.freightnet.com/profile/20510.htm","No"
"Bring Cargo","Cuba Industrial Estate , Ramsbottom, Lancashire, BL0 0NE","","","https://www.freightnet.com/profile/129038.htm","No"
"Dunn Shipping Ltd","Office 6 , 12,Jenner Avenue, Acton, Middelsex, W36EQ","","","https://www.freightnet.com/profile/118728.htm","No"
"Intersped Logistics (UK) Ltd","Unit i4 Riverside Industrial Estate , Riverside Way, Dartford, Kent, DA1 5BS","","","https://www.freightnet.com/profile/103591.htm","No"
"ABC Grocery/Butchers","20 Abbotsbury Road , Morden, London, Morden, SM4 5LQ","","","https://www.freightnet.com/profile/120762.htm","No"
"RJJ Freight Limited","Unit 26 Seax Court , Southfields Industrial Estate, Basildon, Essex, SS15 6SL","","","https://www.freightnet.com/profile/589.htm","No"
"Alltrade Post Ltd","Unit 3 Kencot Industrial Estate , Kencot Way, Erith, Kent, DA18 4AB","","","https://www.freightnet.com/profile/21605.htm","No"
"Fourdale Export Services Ltd","672 Spur Road , North Feltham Trading Estate, Feltham, London, TW14 0SL","","","https://www.freightnet.com/profile/411.htm","No"
"Online Logistics Ltd.","Unit 15 , Chancerygate Business Centre, Southampton, Hampshire, SO15 0AE","","","https://www.freightnet.com/profile/115123.htm","No"
"FCL Global Forwarding","Hawthorns House , Halfords Lane, Birmingham, West Midlands, b66 1dw","","","https://www.freightnet.com/profile/119520.htm","No"
"LV Shipping Ltd","Studio 2, Riverside Business Centre , Fort Road, Tilbury, Essex, RM18 7ND","","","https://www.freightnet.com/profile/18277.htm","No"
"Ocean Logistics Ltd","Suite 1 , 110 High Street, Maidenhead, Berkshire, SL6 1PT","","","https://www.freightnet.com/profile/7148.htm","No"
"Brinor International Shipping & Forwarding Limited","Cliff House , Hamilton Gardens, Felixstowe, Suffolk, IP11 7DH","","","https://www.freightnet.com/profile/591.htm","No"
"Cargo Overseas Limited","Units 1 & 2, Colnbrook Cargo Centre , Old Bath Road, Colnbrook, Berkshire, SL3 0NW","","","https://www.freightnet.com/profile/93195.htm","No"
"Unicorn Logistics PVT LTD","30 , Green Lane, Bolton, Lancashire,","","","https://www.freightnet.com/profile/6114.htm","No"
"East Africa Air Cargo Ltd","The Lansdowne Building , 2 Lansdowne Road, Croydon, Surrey, CR9 2ER","","","https://www.freightnet.com/profile/109695.htm","No"
"Bold logistics","3 , Camberley, Surrey, GU17 9EN","","","https://www.freightnet.com/profile/53893.htm","No"
"FAST TRAC SERVICES (UK) LTD","Liverpool Science Park 1c1 , 131 Mount Pleasant, Liverpool, Merseyside, L3 5TF","","","https://www.freightnet.com/profile/95898.htm","No"
"JJ FREIGHT SOLUTIONS LTD","Unit 60, Phoenix Distribution Park , Phoenix Way, Heston, Middlesex, London, Tw5 9nb","","","https://www.freightnet.com/profile/88858.htm","No"
"Reliance Freight Ltd","Unit 9, 17 , Argall Avenue, London Uk, E10 7QE","","","https://www.freightnet.com/profile/117497.htm","No"
"Atlas Freight (UK) Ltd","Second Floor , 39 The Parade, Leoicester, Leicestershire, LE2 5BB","","","https://www.freightnet.com/profile/88737.htm","No"
"WORLDWIDE LOGISTICS CARGO LTD","Unit 4, 49 White Post Lane , Queens Yard, London, New Ham, E9 5EN","","","https://www.freightnet.com/profile/113483.htm","No"
"TBB UNIVERSALLOGISTICS UK LTD.","COLN INDUSTRIAL ESTATE,, OLD BATH ROAD, SL3 ONJ, UK, SL3 ONJ","","","https://www.freightnet.com/profile/116099.htm","No"
"Infinity Logistics UK Limited.","Skylink House , Stanwell Moor Road, Staines, Middlesex, TW19 6AB","","","https://www.freightnet.com/profile/110351.htm","No"
"VadoMark Logistics Ltd","Suite 404, 4th Floor , Albany House, London, W1B 3HH","","","https://www.freightnet.com/profile/49931.htm","No"
"Velta International","29 Eastways , Witham, Essex, CM8 3YQ","","","https://www.freightnet.com/profile/115861.htm","No"
"Sayva Trek ( Humanitarian Logistics )","Linciter , Povey Cross Road, Horley, Surrey, RH11 0AQ","","","https://www.freightnet.com/profile/16369.htm","No"
"Selvic Shipping Services Limited","Netherlands Way , Kiln Lane Industrial Estate, Grimsby, North East Lincolnshire, DN41 8DF","","","https://www.freightnet.com/profile/60752.htm","No"
"A J Freight Limited","Unit 72 , Basepoint Business Centre, Tewkesbury, Gloucestershire, GL20 8SD","","","https://www.freightnet.com/profile/87898.htm","No"
"R.S. International Freight","Trafalgar House , 712 London Road, Grays, Essex, RM20 3JT","","","https://www.freightnet.com/profile/98808.htm","No"
"Wallis Shipping Services Ltd","4 Brunel Court , Brunel Way, Colchester, Essex, CO4 4QX","","","https://www.freightnet.com/profile/564.htm","No"
"H.G. Rent (Airfreight) Ltd","Building 74 , Dunsfold Park, Cranleigh, Surrey, GU6 8TB","","","https://www.freightnet.com/profile/113635.htm","No"
"Gondrand UK","2 Oriental Road , Silvertown, London, E16","","","https://www.freightnet.com/profile/7740.htm","No"
"Fast Freight International","Suite-5 , 447 Kenton Road, Harrow, Middlesex, HA3 0XY","","","https://www.freightnet.com/profile/4430.htm","No"
"Ariel Maritime","Sandpit Road , Dartford, London, United Kingdom, DA1 5BU","","","https://www.freightnet.com/profile/109521.htm","No"
"Logistics Link LTD","Nairobi Office , TNT Road Off South Airport Road, Nairobi, Kenya, CT5 2HT","","","https://www.freightnet.com/profile/109870.htm","No"
"Ariel Maritime (U.K) Ltd","1 Invicta Park , Sandpit Road, Dartford, Kent, DA1 5BU","","","https://www.freightnet.com/profile/106126.htm","No"
"Lydney Logistics Solutions Ltd","5,Airlinks Induatrial Estate , Spitfire Way, Heston, Middlesex, TW5 9NR","","","https://www.freightnet.com/profile/13121.htm","No"
"MBS FREIGHT SERVICES","Unit 3  , Lynderswood Farm, BRAINTREE, ESSEX, CM77 8jt","","","https://www.freightnet.com/profile/101283.htm","No"
"Midas Express Shipping & Freight","326 New Cross Road , London, London, SE14 6AG","","","https://www.freightnet.com/profile/94246.htm","No"
"RLW Solutions Ltd","Unit 4, Coward Industrial Estate , St. Johns Road, Grays, Essex, RM16 4BF","","","https://www.freightnet.com/profile/102239.htm","No"
"Seaport Freight Services Limited","Suite 9, Orwell House, Ferry Lane, Felixstowe, Suffolk, IP11 3QL","","","https://www.freightnet.com/profile/4636.htm","No"
"ASK GLOBAL LOGISTICS","CONTACT BEN DOHERTY  , EMAIL: ben.doherty.askglobal@gmail.com, PROCUREMENT & LOGISTICS, WORLDWIDE,","","","https://www.freightnet.com/profile/54386.htm","No"
"Air Sea Scotland Ltd","Eagle House , 159 Wright Street, Renfrew, Renfrewshire, PA4 8AN","","","https://www.freightnet.com/profile/23787.htm","No"
"Wavecrest Limited","Denton Wharf , Mark Lane, Gravesend, Kent, DA12 2QD","","","https://www.freightnet.com/profile/4247.htm","No"
"Adc freight forwarding","Apt 108 , 21b st Mathews street, Ipswich, Suffolk, Ip1 3el","","","https://www.freightnet.com/profile/105676.htm","No"
"Sebenza International Limited","Skylink House , Stanwell Moor Road, Staines Upon Thames, Middlesex, TW19 6AB","","","https://www.freightnet.com/profile/50111.htm","No"
"Reliance Freight Uk Ltd","Unit 9 , 17 Argall  Avenue, Leyton, London, E10 7QE","","","https://www.freightnet.com/profile/86156.htm","No"
"Speedy Reedy Freight","3 Park Terrace , Thame, Oxfordshire, OX9 3HZ","","","https://www.freightnet.com/profile/104442.htm","No"
"Toll Global Forwarding Group (UK) Limited","Unit 3 Skyport Drive , Harmondsworth, Middlesex, UB7 0LB","","","https://www.freightnet.com/profile/65372.htm","No"
"Steve Prince Transport Ltd","Cordons Farm , Long Green, Braintree, Essex, CM77 8DL","","","https://www.freightnet.com/profile/9890.htm","No"
"AAA Cargo UK","121 , Vansittart Road, Hounslow, London, E7 0AA","","","https://www.freightnet.com/profile/50545.htm","No"
"alex","30 Mortensen Avenue , Salinas, ca, 93905","","","https://www.freightnet.com/profile/102960.htm","No"
"Ward Global Logistics Ltd","Unit 260B Wenta Centre , Colne Way, Watford, Hertfordshire, WD24 7ND","","","https://www.freightnet.com/profile/52725.htm","No"
"Linc Freight Management","Unit 1, Beckingham Business Park , Tolleshunt Major, Maldon, Essex, CM9 8LZ","","","https://www.freightnet.com/profile/594.htm","No"
"Aeroship FreightForwarding Limited","Riverside Business Centre , Fort Road, Tilbury, Essex, RM18 7ND","","","https://www.freightnet.com/profile/100600.htm","No"
"ABLE LYNX LIMITED","75-77 , CHADWELL HEATH LANE, ROMFORD, ESSEX, RM6 4NP","","","https://www.freightnet.com/profile/101226.htm","No"
"Millbrook Transport Ltd","Suite 6, Sopwith House , Sopwith Crescent, Wickford, Essex, SS11 8YU","","","https://www.freightnet.com/profile/100783.htm","No"
"Dragon Logistics & Transport Ltd","32 William Booth Way , Felixstowe, Suffolk, IP11 2FL","","","https://www.freightnet.com/profile/9581.htm","No"
"Schallenberg International Limited","2-16 Darrell Road , Felixstowe, Suffolk, IP11 3UU","","","https://www.freightnet.com/profile/100092.htm","No"
"GF CONSULTANTS LTD","COMMUNICATIONS HOUSE , 26 YORK STREET, LONDON, LONDON, W1U 6PZ","","","https://www.freightnet.com/profile/86586.htm","No"
"Allenco","32 Holly Lane , Marston Green, Birmingham, West Midlands, B37 7AE","","","https://www.freightnet.com/profile/100105.htm","No"
"Universal Shipping","Suite 202 , 10 Great Russell Street, London, WC1 3BQ","","","https://www.freightnet.com/profile/49534.htm","No"
"Europa Worldwide Logistics","Europa House , 68 Hailey Road, Erith, Kent, DA18 4AU","","","https://www.freightnet.com/profile/12322.htm","No"
"Selvic Shipping Services Ltd","Netherlands Way, Kiln Lane Industrial Estate , Stallingborough, Grimsby, Lincolnshire,","","","https://www.freightnet.com/profile/8843.htm","No"
"Whittle Eastern Europe Logistics Ltd","The Printworks , Barrow, Clitheroe, Lancashire, BB7 9WA","","","https://www.freightnet.com/profile/814.htm","No"
"GBA Services","429 Moss Lane , Hesketh Bank, Preston, Lancashire, PR4 6XJ","","","https://www.freightnet.com/profile/7608.htm","No"
"Britannia Freight Services","Lockhead Road , Alexandra Dock, Hull, Yorkshire, HU9 5PR","","","https://www.freightnet.com/profile/598.htm","No"
"DCA Cargo Ltd","Unit 17, Trident Industrial Estate , Colnbrook, Slough, Berkshire, SL3 OAX","","","https://www.freightnet.com/profile/13874.htm","No"
"Soulsby Logistics","47 Alston Gardens , Newcastle upon Tyne, Tyne and Wear, NE15 9HR","","","https://www.freightnet.com/profile/97937.htm","No"
"Intercargo Limited","Unit 4B Avant Business Centre , Third Avenue, Milton Keynes, Buckinghamshire, MK11DR","","","https://www.freightnet.com/profile/53774.htm","No"
"Kedan Logistics Ltd","1 Schneider Close , Felixstowe, Suffolk, IP11 3SS","","","https://www.freightnet.com/profile/85042.htm","No"
"Regional Express","Units 4 &  6, Basepoint Business Centre , Premier Way, Southampton, Hampshire, SO51 9AQ","","","https://www.freightnet.com/profile/96317.htm","No"
"Dartswift International Limited","Suite 109, The Cotton Exchange , Old Hall Street, Liverpool, Merseyside, L3 9LQ","","","https://www.freightnet.com/profile/11440.htm","No"
"CT Sea Air Ltd","Unit 17 Britannia Industrial Estate , Poyle Road, Colnbrook, Berkshire, SL3 0BH","","","https://www.freightnet.com/profile/90511.htm","No"
"FWD FREIGHT SERVICES LTD","30-32 PALL MALL , LIVERPOOL, MERSEYSIDE, L3 6AL","","","https://www.freightnet.com/profile/63221.htm","No"
"Cardinal Maritime Limited","Leestone Road , Sharston Ind Est, Sharston, Manchester, M22 4RB","","","https://www.freightnet.com/profile/5412.htm","No"
"GFS Air Cargo (UK) Ltd","GFS House , West Drayton, Heathrow, Middlesex,","","","https://www.freightnet.com/profile/7701.htm","No"
"Delamode","700 Avenue West , Skyline 120, Great Notley, Braintree, Essex, CM77 7AA","","","https://www.freightnet.com/profile/603.htm","No"
"Global Container Services Limited","Ordnance House , 1 Garrison Lane, Felixstowe, Suffolk, IP11 7SH","","","https://www.freightnet.com/profile/23012.htm","No"
"Searoute International Ltd","1-7 Napier Place , Ward Park North, Cumbernauld, Lanarkshire, G68 0LL","","","https://www.freightnet.com/profile/10168.htm","No"
"UK Trade & Shipping","16 Shearwater Drive , Brierley Hill, West Midlands, DY5 2RD","","","https://www.freightnet.com/profile/15100.htm","No"
"Flynn Cargo Services Ltd","Greenwood House , 9 Bluett Street, Maidstone, Kent, ME14 2UG","","","https://www.freightnet.com/profile/13146.htm","No"
"Oceanteam Logistics Limited","Unit 8 Trident Industrial Estate , Blackthorne Road, Colnbrook, Berkshire, SL3 0AX","","","https://www.freightnet.com/profile/11067.htm","No"
"Norman Global Logistics Ltd","Unit 1 The Griffin Centre , Staines Road, Feltham, London,","","","https://www.freightnet.com/profile/8897.htm","No"
"Conquest Shipping Ltd","Charter House , 450 High Road, Ilford, Essex, IG1 1UF","","","https://www.freightnet.com/profile/12159.htm","No"
"KFL Shipping Services Lt","107 Ashby Road , Hinckley, Leicestershire, LE10 1SQ","","","https://www.freightnet.com/profile/1269.htm","No"
"OceanBlue Logistics Ltd","Trinity House  , Humber Road, Immingham, Lincolnshire, DN40 3DU","","","https://www.freightnet.com/profile/12730.htm","No"
"Linc Freight Management","Unit 1 Beckingham Business Park  , Tolleshunt Major, Maldon, Essex, CM9 8LZ","","","https://www.freightnet.com/profile/18255.htm","No"
"D&S Port Services Limited","Invicta Business Center , Bredgar Road, Gillingham, Kent, ME8 6PG","","","https://www.freightnet.com/profile/14431.htm","No"
"Harman Logistics Limited","33 The City , Woodville, Swadlincote, Derbyshire, DE11 7DH","","","https://www.freightnet.com/profile/61741.htm","No"
"Ocean Express Ltd","Station Road , Maldon, Essex,","","","https://www.freightnet.com/profile/7502.htm","No"
"sambest ltd","156 Eglinton road , elsinore road, woolwich, london, SE18 3SY","","","https://www.freightnet.com/profile/88812.htm","No"
"UK Shipping & Logistics Ltd","145 Beavers Lane , Hounslow, Middlesex, TW4 6HG","","","https://www.freightnet.com/profile/22238.htm","No"
"Freight Unlocked Ltd","The Colchester Centre , Hawkins Road, Colchester, Essex, CO2 8JX","","","https://www.freightnet.com/profile/60176.htm","No"
"R & B GLOBAL LTD","9 BROADMEADOW CLOSE , TOTTON, SOUTHAMPTON, HAMPSHIRE, SO40 8WB","","","https://www.freightnet.com/profile/87965.htm","No"
"Principal Freight Ltd","Falcon House , Central Way, Feltham, Middlesex, TW4 7AG","","","https://www.freightnet.com/profile/87297.htm","No"
"Starlight Iraq","412 Edgeware Road , , London, W2 1ED","","","https://www.freightnet.com/profile/18486.htm","No"
"Kedan Logistics Ltd","7 Haven Exchange , Felixstowe, Suffolk, Suffolk","","","https://www.freightnet.com/profile/17983.htm","No"
"General Shipping Solutions Ltd","UNIT 26  , SPACE BUSINESS CENTRE, Rochester, Kent, ME2 2BF","","","https://www.freightnet.com/profile/53014.htm","No"
"F.A.K International Limited","1st Floor, Rainham House , New Road, Rainham, Essex, RM13 8RE","","","https://www.freightnet.com/profile/16752.htm","No"
"ITAL Logistics Ltd","Units 22/23 Newhaven Business Park , Barton Lane, Eccles, Manchester, M30 0HH","","","https://www.freightnet.com/profile/4542.htm","No"
"Global Transport Logistics Ltd","145-147 Norton Road , Stockton-on-Tees, Cleveland, TS18 2BG","","","https://www.freightnet.com/profile/56434.htm","No"
"Rojay World Freight Ltd","Unit 3 , Eastern Road, Aldershot, Hampshire, GU12 4TD","","","https://www.freightnet.com/profile/578.htm","No"
"ek import export ltd","25 oulton close , hackney, london, e5 9pq","","","https://www.freightnet.com/profile/83355.htm","No"
"Fast Forward International","Bon Accord House , Castle Road, Sittingbourne, Kent, ME10 5SJ","","","https://www.freightnet.com/profile/14085.htm","No"
"FCL UK","Hawthorns House , Halfords Lane, Birmingham, West Midlands, B66 1DW","","","https://www.freightnet.com/profile/54234.htm","No"
"EL Logistics","Building 4 Ladywood Works , Leicester Road, Leicester, Leicestershire, LE17 4HD","","","https://www.freightnet.com/profile/83470.htm","No"
"TPC Freight Management","Suite F6, Phoenix House , Phoenix Crescent, Strathclyde Business Park, Bellshill, Lanarkshire, ML4 3NJ","","","https://www.freightnet.com/profile/22601.htm","No"
"Universal shipping and trading company ltd","unit 2a peckham industrial park , 133 copeland road, london, england, se15 3sn","","","https://www.freightnet.com/profile/82630.htm","No"
"Neptune Shipping Agency Ltd","Higher Sherwell , Sevenstones, Callington, Cornwall, PL17 8HU","","","https://www.freightnet.com/profile/337.htm","No"
"DMS International Ltd","Unit 3 The Links Business Centre , Raynham Road, Bishops Stortford, Hertfordshire, CM23 5NZ","","","https://www.freightnet.com/profile/84.htm","No"
"Redford company","no15 owlayo estate new york , no 16 owlaye estate new york, london, united kingdom, a12bc","","","https://www.freightnet.com/profile/65783.htm","No"
"Far East Logistics Limited","20 Friars Way , Chertsey, Surrey, KT16 8PW","","","https://www.freightnet.com/profile/63230.htm","No"
"First Point Freight Limited","20 Friars Way , Chertsey, Surrey, KT16 8PW","","","https://www.freightnet.com/profile/54018.htm","No"
"Aurora Forwarding & Fulfilment Ltd","Building 4, Ladywood Works , Leicester Road, Lutterworth, Leicester, LE17 4HD","","","https://www.freightnet.com/profile/63888.htm","No"
"Soni International Logistics and Consultancy Limited","Enterprise Centre , Boston Road, Leicester, Leicestershire, LE41HB","","","https://www.freightnet.com/profile/56001.htm","No"
"Aurora Forwarding & Fulfilment limited","Building 4 Ladywood Works , Leicester Road, Lutterworth, Leicestershire, LE17 4HD","","","https://www.freightnet.com/profile/56327.htm","No"
"MSK Logistics Ltd","26 Bonehurst Road , salfords Ind Est., Salfords, surrey, RH1 5ES","","","https://www.freightnet.com/profile/63251.htm","No"
"CITY CARGO SERVICES LTD","UNIT 26 STATION ROAD , Stockport, Cheshire, SK4 3QT","","","https://www.freightnet.com/profile/62728.htm","No"
"G.B. Shipping & Forwarding","Meridian House , Alexandra Dock North, Grimsby, Lincolnshire, DN31 3UA","","","https://www.freightnet.com/profile/18482.htm","No"
"France Line International Transport Ltd","Containerbase , Barton Dock Road, Manchester, Greater Manchester, M41 7BQ","","","https://www.freightnet.com/profile/55006.htm","No"
"2 Ireland Daily Limited","Unit 5 Bedfont Industrial Estate , Bedfont Road, Feltham, Middlesex, TW14 8EE","","","https://www.freightnet.com/profile/60891.htm","No"
"RST International Ltd","Slipway Building , Commercial Road, Lowestoft, Suffolk, NR32 2TE","","","https://www.freightnet.com/profile/12043.htm","No"
"Maurice Ward & Co. (UK) Ltd","Unit 7 Trident Industrial Estate , Blackthorne Road Poyle, Colnbrook, Colwyn Bay, Berkshire, SL3 0AX","","","https://www.freightnet.com/profile/19585.htm","No"
"HE Cargo Ltd","Companies House , 88 Priory Road, Hampton, Middlesex, TW12 2PN","","","https://www.freightnet.com/profile/51753.htm","No"
"Freeport Freight Services Ltd","The Cargo Centre , Isle of Man Airport, Ballasalla, Isle of Man, IM9 2RH","","","https://www.freightnet.com/profile/59981.htm","No"
"Godiva Enterprise Ltd.","317 Cotton Exchange Building , Old Hall Street, Liverpool, Merseyside, L3 9LQ","","","https://www.freightnet.com/profile/16853.htm","No"
"Ocean International Freight Services Ltd","4 Swanwick Business Park , Bridge Road, Southampton, Hampshire, SO31 7GB","","","https://www.freightnet.com/profile/4306.htm","No"
"Cross Ports Europe Ltd","Providing services to & from Europe, Central Asia, Middle East, Far East, especially Afghanistan , P. O. Box 663, St. Albans, Hertfordshire, AL11WW","","","https://www.freightnet.com/profile/6340.htm","No"
"Quay Cargo Services Ltd","83 Dargan Road , Belfast, Antrim,","","","https://www.freightnet.com/profile/8738.htm","No"
"Metropol Ltd","Unit 8 The Argent Centre , Silverdale Road, Hayes, Middlesex, UB3 3BN","","","https://www.freightnet.com/profile/4566.htm","No"
"GCS Freight Ltd","Unit 6 The Planet Centre , Armadale Road, Feltham, London, TW14 0LW","","","https://www.freightnet.com/profile/5682.htm","No"
"Seafast Group","206 York House , 2/4 York Road, Felixstowe, Suffolk, IP11 7SS","","","https://www.freightnet.com/profile/56178.htm","No"
"Linx Logistics ltd","Unit 4 Coburn place , Newland street, Derby, Derbyshire, DE1 1JT","","","https://www.freightnet.com/profile/52841.htm","No"
"Wilson Forwarding","Unit 4 , Basepoint, Ipswich, Ipswich, IP3 9BF","","","https://www.freightnet.com/profile/55007.htm","No"
"EUF Group","29 Main Road , Romford, Essex,","","","https://www.freightnet.com/profile/7710.htm","No"
"Seacrest Shipping Co Ltd","8-10 Paul Street , , London, EC2A 4JH","","","https://www.freightnet.com/profile/2209.htm","No"
"ConneXion World Cargo","Unit 3, Blackburn Trading Estate , Northumberland Close, Stanwell, Middlesex,","","","https://www.freightnet.com/profile/7559.htm","No"
"MALAYSIA KARGO UK LTD","5 TYRELL RISE , Brentwood, Essex, CM14 5LE","","","https://www.freightnet.com/profile/52617.htm","No"
"Greenday Services Limited","26 Nelson House , London Road, Greenhithe, Kent, DA9 9EG","","","https://www.freightnet.com/profile/54430.htm","No"
"Greenday Services Limited","26 Nelson House , London Road, Greenhithe, Kent, DA9 9EG","","","https://www.freightnet.com/profile/54429.htm","No"
"Briton International","Aft House , 3a Wenman Road, Thame, Oxfordshire, OX93UF","","","https://www.freightnet.com/profile/2046.htm","No"
"Windward Marine Services Ltd","The Old Customs House , East Lock, Newport, Gwent, NP20 2NP","","","https://www.freightnet.com/profile/52667.htm","No"
"Greenshields Cowie","Perimeter Road , Knowsley Ind Park North, Liverpool, Merseyside, L33 3BA","","","https://www.freightnet.com/profile/9229.htm","No"
"FS Mackenzie Ltd","Court Block, 1st Floor East Wing , Alexandra Park, Prescot Road, St Helens, Merseyside,","","","https://www.freightnet.com/profile/7204.htm","No"
"Felixstowe Clearance Company","1 Hodgkinson Road , Felixstowe, Suffolk, IP11 3QT","","","https://www.freightnet.com/profile/23993.htm","No"
"Mcauley Freight","23 Hughenden Avenue , Belfast, Antrim, BT15 5DB","","","https://www.freightnet.com/profile/3059.htm","No"
"Fastrack International Ltd","239B Preston Road , Wembley, Middlesex, HA9 8PE","","","https://www.freightnet.com/profile/48855.htm","No"
"Everex Limited","450 Abbey House, Bath Road , Longford, Heathrow, London, UB7 0EB","","","https://www.freightnet.com/profile/22290.htm","No"
"Worldwide Energy Logistics Limited","2nd Floor, Falcon House, Central Way , North Feltham Trading Estate, Feltham, London, TW14 0UQ","","","https://www.freightnet.com/profile/21727.htm","No"
"Outbox Freight Ltd","35 St Paul\'s Square , Birmingham, West Midlands, B3 1QX","","","https://www.freightnet.com/profile/51648.htm","No"
"LV Shipping Ltd","LV House , Walton Avenue, Felixstowe, Suffolk, IP11 3AL","","","https://www.freightnet.com/profile/5351.htm","No"
"N.A Darkens","10 blenheim court stanmore road , richmond surrey,TW9 2DA, London, TW9 2DA, 0044","","","https://www.freightnet.com/profile/51342.htm","No"
"Transglobal Express Ltd","Wirral Business Centre , Dock Road, Birkenhead, Merseyside,","","","https://www.freightnet.com/profile/7702.htm","No"
"F.A.K. International Ltd","Rainham House New Road , Rainham, Essex, RM13 8RA","","","https://www.freightnet.com/profile/5543.htm","No"
"Anglia Forwarding Ltd","The Anglia Centre, Blackwater Close , Fairview Industrial park, Rainham, Essex, RM13 8UA","","","https://www.freightnet.com/profile/644.htm","No"
"World Air group","Dynea Road , Hawthorn, Rhondda Cynon Taff, Wales, CF37 5DN","","","https://www.freightnet.com/profile/51413.htm","No"
"Smart Logistics Limited","Business & Innovation Centre , Sunderland Enterprise Park East, Wearfield, Sunderland, Tyne and Wear,","","","https://www.freightnet.com/profile/7015.htm","No"
"Marco Services Limited","15/17 Swan Street , , Manchester,","","","https://www.freightnet.com/profile/7840.htm","No"
"Murphy Shipping","Unit 3 Boeing Way , Brent Road, Southall, Middlesex, UB2 5LB","","","https://www.freightnet.com/profile/5298.htm","No"
"Clover Shipping Company Limited","Tamchester Buildings , Pretoria Road, Chertsey, Surrey, KT16 9LW","","","https://www.freightnet.com/profile/1683.htm","No"
"Freeway Worldwide Ltd","building 111 , East Midlands Airport, Derbyshire, DE74 2SA","","","https://www.freightnet.com/profile/50903.htm","No"
"Transpacific Forwarding Ltd","Suite 4, Clipper House , Tilbury Freeport, Tilbury, Essex, RM18 7SG","","","https://www.freightnet.com/profile/16315.htm","No"
"Sealandair Transport Company","101 Stephenson Street , Canning Town, London, E16 4SA","","","https://www.freightnet.com/profile/56.htm","No"
"GSG Cargo Limited","Unit 14 , Ham Bridge Trading Estate, Worthing, Sussex, BN14 8NA","","","https://www.freightnet.com/profile/12011.htm","No"
"Woodys Express Parcels","1 Carsegate Road , Carse Industrial Estate, Inverness, Highland,","","","https://www.freightnet.com/profile/6045.htm","No"
"Transped","Transped House , South Harbour, Blyth, Northumberland, NE24 3PB","","","https://www.freightnet.com/profile/48821.htm","No"
"Anchor Freight Ltd","109 Barrie Road , Hillington, Glasgow, Strathclyde, G52 4PX","","","https://www.freightnet.com/profile/45987.htm","No"
"Worldfreight Limited","Unit 4, Greencroft Industrial Park , Annfield Plain, Durham, DH9 7YB","","","https://www.freightnet.com/profile/550.htm","No"
"Redfern Transports Ltd","Containerbase, Valley Farm Way , Wakefield Road, Leeds, Yorkshire, LS10 1SE","","","https://www.freightnet.com/profile/566.htm","No"
"R H Freight Ltd","Lenton Intl Freight , Lenton Lane, Nottingham, Nottinghamshire, NG7 2NR","","","https://www.freightnet.com/profile/568.htm","No"
"Radius Logistic Services Limited","St. Andrews House , St Andrews Road, Bristol, BS11 9DG","","","https://www.freightnet.com/profile/569.htm","No"
"DFDS Transport Limited","West Dock Road , Parkeston Quay, Harwich, Essex, CO12 4SL","","","https://www.freightnet.com/profile/572.htm","No"
"Sayward & Sanderson International Ltd","Monks Hill , Ashford, Kent, TN27 8QN","","","https://www.freightnet.com/profile/575.htm","No"
"Campbell Freight Agencies Ltd","Portview , Belfast Harbour Estate, Belfast, Antrim, BT3 9JU","","","https://www.freightnet.com/profile/576.htm","No"
"Kay O'Neil Ltd","Unit 1, Wyvern Way , Henwood Industrial Estate, Ashford, Kent, TN24 8DW","","","https://www.freightnet.com/profile/577.htm","No"
"Bower Green Ltd","Station Road , Norwood Green, Halifax, Yorkshire, HX3 8QD","","","https://www.freightnet.com/profile/581.htm","No"
"Genesis Forwarding Services Ltd - Gatwick","Unit 3 Kelvin Business Centre , Kelvin Way, Crawley, Sussex, RH10 2SE","","","https://www.freightnet.com/profile/584.htm","No"
"European Freight Services Ltd","European Freight Terminal , Western Docks, Dover, Kent, CT17 9TF","","","https://www.freightnet.com/profile/585.htm","No"
"Genesis Forwarding Services Limited","55 South Street , Eastbourne, Sussex, BN21 4UT","","","https://www.freightnet.com/profile/588.htm","No"
"Dornack International Ltd","The Routemaster Building , Walton Avenue, Felixstowe, Suffolk, IP11 8QU","","","https://www.freightnet.com/profile/592.htm","No"
"Genesis Forwarding Services Limited","Block 130, Unit 2, Nasmyth Road South , Hillington Industrial Estate, Glasgow, Lanarkshire, G52 4RE","","","https://www.freightnet.com/profile/593.htm","No"
"Consort Shipping Ltd","King George Dock , Hull, Yorkshire, HU9 5PR","","","https://www.freightnet.com/profile/599.htm","No"
"R H Stevens (Forwarding) Limited","Gunco Lane , Macclesfield, Cheshire, SK11 7JL","","","https://www.freightnet.com/profile/609.htm","No"
"MS Shipping International Limited","Enterprise House, 34 Faringdon Avenue , Harold Hill, Romford, Essex, RM3 8SU","","","https://www.freightnet.com/profile/610.htm","No"
"R W Freight Limited","7 Bernard Road , Romford, Essex, RM7 0JD","","","https://www.freightnet.com/profile/612.htm","No"
"Concept International Shipping Ltd","Lakeside Building, Alexandra Park , Prescot Road, St Helens, Lancashire, WA10 3TT","","","https://www.freightnet.com/profile/614.htm","No"
"Genesis Forwarding Services Ltd - Heathrow","Units 4-5 Blackburn Trading Estate , Northumberland Close, Stanwell, Middlesex, TW19 7LB","","","https://www.freightnet.com/profile/618.htm","No"
"Barbour European Ltd","Munro Road , Springkerse Industrial, Stirling, FK7 7BA","","","https://www.freightnet.com/profile/619.htm","No"
"Transaction International Ltd","Unit 2B, Drakes Drive , Long Crendon Industrial Estate, Long Crendon, Aylesbury, Buckinghamshire, HP18 9BA","","","https://www.freightnet.com/profile/620.htm","No"
"CBI Freight Ltd","Scot Lane Industrial Estate , Scot Lane, Blackrod, Bolton, Lancashire, BL6 5SL","","","https://www.freightnet.com/profile/622.htm","No"
"Eurogate Int'l Forwarding Co Ltd","11&13 Bourne Court , Woodford Green, London, IG8 8HD","","","https://www.freightnet.com/profile/627.htm","No"
"Brooklands Intl Freight Services Ltd","Unit 9, Orchard Business Centre , Kangley Bridge Road, London, SE26 5AQ","","","https://www.freightnet.com/profile/629.htm","No"
"Rulewave (UK) Ltd","1st Floor , 15 Bunhill Row, London, EC1Y 9LP","","","https://www.freightnet.com/profile/633.htm","No"
"Skyport Airfreight Ltd","Unit 3, Acton Vale Industrial Park , Cowley Road, London, W3 7XA","","","https://www.freightnet.com/profile/635.htm","No"
"Transcare Europe","Millmarsh Lane , Brimsdown, Enfield, London, EN3 7UR","","","https://www.freightnet.com/profile/636.htm","No"
"World Transport Agency Ltd","Thameside House, Kingsway Business Park , Oldfield Road, Hampton, Middlesex, TW12 2HD","","","https://www.freightnet.com/profile/637.htm","No"
"World Transhipment Services Limited","Unit 4A/B , Gatwick Metro Centre, Horley, Surrey, RH6 9GA","","","https://www.freightnet.com/profile/638.htm","No"
"Europa Shipping Services (Newcastle) Ltd.","1 Dock Road , Tweedmouth, Berwick-Upon-Tweed, Northumberland, TD15 2BG","","","https://www.freightnet.com/profile/805.htm","No"
"Transcar Projects Ltd","Berwick House , 8 - 10 Knoll Rise, Orpington, Kent, BR6 0EL","","","https://www.freightnet.com/profile/807.htm","No"
"Mach 2 Shipping Limited","Unit 12, Shield Road , Ashford Industrial Estate, Ashford, Middlesex, TW15 1AU","","","https://www.freightnet.com/profile/1002.htm","No"
"Dalton International","Innswood House , 120 High Street, Clophill, Bedfordshire, MK45 4BJ","","","https://www.freightnet.com/profile/1104.htm","No"
"Findlay Freight Solutions","Lismore , Seafield Road, Blackburn, West Lothian, EH47 7AG","","","https://www.freightnet.com/profile/1135.htm","No"
"Morrison Freight Ltd.","Morrison House , Addison Way, Great Blakenham, Suffolk, IP7 5JB","","","https://www.freightnet.com/profile/1333.htm","No"
"Made In Europe Express Limited","Nelson House , Motherwell Way, West Thurrock, Essex, RM20 3XD","","","https://www.freightnet.com/profile/1835.htm","No"
"DFDS Transport Limited","Maidstone Road , Kingston, Milton Keynes, Buckinghamshire, MK10 0AJ","","","https://www.freightnet.com/profile/2032.htm","No"
"Vantrans European","Unit 12 , Croft Avenue, Crossflatts, Bingley, Yorkshire, BD16 2DT","","","https://www.freightnet.com/profile/2283.htm","No"
"Macgregor Europe Ltd","Logistics Centre , Gisburn Road, Barrowford, Lancashire, BB9 8NB","","","https://www.freightnet.com/profile/2290.htm","No"
"Thame Freight Services Ltd","15 Clarendon Drive , Thame, Oxfordshire, OX9 3XP","","","https://www.freightnet.com/profile/2352.htm","No"
"Express Export Services Ltd","Arlette House , 143 Wardour Street, London, W1V 3TB","","","https://www.freightnet.com/profile/2503.htm","No"
"Cavalier International Transport","38 Rydens Road , Walton-On-Thames, Surrey, KT12  3DL","","","https://www.freightnet.com/profile/2538.htm","No"
"Spectrum Forwarding","58-60 Edward Road , New Barnet, Hertfordshire, AL9 7NG","","","https://www.freightnet.com/profile/2587.htm","No"
"M & M Redhead","Gallions Close , Thames Road, Barking, Essex, IG11 0JD","","","https://www.freightnet.com/profile/2613.htm","No"
"Diamond Forwarding Ltd","The Mill Horton Road , Stanwell Moor, Staines, Surrey, TW19 6BJV","","","https://www.freightnet.com/profile/2969.htm","No"
"Key Air & Sea","Unit 17, Brook Industrial Estate , Bullsbrook Road, Hayes, Middlesex, UB4 0JZ","","","https://www.freightnet.com/profile/3002.htm","No"
"Coolload Ltd","Bicton Farm , St. Ishmaels, Haverfordwest, Pembrokeshire, SA62 3DR","","","https://www.freightnet.com/profile/3046.htm","No"
"One World Express Inc. Ltd","Brookford House , 9 Arkwright Road, Colnbrook, Berkshire, SL3 0HJ","","","https://www.freightnet.com/profile/3177.htm","No"
"Paragon Freight","Dunolly House , 142 Manse Road, Newmains, Lanarkshire, ML9 2BL","","","https://www.freightnet.com/profile/3237.htm","No"
"General Express Limited","Global House, Poyle Road , Colnbrook, Berkshire, SL3 0AY","","","https://www.freightnet.com/profile/3461.htm","No"
"Sea Wing Cargo Ltd","Unit 10 Sky Business Park , Eversley Way, Crabtree Rd, Egham, Surrey, TW20 8RF","","","https://www.freightnet.com/profile/3702.htm","No"
"European Cargo Systems","Unit G , Birch Ind. Pk., Heywood, Lancashire, OL10 2SX","","","https://www.freightnet.com/profile/3737.htm","No"
"Access Spedition & International Forwarding Limited","Queens Square Business Park , Honley, Holmfirth, Yorkshire, HD9 6QZ","","","https://www.freightnet.com/profile/4246.htm","No"
"Skytrader Ltd","Rowington House , Rowington Green, Rowington, Warwickshire, CV35 7BD","","","https://www.freightnet.com/profile/4348.htm","No"
"Thamesport (London) Ltd","Isle Of Grain , Rochester, Kent, ME3 0EP","","","https://www.freightnet.com/profile/4586.htm","No"
"Three Worlds (Fwdg) Ltd","Victoria Buildings, 57/ 59 Poulton St , Kirkham, Preston, Lancashire, PR4 2AP","","","https://www.freightnet.com/profile/4638.htm","No"
"Rosewood Trucking Limited","Unit 7 Seddon Place , Stanley Industrial Estate, Skelmersdale, Lancashire, WN8 8EB","","","https://www.freightnet.com/profile/4688.htm","No"
"Lloyds Express Limited","Unit 7 Seddon Place , Stanley Industrial Estate, Skelmersdale, Lancashire, WN8 8EB","","","https://www.freightnet.com/profile/4689.htm","No"
"NTS International Express Ltd","3 Capel Close , Fairwood Ind Est, Leacon Road, Ashford, Kent, TN23 4GY","","","https://www.freightnet.com/profile/4710.htm","No"
"Premier Shipping & Packing Ltd","Unit 8  Goodwood Road , Boyatt Wood Industrial Est  Eastleigh, Southampton, Hampshire, SO50 4NT","","","https://www.freightnet.com/profile/4819.htm","No"
"Freightlink Logistics (Uk) Ltd","Charnwood Edge, Syston Road , Cossington, Leicester, Leicestershire, LE7 4UZ","","","https://www.freightnet.com/profile/5046.htm","No"
"Excel Ocean Services Limited","Excel House , 1 Hornminster Glen, Hornchurch, Essex, RM11 3XL","","","https://www.freightnet.com/profile/5113.htm","No"
"Liver Freight Agency Ltd.","Go8 Cotton Exchange Building , Old Hall Street, Liverpool, Merseyside, L3 9JR","","","https://www.freightnet.com/profile/5327.htm","No"
"AI International","5, Normans Mead , Neasden, London, NW10 0QG","","","https://www.freightnet.com/profile/5641.htm","No"
"Overall Express Limited","Unit 672 , North Feltham Trading Estate, Feltham, London,","","","https://www.freightnet.com/profile/6862.htm","No"
"Logistics Transport Ltd","Unit 3, South Devon Barn , Home Farm Business Park, The Loseley Estate, Guildford, Surrey,","","","https://www.freightnet.com/profile/6904.htm","No"
"Ecotrans Limited","Scandinavian Way , Stallingborough, Grimsby, Lincolnshire,","","","https://www.freightnet.com/profile/7110.htm","No"
"DFDS Transport (UK) Ltd","Stonehouse Lane , Purfleet, Essex,","","","https://www.freightnet.com/profile/7119.htm","No"
"Dooley Rumble Group Ltd","Claydon Business Park , Great Blakenham, Ipswich, Suffolk,","","","https://www.freightnet.com/profile/7151.htm","No"
"Team Worldwide","Unit 7 Capricorn Centre , Basildon, Essex,","","","https://www.freightnet.com/profile/7172.htm","No"
"Binoray Limited","Elm Grove , Wimbledon, London,","","","https://www.freightnet.com/profile/7207.htm","No"
"Davies Turner & Co Limited","Calder Way , Colnbrook, Slough, Berkshire,","","","https://www.freightnet.com/profile/7210.htm","No"
"Davies Turner & Co Limited","Dartford Freight Terminal , Crossways, Dartford, Kent,","","","https://www.freightnet.com/profile/7211.htm","No"
"Samphire Cargo Ltd","27 Castle Street , Dover, Kent,","","","https://www.freightnet.com/profile/7491.htm","No"
"Metro Shipping Limited","50 Cliveland street , Birmingham, West Midlands,","","","https://www.freightnet.com/profile/7503.htm","No"
"Eddie Stobart Ltd","Brunthill Road , Kingstown Industrial Estate, Carlisle, Cumbria,","","","https://www.freightnet.com/profile/7838.htm","No"
"Charles Kendall","7 Albert Court , Prince Consort, London, SW7 2BJ","","","https://www.freightnet.com/profile/7957.htm","No"
"Graylaw Freight Limited","Gillibrands Road , Skelmersdale, Lancashire, WN8 9TA","","","https://www.freightnet.com/profile/8277.htm","No"
"Universal Express","139  141 Hamilton Road , Felixstowe, Suffolk,","","","https://www.freightnet.com/profile/8397.htm","No"
"Speednet International Ltd","160 Ross Road , Hereford, Herefordshire,","","","https://www.freightnet.com/profile/8535.htm","No"
"DS Freight Services Ltd","The Mill, Horton Road , Stanwell Moor, Middlesex,","","","https://www.freightnet.com/profile/8617.htm","No"
"In Time Movements Ltd","Unit D, Horton Trading Estate , Stanwell Road, Horton, Colnbrook, Berkshire,","","","https://www.freightnet.com/profile/8884.htm","No"
"FWX Eton Freight Limited","Cranbtree Road , Thorpe, Surrey, TW20 8RS","","","https://www.freightnet.com/profile/9484.htm","No"
"DFDS Transport Ltd","Kingsbury Link , Trinity Road, Piccadilly, Tamworth, Staffordshire, B78 3EX","","","https://www.freightnet.com/profile/9570.htm","No"
"PDQ Freight Ltd","Unit 4, Courtyard 1 , Challenge Road, Ashford, Middlesex, TW15 1AX","","","https://www.freightnet.com/profile/9571.htm","No"
"Benfleet Forwarding Co","Unit 5 Basildon Business Centre , Bentalls, Basildon, Essex, SS14 3FT","","","https://www.freightnet.com/profile/9622.htm","No"
"V-One","Trident One , Styal Road, Manchester, M22 5XB","","","https://www.freightnet.com/profile/9732.htm","No"
"Whitby Shipping Services Ltd","St Hildas Business Centre , Whitby, Yorkshire, YO22 4ET","","","https://www.freightnet.com/profile/9753.htm","No"
"Freightbrain International Ltd","Unit 1 Wheaton Court , Eastern Industrial Estate, Witham, Essex, CM8 3UJ","","","https://www.freightnet.com/profile/9821.htm","No"
"Ainsworth & Martin (Preston) Ltd","Crossley House, Leyland Rd , Penwortham, Preston, Lancashire, PR1 9QP","","","https://www.freightnet.com/profile/9837.htm","No"
"Biocair","The Business Centre , Church End, Cherry Hinton, Cambridgeshire, CB1 3LB","","","https://www.freightnet.com/profile/9879.htm","No"
"DFDS Transport Limited","5th Floor, Park House , Well Street, Bradford, Yorkshire, BD1 5PS","","","https://www.freightnet.com/profile/9919.htm","No"
"DFDS Transport Limited","International Trading Estate , Third Way, St Andrews Road, Bristol, BS11 9HL","","","https://www.freightnet.com/profile/9920.htm","No"
"DFDS Transport Limited","3 Bothwell Park Industrial Estate , Uddingston, Glasgow, Lanarkshire, G71 6NZ","","","https://www.freightnet.com/profile/9923.htm","No"
"DFDS Transport Limited","International Ferry Terminal , Royal Quays, North Shields, Tyne and Wear, NE29 6EE","","","https://www.freightnet.com/profile/9924.htm","No"
"DFDS Transport Limited","Eastfield Road , South Killingholme, Immingham, Lincolnshire, DN40 3DR","","","https://www.freightnet.com/profile/9925.htm","No"
"DFDS Transport Limited","10, Brunel Way , Segensworth East Industrial Estate, Fareham, Hampshire, PO15 5TX","","","https://www.freightnet.com/profile/9926.htm","No"
"DFDS Transport Limited","Touchet Hall Road , Stakehill Industrial Estate, Middleton, Manchester, M24 2SJ","","","https://www.freightnet.com/profile/9927.htm","No"
"Johnson Partners Ltd","North Sea Supply Base, Dinsdale House , Riverside Park Road, Middlesbrough, Yorkshire, TS2 1UT","","","https://www.freightnet.com/profile/10053.htm","No"
"OCS Worldwide","1 Galleywall Road , , London, SE16 3PB","","","https://www.freightnet.com/profile/10065.htm","No"
"Arrow Logistics","12 Amundsen Ave , Bradford, Yorkshire, BD2 1HW","","","https://www.freightnet.com/profile/10293.htm","No"
"Afritrade Europe Ltd","Unit E1 Pylon Trading Estate , Cody Road, London, E16 4SP","","","https://www.freightnet.com/profile/10392.htm","No"
"Lobina Transport Services","Nutbrook House , Shipley Common Lane, Ilkeston, Derbyshire, DE7 8TP","","","https://www.freightnet.com/profile/10405.htm","No"
"APS Freight Ltd","Lord Warden House , Western Docks, Dover, Kent, CT17 9EQ","","","https://www.freightnet.com/profile/10452.htm","No"
"Hughes Logistics Ltd","Unit 1a & 1b , Learoyd Road, New Romney, Kent, TN28 8XU","","","https://www.freightnet.com/profile/10919.htm","No"
"Mtec Freight Services","Drayton Manor Business Park , Coleshill Road, Tamworth, Staffordshire, B78 3TL","","","https://www.freightnet.com/profile/11046.htm","No"
"CV Freight Ltd","Unit 19, Shield Road , Ashford, Middlesex, TW15 1AU","","","https://www.freightnet.com/profile/11073.htm","No"
"Liberty Shipping Limited","Unit 7, Atlas Business Centre , Oxgate Lane, London, NW2 7HJ","","","https://www.freightnet.com/profile/11190.htm","No"
"FV International Ltd","R.I.F.T., Childerditch Lane , West Horndon, Essex, CM13 3ED","","","https://www.freightnet.com/profile/11309.htm","No"
"M.C.Interfreight Ltd","Seaton View House , Delaval Freight Terminal, Newcastle, Tyne and Wear, NE25 0PP","","","https://www.freightnet.com/profile/11818.htm","No"
"Baxtermead Ltd","54/56 Castle Street , Dover, Kent, CT16 1PJ","","","https://www.freightnet.com/profile/11826.htm","No"
"Straight Freight (Manchester) Ltd","Unit 16 Textilose Road , Trafford Park, Manchester, M17 1WA","","","https://www.freightnet.com/profile/12240.htm","No"
"R H Freight Ltd","Unit 79 Leeds Container Base , Valley Farm Way, Leeds, Yorkshire, LS10 1SE","","","https://www.freightnet.com/profile/12317.htm","No"
"Quality Freight Services Ltd","Unit 1, Peel House , Taunton Street, Shipley, Yorkshire, BD18 3NA","","","https://www.freightnet.com/profile/12347.htm","No"
"Quality Freight Services","Unit 1 Peel House , Taunton Street, Bradford, Yorkshire, BD13 3BA","","","https://www.freightnet.com/profile/12642.htm","No"
"Multi-Route Cargo Limited","PO Box 287 , Chertsey, Surrey, KT16 8FA","","","https://www.freightnet.com/profile/12851.htm","No"
"Kakotel Ltd","106 A, London Road , Portsmouth, Hampshire, PO12","","","https://www.freightnet.com/profile/13059.htm","No"
"EuroTurk Freight Solutions Ltd","Unit 2, Alms Close , Stukeley Meadows Ind Est, Huntingdon, Cambridgeshire, PE29 6DY","","","https://www.freightnet.com/profile/13173.htm","No"
"Arrowlink Express Ltd","Sub Station Road , Felixstowe, Suffolk, IP11 3JB","","","https://www.freightnet.com/profile/13494.htm","No"
"Universal Shipping Services Ltd","68 Lombard Street , Digbeth, Birmingham, West Midlands, B12 0QR","","","https://www.freightnet.com/profile/13738.htm","No"
"Express Worldwide Glasgow","20 Greenock Ave , Glasgow, Lanarkshire, G44 5TS","","","https://www.freightnet.com/profile/13818.htm","No"
"Assured Transport Solutions Ltd","Building 116, Royal Armament , R&D Establishment, Chobham Lane, Chertsey, Surrey, KT16 0EE","","","https://www.freightnet.com/profile/13826.htm","No"
"White Rose International Forwarding Ltd","Unit 2 Cross Lane Industrial Estate , Upper Wortley Drive, Leeds, Yorkshire, LS12 4JA","","","https://www.freightnet.com/profile/13922.htm","No"
"LK Worldwide","Unit A2 Lympne Distribution Park , Otterpool Lane, Hythe, Kent, CT21 4LR","","","https://www.freightnet.com/profile/13924.htm","No"
"Hughes Logistics Ltd","Unit 1a & 1b Learoyd Road , Mountfield Industrial Estate, New Romney, Kent, TN28 8XU","","","https://www.freightnet.com/profile/14226.htm","No"
"ABX Logistics UK Ltd","Cygnus Point , Black Country New Road, West Bromwich, West Midlands, B70 0BD","","","https://www.freightnet.com/profile/14430.htm","No"
"Thunderbird Freight Ltd","Cereal House, Grain Terminal , Tilbury Docks, Essex, RM18 7LR","","","https://www.freightnet.com/profile/50963.htm","No"
"Supply Chain Solutions UK Limited","19 Field Lane, Willersey , Broadway, Worcestershire, WR12 7QB","","","https://www.freightnet.com/profile/16118.htm","No"
"GAC Benair Logistics","Building 301, World Freight Terninal , Manchester Airport, Manchester, M90 5BF","","","https://www.freightnet.com/profile/16196.htm","No"
"Ewals Cargo Care Ltd","Charter Court , Stephenson Road, Colchester, Essex, C04 9QE","","","https://www.freightnet.com/profile/16236.htm","No"
"Barrington Freight Ltd","Unit 21, Alpha Centre , 238 London Road, Wickford, Essex, SS12 0JX","","","https://www.freightnet.com/profile/16884.htm","No"
"Tuscor Lloyds","Tuscor House, Enterprise Trading Estate, Guinness Road , Trafford Park, Manchester, M17 1SD","","","https://www.freightnet.com/profile/17022.htm","No"
"Mimco Container Lines","No. 68, Cranborne Road , Barking, Essex, IG11 7XE","","","https://www.freightnet.com/profile/17045.htm","No"
"F V International Limited","R.I.F.T., Childerditch Lane , West Horndon, Brentwood, Essex, CM13 3ED","","","https://www.freightnet.com/profile/17565.htm","No"
"Real Logistic Solutions Limited","Bolas House , Cheapside, Wakefield, Yorkshire, WF1 2SD","","","https://www.freightnet.com/profile/17879.htm","No"
"Queensway Land & Sea Ltd","10 Queensway , Southampton, Hampshire, SO14 3AZ","","","https://www.freightnet.com/profile/17937.htm","No"
"SJA Group","23 Robin Lane , Edgmond, Newport, Shropshire, TF10 8JH","","","https://www.freightnet.com/profile/18274.htm","No"
"Trader Shipping Ltd","4 Schneider Close , Carr Road Commercial Centre, Felixstowe, Suffolk, IP11 3SS","","","https://www.freightnet.com/profile/18347.htm","No"
"4Logistics Ltd","2nd Floor , 145-157 St Johns Street, London, EC1V 4PY","","","https://www.freightnet.com/profile/18957.htm","No"
"Heritage International Freight Ltd","Unit 1 & 2 Chesterfield Way , Hayes, Middlesex, UB3 3NW","","","https://www.freightnet.com/profile/19097.htm","No"
"Woodland Group Ltd","Anglia Cargo Terminal , Priors Way, Coggeshall, Essex, CO6 1TL","","","https://www.freightnet.com/profile/19304.htm","No"
"Logistics Transport","Luton Rd , Luton, Bedfordshire, Lu7","","","https://www.freightnet.com/profile/19465.htm","No"
"Savino Del Bene (U.K.) Ltd","Frontier House - Pier Road , North Feltham Trading Estate, Feltham, Middlesex, TW14 0TW","","","https://www.freightnet.com/profile/19600.htm","No"
"Whalin Logistics Ltd","Unit 5 Polygon Business Centre , David Road, Colnbrook, Conisbrough, Berkshire, SL3 0QT","","","https://www.freightnet.com/profile/19712.htm","No"
"Westhaven Worldwide Logistics","Westhaven House, Arleston Way, Shirley , Solihull, Birmingham, West Midlands, B90 4LH","","","https://www.freightnet.com/profile/19967.htm","No"
"Universal Deliveries","261 , Lordship Lane, London, N17 6AA","","","https://www.freightnet.com/profile/20257.htm","No"
"Hartsmere Logistics Limited","6 Hardwick Business Park , Hardwicke Road, Great Gransden, Cambridgeshire, SG19 3BJ","","","https://www.freightnet.com/profile/20291.htm","No"
"Advance Movement Services","Unit G, Scotswood park , Forsyth Road, Woking, Surrey, GU21 5SU","","","https://www.freightnet.com/profile/20369.htm","No"
"Phoenix International Freight Services Ltd","16A Manchester International Office Centre , Styal Road, Manchester, M22 5WB","","","https://www.freightnet.com/profile/20468.htm","No"
"Air Action International","Crabtree Road , Thorpe, Egham, Surrey, TW20 8RS","","","https://www.freightnet.com/profile/20587.htm","No"
"Global Cargo Solutions","Asfordby House , St Bartholomews Way, Melton Mowbray, Leicestershire, LE14 3JL","","","https://www.freightnet.com/profile/20621.htm","No"
"Davies, Turner & Co Ltd","Unit 9/10 , Brickfield Trading Estate, Huyton, Merseyside, L36 6HY","","","https://www.freightnet.com/profile/20679.htm","No"
"Barrington Freight Ltd","Unit 21, Alpha Centre , 238 London Road, Wickford, Essex, SS12 0JX","","","https://www.freightnet.com/profile/20853.htm","No"
"Road Sea & Air Logistics Limited","Units 219-220 , Western International Market, Southall, Middlesex, UB2 5XH","","","https://www.freightnet.com/profile/20869.htm","No"
"Global Freight & Logistics Network Ltd","Moulsham Court , 39 Moulsham Street, Chelmsford, Essex, CM2 0HY","","","https://www.freightnet.com/profile/20884.htm","No"
"Santova Logistics Limited","Churchill House, Horndon Business Park, West Horndon, Brentwood, Essex, CM13 3XD","","","https://www.freightnet.com/profile/21720.htm","No"
"Custom Freight Services Limited","Anchor Court , Finchley Road, Grays, Essex, RM17 6RQ","","","https://www.freightnet.com/profile/22099.htm","No"
"Kingsway Freight Solutions Ltd","Unit 4, Link 20 Business Park , Bellingham Way, New Hythe, Maidstone, Kent, ME20 6SP","","","https://www.freightnet.com/profile/22323.htm","No"
"FV International Ltd","Hornblower House, Galleymead Road , Colnbrook, Buckinghamshire, SL3 0EN","","","https://www.freightnet.com/profile/22674.htm","No"
"Coolload Ltd","27 Ryder Street , Cardiff, Vale of Glamorgan, CF11 9BS","","","https://www.freightnet.com/profile/22786.htm","No"
"Scanwell Logistics (UK) Limited","62, Leopold Road , Felixstowe, Suffolk, IP11 7NR","","","https://www.freightnet.com/profile/22864.htm","No"
"Bespoke Logistics Limited","Bowler House , Harvey Road, Basildon, Essex, SS13 1DD","","","https://www.freightnet.com/profile/23069.htm","No"
"Eurofreight Shipping Agencies Ltd","Unit 4 Coombswood Court , Steelpark Rd, Halesowen, West Midlands, B62 8BF","","","https://www.freightnet.com/profile/23122.htm","No"
"FT Groupage Ltd","Units 5&6, Oldbury Point , Rood End Road, Oldbury, West Midlands, B69 4HT","","","https://www.freightnet.com/profile/23563.htm","No"
"Ecosse World Express Limited","Unit 11 Airlink Industrial Estate , Inchinnan Road, Paisley, Lanarkshire, PA3 2RS","","","https://www.freightnet.com/profile/23645.htm","No"
"FRANCE LINE","Containerbase , Barton dock road - Umrston, Manchester, Manchester, M41 7BQ","","","https://www.freightnet.com/profile/23771.htm","No"
"International Forwarding Ltd","Station Road , Coleshill, Birmingham, West Midlands, B46 1HT","","","https://www.freightnet.com/profile/50762.htm","No"
"DS Freight","The Mill, Horton Road , Stanwell Moor, Middlesex, TW19 6BJ","","","https://www.freightnet.com/profile/53266.htm","No"
"Amiri Cargo","207-211 The Vale , Acton, London, London, W3 7QS","","","https://www.freightnet.com/profile/55171.htm","No"
"LOGISTAT (UK) LIMITED","Mansley Business Centre , Stratford Upon Avon, Warwickshire, CV37 9NQ","","","https://www.freightnet.com/profile/55639.htm","No"
"Tim UK (Binoray) Ltd","Suite 202 , 27 Austin Friars, London, UK, ec2n2qp","","","https://www.freightnet.com/profile/56985.htm","No"
"Trust Logistics Limited","14 Seaton Road , Mitcham, Surrey, CR43ER","","","https://www.freightnet.com/profile/57183.htm","No"
"ASHA Freight","Advantage Business Centre , 132 - 134 Great Ancoats Street, Manchester, Greater Manchester, M4 6DE","","","https://www.freightnet.com/profile/64940.htm","No"
"Cosmotrans International Ltd","9 Felthambrook Industrial Estate , Felthambrook Way, Feltham, Middlesex, TW13 7DU","","","https://www.freightnet.com/profile/89170.htm","No"
"FelkerTrans Ltd.","International House , London, London, E3 2SJ","","","https://www.freightnet.com/profile/89713.htm","No"
"TGL Logistics Limited","Connect House , 21 Willow Lane, Surrey, Surrey, CR4 4NA","","","https://www.freightnet.com/profile/90623.htm","No"
"Pallet2Ship","2nd Floor , Heathrow Cube, Colnbrook, Berkshire, SL3 0HJ","","","https://www.freightnet.com/profile/99557.htm","No"
"Pro Global Freight Solutions","Units 1 & 2 Altens Lorry Park , Aberdeen, Moray, AB12 3LE","","","https://www.freightnet.com/profile/102669.htm","No"
"CENTRAL WAREHOUSING SOLUTIONS LTD","unit 10 Hatton close , moulton park industrial estate, northampton, northants, nn36su","","","https://www.freightnet.com/profile/105595.htm","No"
"Churchill Transport Ltd","Hanama House , Britannia Way, London, Greater London, NW10 7PR","","","https://www.freightnet.com/profile/112940.htm","No"
"DHL Global Forwarding","Augustine Close , Blackthorne Rd, Poyle, Berkshire, SL3 0ER","","","https://www.freightnet.com/profile/117310.htm","No"
"Bradford Transport","15 Greyfriar Walk , Bradford, West Yorkshire, BD7 4BD","","","https://www.freightnet.com/profile/128750.htm","No"
"Barsan Global Logistics","ProLogis , Coventry, Warickshire, CV6 4QG","","","https://www.freightnet.com/profile/130097.htm","No"